record_id,cycle_id,position_id,timestamp,stock,symbol,regime,bucket,strategy,source,composite_score,individual_scores,buy_votes,sell_votes,confluence_count,passed_score,passed_votes,passed_regime,passed_structure,passed_risk,passed_capital,executed,decision,execution_result,rejection_stage,rejection_reason,decision_timestamp,entry_price,quantity,capital_used,trade_source,exit_price,exit_time,exit_reason,holding_days,realized_pnl,pnl_pct,outcome,last_updated,created_at
904939f4c499491bbdb4835007d4c271,20260711_230446,,2026-07-11 23:07:18,RELIANCE,RELIANCE.NS,SIDEWAYS ↔️,,,PAPER,42,"{'Trend': 32, 'Momentum': 25, 'Volatility': 50, 'Signal': 32, 'Regime': 50, 'Rel. Strength': 50, 'Fundamental': 50, 'Sentiment': 50, 'Volume': 25, 'Candlestick': 58, 'Mkt Structure': 48, 'FII/DII': 70}",,,,,,,,,,,NO_TRADE,NO_TRADE,SCORE_GATE,Score 42/100 below minimum 50/100. No bucket would accept this.,2026-07-11 23:07:18,,,,PAPER,,,,,,,,2026-07-11 23:07:18,2026-07-11 23:07:18
68e55e4dfbb949aeb6cdbc5e3da2a2f2,20260711_230446,,2026-07-11 23:07:21,TCS,TCS.NS,SIDEWAYS ↔️,,,PAPER,46,"{'Trend': 25, 'Momentum': 75, 'Volatility': 60, 'Signal': 32, 'Regime': 50, 'Rel. Strength': 50, 'Fundamental': 50, 'Sentiment': 50, 'Volume': 55, 'Candlestick': 50, 'Mkt Structure': 0, 'FII/DII': 70}",,,,,,,,,,,NO_TRADE,NO_TRADE,SCORE_GATE,Score 46/100 below minimum 50/100. No bucket would accept this.,2026-07-11 23:07:21,,,,PAPER,,,,,,,,2026-07-11 23:07:21,2026-07-11 23:07:21
1c2114ff74234d898f1d14440aedd55c,20260711_230446,,2026-07-11 23:09:13,HDFCBANK,HDFCBANK.NS,SIDEWAYS ↔️,Intraday,,PAPER,55,"{'Trend': 85, 'Momentum': 65, 'Volatility': 30, 'Signal': 68, 'Regime': 50, 'Rel. Strength': 50, 'Fundamental': 50, 'Sentiment': 50, 'Volume': 30, 'Candlestick': 50, 'Mkt Structure': 28, 'FII/DII': 70}",1.0,0.0,,,,,,,,,NO_TRADE,NO_TRADE,EXECUTION_RULE,❌ **HDFCBANK** REJECTED for Intraday | Score: 59/100 | Votes: 1/4 Reasons: Portfolio risk gate: 🛑 Blocked: Intraday bucket drawdown: -20.4% (limit: -10.0%). Bucket paused — no new entries until losses recover. Existing positions continue unaffected.,2026-07-11 23:09:13,,,,PAPER,,,,,,,,2026-07-11 23:09:13,2026-07-11 23:09:13
ee72f2068ec4497b871ae0db69b300e4,20260711_230446,,2026-07-11 23:09:16,INFY,INFY.NS,SIDEWAYS ↔️,,,PAPER,49,"{'Trend': 45, 'Momentum': 75, 'Volatility': 50, 'Signal': 68, 'Regime': 50, 'Rel. Strength': 50, 'Fundamental': 50, 'Sentiment': 50, 'Volume': 20, 'Candlestick': 46, 'Mkt Structure': 15, 'FII/DII': 70}",,,,,,,,,,,NO_TRADE,NO_TRADE,SCORE_GATE,Score 49/100 below minimum 50/100. No bucket would accept this.,2026-07-11 23:09:16,,,,PAPER,,,,,,,,2026-07-11 23:09:16,2026-07-11 23:09:16
d1ba19c04c134a0a8e9ab01d33f3b8d7,20260711_230446,,2026-07-11 23:09:19,ICICIBANK,ICICIBANK.NS,SIDEWAYS ↔️,—,,PAPER,51,"{'Trend': 75, 'Momentum': 15, 'Volatility': 40, 'Signal': 68, 'Regime': 50, 'Rel. Strength': 50, 'Fundamental': 50, 'Sentiment': 50, 'Volume': 20, 'Candlestick': 58, 'Mkt Structure': 61, 'FII/DII': 70}",1.0,0.0,,,,,,,,,NO_TRADE,NO_TRADE,EXECUTION_RULE,"No suitable bucket for ICICIBANK. Score 51/100, 1/4 strategies agree — signal is too weak for any bucket. Wait for a stronger setup.",2026-07-11 23:09:19,,,,PAPER,,,,,,,,2026-07-11 23:09:19,2026-07-11 23:09:19
2df00aa3f26440aaa8ce5719d6116db6,20260711_230446,,2026-07-11 23:09:21,HINDUNILVR,HINDUNILVR.NS,SIDEWAYS ↔️,,,PAPER,47,"{'Trend': 48, 'Momentum': 25, 'Volatility': 60, 'Signal': 15, 'Regime': 50, 'Rel. Strength': 50, 'Fundamental': 50, 'Sentiment': 50, 'Volume': 60, 'Candlestick': 50, 'Mkt Structure': 55, 'FII/DII': 70}",,,,,,,,,,,NO_TRADE,NO_TRADE,SCORE_GATE,Score 47/100 below minimum 50/100. No bucket would accept this.,2026-07-11 23:09:21,,,,PAPER,,,,,,,,2026-07-11 23:09:21,2026-07-11 23:09:21
f374e6952b524d41adfd559e5b759426,20260711_230446,,2026-07-11 23:10:09,SBIN,SBIN.NS,SIDEWAYS ↔️,Intraday,,PAPER,55,"{'Trend': 68, 'Momentum': 25, 'Volatility': 50, 'Signal': 68, 'Regime': 50, 'Rel. Strength': 50, 'Fundamental': 50, 'Sentiment': 50, 'Volume': 40, 'Candlestick': 50, 'Mkt Structure': 91, 'FII/DII': 70}",1.0,0.0,,,,,,,,,NO_TRADE,NO_TRADE,EXECUTION_RULE,❌ **SBIN** REJECTED for Intraday | Score: 43/100 | Votes: 1/4 Reasons: Portfolio risk gate: 🛑 Blocked: Intraday bucket drawdown: -20.4% (limit: -10.0%). Bucket paused — no new entries until losses recover. Existing positions continue unaffected.,2026-07-11 23:10:09,,,,PAPER,,,,,,,,2026-07-11 23:10:09,2026-07-11 23:10:09
a77bfbc9d20142bb90f3c7a4a8d7485b,20260711_230446,,2026-07-11 23:10:58,BHARTIARTL,BHARTIARTL.NS,SIDEWAYS ↔️,Intraday,,PAPER,62,"{'Trend': 75, 'Momentum': 75, 'Volatility': 40, 'Signal': 68, 'Regime': 50, 'Rel. Strength': 50, 'Fundamental': 50, 'Sentiment': 50, 'Volume': 65, 'Candlestick': 50, 'Mkt Structure': 81, 'FII/DII': 70}",1.0,0.0,,,,,,,,,NO_TRADE,NO_TRADE,EXECUTION_RULE,❌ **BHARTIARTL** REJECTED for Intraday | Score: 72/100 | Votes: 1/4 Reasons: Portfolio risk gate: 🛑 Blocked: Intraday bucket drawdown: -20.4% (limit: -10.0%). Bucket paused — no new entries until losses recover. Existing positions continue unaffected.,2026-07-11 23:10:58,,,,PAPER,,,,,,,,2026-07-11 23:10:58,2026-07-11 23:10:58
bf2c79b8ecab46ef97d38ffa1f504323,20260711_230446,,2026-07-11 23:11:02,ITC,ITC.NS,SIDEWAYS ↔️,,,PAPER,46,"{'Trend': 32, 'Momentum': 45, 'Volatility': 95, 'Signal': 68, 'Regime': 50, 'Rel. Strength': 50, 'Fundamental': 50, 'Sentiment': 50, 'Volume': 20, 'Candlestick': 50, 'Mkt Structure': 0, 'FII/DII': 70}",,,,,,,,,,,NO_TRADE,NO_TRADE,SCORE_GATE,Score 46/100 below minimum 50/100. No bucket would accept this.,2026-07-11 23:11:02,,,,PAPER,,,,,,,,2026-07-11 23:11:02,2026-07-11 23:11:02
d12d8a13809d455088b5c09bffda6667,20260711_230446,,2026-07-11 23:11:05,KOTAKBANK,KOTAKBANK.NS,SIDEWAYS ↔️,,,PAPER,46,"{'Trend': 15, 'Momentum': 40, 'Volatility': 70, 'Signal': 32, 'Regime': 50, 'Rel. Strength': 50, 'Fundamental': 50, 'Sentiment': 50, 'Volume': 50, 'Candlestick': 50, 'Mkt Structure': 73, 'FII/DII': 70}",,,,,,,,,,,NO_TRADE,NO_TRADE,SCORE_GATE,Score 46/100 below minimum 50/100. No bucket would accept this.,2026-07-11 23:11:05,,,,PAPER,,,,,,,,2026-07-11 23:11:05,2026-07-11 23:11:05
d12960940007485aaa8d6fc8b5a376c2,20260713_000641,,2026-07-13 00:07:28,RELIANCE,RELIANCE.NS,SIDEWAYS ↔️,,,PAPER,42,"{'Trend': 32, 'Momentum': 25, 'Volatility': 50, 'Signal': 32, 'Regime': 50, 'Rel. Strength': 50, 'Fundamental': 50, 'Sentiment': 50, 'Volume': 25, 'Candlestick': 58, 'Mkt Structure': 48, 'FII/DII': 70}",,,,,,,,,,,NO_TRADE,NO_TRADE,SCORE_GATE,Score 42/100 below minimum 50/100. No bucket would accept this.,2026-07-13 00:07:28,,,,PAPER,,,,,,,,2026-07-13 00:07:28,
1786a9abae6240f0a39b36eddf6fa6ad,20260713_000641,,2026-07-13 00:07:29,TCS,TCS.NS,SIDEWAYS ↔️,,,PAPER,46,"{'Trend': 25, 'Momentum': 75, 'Volatility': 60, 'Signal': 32, 'Regime': 50, 'Rel. Strength': 50, 'Fundamental': 50, 'Sentiment': 50, 'Volume': 55, 'Candlestick': 50, 'Mkt Structure': 0, 'FII/DII': 70}",,,,,,,,,,,NO_TRADE,NO_TRADE,SCORE_GATE,Score 46/100 below minimum 50/100. No bucket would accept this.,2026-07-13 00:07:29,,,,PAPER,,,,,,,,2026-07-13 00:07:29,
119bfae206144d2baa3d0ff97a08b575,20260713_000641,,2026-07-13 00:07:32,HDFCBANK,HDFCBANK.NS,SIDEWAYS ↔️,Intraday,,PAPER,55,"{'Trend': 85, 'Momentum': 65, 'Volatility': 30, 'Signal': 68, 'Regime': 50, 'Rel. Strength': 50, 'Fundamental': 50, 'Sentiment': 50, 'Volume': 30, 'Candlestick': 50, 'Mkt Structure': 28, 'FII/DII': 70}",1.0,0.0,,,,,,,,,NO_TRADE,NO_TRADE,EXECUTION_RULE,❌ **HDFCBANK** REJECTED for Intraday | Score: 59/100 | Votes: 1/4 Reasons: Portfolio risk gate: 🛑 Blocked: Intraday bucket drawdown: -20.4% (limit: -10.0%). Bucket paused — no new entries until losses recover. Existing positions continue unaffected.,2026-07-13 00:07:32,,,,PAPER,,,,,,,,2026-07-13 00:07:32,
3e1ebf62822144e6afdc3381447d9227,20260713_000641,,2026-07-13 00:07:33,INFY,INFY.NS,SIDEWAYS ↔️,,,PAPER,49,"{'Trend': 45, 'Momentum': 75, 'Volatility': 50, 'Signal': 68, 'Regime': 50, 'Rel. Strength': 50, 'Fundamental': 50, 'Sentiment': 50, 'Volume': 20, 'Candlestick': 46, 'Mkt Structure': 15, 'FII/DII': 70}",,,,,,,,,,,NO_TRADE,NO_TRADE,SCORE_GATE,Score 49/100 below minimum 50/100. No bucket would accept this.,2026-07-13 00:07:33,,,,PAPER,,,,,,,,2026-07-13 00:07:33,
5b8dcbdbdf634cdea301b61ae9d23767,20260713_000641,,2026-07-13 00:07:35,ICICIBANK,ICICIBANK.NS,SIDEWAYS ↔️,—,,PAPER,51,"{'Trend': 75, 'Momentum': 15, 'Volatility': 40, 'Signal': 68, 'Regime': 50, 'Rel. Strength': 50, 'Fundamental': 50, 'Sentiment': 50, 'Volume': 20, 'Candlestick': 58, 'Mkt Structure': 61, 'FII/DII': 70}",1.0,0.0,,,,,,,,,NO_TRADE,NO_TRADE,EXECUTION_RULE,"No suitable bucket for ICICIBANK. Score 51/100, 1/4 strategies agree — signal is too weak for any bucket. Wait for a stronger setup.",2026-07-13 00:07:35,,,,PAPER,,,,,,,,2026-07-13 00:07:35,
4f692241d5ed4e1eb9a6c711bc7b8f9a,20260713_000641,,2026-07-13 00:07:36,HINDUNILVR,HINDUNILVR.NS,SIDEWAYS ↔️,,,PAPER,47,"{'Trend': 48, 'Momentum': 25, 'Volatility': 60, 'Signal': 15, 'Regime': 50, 'Rel. Strength': 50, 'Fundamental': 50, 'Sentiment': 50, 'Volume': 60, 'Candlestick': 50, 'Mkt Structure': 55, 'FII/DII': 70}",,,,,,,,,,,NO_TRADE,NO_TRADE,SCORE_GATE,Score 47/100 below minimum 50/100. No bucket would accept this.,2026-07-13 00:07:36,,,,PAPER,,,,,,,,2026-07-13 00:07:36,
d4091006fc9a4e4a8f27ab39c4bc1adc,20260713_000641,,2026-07-13 00:07:39,SBIN,SBIN.NS,SIDEWAYS ↔️,Intraday,,PAPER,55,"{'Trend': 68, 'Momentum': 25, 'Volatility': 50, 'Signal': 68, 'Regime': 50, 'Rel. Strength': 50, 'Fundamental': 50, 'Sentiment': 50, 'Volume': 40, 'Candlestick': 50, 'Mkt Structure': 91, 'FII/DII': 70}",1.0,0.0,,,,,,,,,NO_TRADE,NO_TRADE,EXECUTION_RULE,❌ **SBIN** REJECTED for Intraday | Score: 43/100 | Votes: 1/4 Reasons: Portfolio risk gate: 🛑 Blocked: Intraday bucket drawdown: -20.4% (limit: -10.0%). Bucket paused — no new entries until losses recover. Existing positions continue unaffected.,2026-07-13 00:07:39,,,,PAPER,,,,,,,,2026-07-13 00:07:39,
f20a8bef4c4b45a793072607ef687825,20260713_000641,,2026-07-13 00:07:43,BHARTIARTL,BHARTIARTL.NS,SIDEWAYS ↔️,Intraday,,PAPER,62,"{'Trend': 75, 'Momentum': 75, 'Volatility': 40, 'Signal': 68, 'Regime': 50, 'Rel. Strength': 50, 'Fundamental': 50, 'Sentiment': 50, 'Volume': 65, 'Candlestick': 50, 'Mkt Structure': 81, 'FII/DII': 70}",1.0,0.0,,,,,,,,,NO_TRADE,NO_TRADE,EXECUTION_RULE,❌ **BHARTIARTL** REJECTED for Intraday | Score: 72/100 | Votes: 1/4 Reasons: Portfolio risk gate: 🛑 Blocked: Intraday bucket drawdown: -20.4% (limit: -10.0%). Bucket paused — no new entries until losses recover. Existing positions continue unaffected.,2026-07-13 00:07:43,,,,PAPER,,,,,,,,2026-07-13 00:07:43,
b18d861bf33a4ab9ad87de1ed94a8675,20260713_000641,,2026-07-13 00:07:44,ITC,ITC.NS,SIDEWAYS ↔️,,,PAPER,46,"{'Trend': 32, 'Momentum': 45, 'Volatility': 95, 'Signal': 68, 'Regime': 50, 'Rel. Strength': 50, 'Fundamental': 50, 'Sentiment': 50, 'Volume': 20, 'Candlestick': 50, 'Mkt Structure': 0, 'FII/DII': 70}",,,,,,,,,,,NO_TRADE,NO_TRADE,SCORE_GATE,Score 46/100 below minimum 50/100. No bucket would accept this.,2026-07-13 00:07:44,,,,PAPER,,,,,,,,2026-07-13 00:07:44,
54f4fae04b1c4cf8af9c98a50065cdd6,20260713_000641,,2026-07-13 00:07:45,KOTAKBANK,KOTAKBANK.NS,SIDEWAYS ↔️,,,PAPER,46,"{'Trend': 15, 'Momentum': 40, 'Volatility': 70, 'Signal': 32, 'Regime': 50, 'Rel. Strength': 50, 'Fundamental': 50, 'Sentiment': 50, 'Volume': 50, 'Candlestick': 50, 'Mkt Structure': 73, 'FII/DII': 70}",,,,,,,,,,,NO_TRADE,NO_TRADE,SCORE_GATE,Score 46/100 below minimum 50/100. No bucket would accept this.,2026-07-13 00:07:45,,,,PAPER,,,,,,,,2026-07-13 00:07:45,
51ef107968474feb9e63e238bdadf7ef,20260713_000641,,2026-07-13 00:07:49,BAJFINANCE,BAJFINANCE.NS,SIDEWAYS ↔️,Intraday,,PAPER,57,"{'Trend': 85, 'Momentum': 65, 'Volatility': 40, 'Signal': 68, 'Regime': 50, 'Rel. Strength': 50, 'Fundamental': 50, 'Sentiment': 50, 'Volume': 30, 'Candlestick': 50, 'Mkt Structure': 46, 'FII/DII': 70}",1.0,0.0,,,,,,,,,NO_TRADE,NO_TRADE,EXECUTION_RULE,❌ **BAJFINANCE** REJECTED for Intraday | Score: 59/100 | Votes: 1/4 Reasons: Portfolio risk gate: 🛑 Blocked: Intraday bucket drawdown: -20.4% (limit: -10.0%). Bucket paused — no new entries until losses recover. Existing positions continue unaffected.,2026-07-13 00:07:49,,,,PAPER,,,,,,,,2026-07-13 00:07:49,
28d197ed9df0484a98859505532c9ffa,20260713_000641,,2026-07-13 00:07:51,WIPRO,WIPRO.NS,SIDEWAYS ↔️,,,PAPER,44,"{'Trend': 25, 'Momentum': 75, 'Volatility': 50, 'Signal': 32, 'Regime': 50, 'Rel. Strength': 50, 'Fundamental': 50, 'Sentiment': 50, 'Volume': 50, 'Candlestick': 41, 'Mkt Structure': 0, 'FII/DII': 70}",,,,,,,,,,,NO_TRADE,NO_TRADE,SCORE_GATE,Score 44/100 below minimum 50/100. No bucket would accept this.,2026-07-13 00:07:51,,,,PAPER,,,,,,,,2026-07-13 00:07:51,
9181b146f30d4323bbe4165bc0adac22,20260713_000641,,2026-07-13 00:07:53,AXISBANK,AXISBANK.NS,SIDEWAYS ↔️,,,PAPER,45,"{'Trend': 32, 'Momentum': 25, 'Volatility': 70, 'Signal': 32, 'Regime': 50, 'Rel. Strength': 50, 'Fundamental': 50, 'Sentiment': 50, 'Volume': 0, 'Candlestick': 50, 'Mkt Structure': 99, 'FII/DII': 70}",,,,,,,,,,,NO_TRADE,NO_TRADE,SCORE_GATE,Score 45/100 below minimum 50/100. No bucket would accept this.,2026-07-13 00:07:53,,,,PAPER,,,,,,,,2026-07-13 00:07:53,
fd2f3572a4bb480480aae473261718a1,20260713_000641,,2026-07-13 00:07:55,ASIANPAINT,ASIANPAINT.NS,SIDEWAYS ↔️,,,PAPER,46,"{'Trend': 48, 'Momentum': 25, 'Volatility': 50, 'Signal': 32, 'Regime': 50, 'Rel. Strength': 50, 'Fundamental': 50, 'Sentiment': 50, 'Volume': 30, 'Candlestick': 50, 'Mkt Structure': 69, 'FII/DII': 70}",,,,,,,,,,,NO_TRADE,NO_TRADE,SCORE_GATE,Score 46/100 below minimum 50/100. No bucket would accept this.,2026-07-13 00:07:55,,,,PAPER,,,,,,,,2026-07-13 00:07:55,
967f462c295c477b98b054de81da420e,20260713_000641,,2026-07-13 00:07:57,MARUTI,MARUTI.NS,SIDEWAYS ↔️,,,PAPER,52,"{'Trend': 75, 'Momentum': 25, 'Volatility': 50, 'Signal': 50, 'Regime': 50, 'Rel. Strength': 50, 'Fundamental': 50, 'Sentiment': 50, 'Volume': 20, 'Candlestick': 50, 'Mkt Structure': 88, 'FII/DII': 70}",1.0,1.0,,,,,,,,,NO_TRADE,NO_TRADE,VOTE_GATE,Signal is NEUTRAL ⚪ — not a BUY. No action taken.,2026-07-13 00:07:57,,,,PAPER,,,,,,,,2026-07-13 00:07:57,
7af3bb4521e84d1aa997e989d0c1bb5a,20260713_000641,,2026-07-13 00:08:03,TITAN,TITAN.NS,SIDEWAYS ↔️,Intraday,,PAPER,58,"{'Trend': 85, 'Momentum': 65, 'Volatility': 15, 'Signal': 68, 'Regime': 50, 'Rel. Strength': 50, 'Fundamental': 50, 'Sentiment': 50, 'Volume': 20, 'Candlestick': 50, 'Mkt Structure': 100, 'FII/DII': 70}",1.0,0.0,,,,,,,,,NO_TRADE,NO_TRADE,EXECUTION_RULE,❌ **TITAN** REJECTED for Intraday | Score: 55/100 | Votes: 1/4 Reasons: Portfolio risk gate: 🛑 Blocked: Intraday bucket drawdown: -20.4% (limit: -10.0%). Bucket paused — no new entries until losses recover. Existing positions continue unaffected.,2026-07-13 00:08:03,,,,PAPER,,,,,,,,2026-07-13 00:08:03,
f8a7b0c6a4f44839aaa58e0e2e20c76d,20260713_000641,,2026-07-13 00:08:05,SUNPHARMA,SUNPHARMA.NS,SIDEWAYS ↔️,,,PAPER,53,"{'Trend': 85, 'Momentum': 55, 'Volatility': 15, 'Signal': 50, 'Regime': 50, 'Rel. Strength': 50, 'Fundamental': 50, 'Sentiment': 50, 'Volume': 30, 'Candlestick': 50, 'Mkt Structure': 56, 'FII/DII': 70}",0.0,0.0,,,,,,,,,NO_TRADE,NO_TRADE,VOTE_GATE,Signal is NEUTRAL ⚪ — not a BUY. No action taken.,2026-07-13 00:08:05,,,,PAPER,,,,,,,,2026-07-13 00:08:05,
d81c3a8af24742d0a2ee79cf0c4db58c,20260713_000641,,2026-07-13 00:08:10,ULTRACEMCO,ULTRACEMCO.NS,SIDEWAYS ↔️,Intraday,,PAPER,58,"{'Trend': 68, 'Momentum': 75, 'Volatility': 15, 'Signal': 68, 'Regime': 50, 'Rel. Strength': 50, 'Fundamental': 50, 'Sentiment': 50, 'Volume': 30, 'Candlestick': 55, 'Mkt Structure': 99, 'FII/DII': 70}",1.0,0.0,,,,,,,,,NO_TRADE,NO_TRADE,EXECUTION_RULE,❌ **ULTRACEMCO** REJECTED for Intraday | Score: 57/100 | Votes: 1/4 Reasons: Portfolio risk gate: 🛑 Blocked: Intraday bucket drawdown: -20.4% (limit: -10.0%). Bucket paused — no new entries until losses recover. Existing positions continue unaffected.,2026-07-13 00:08:10,,,,PAPER,,,,,,,,2026-07-13 00:08:10,
ab48cf338cb64e66a4bf574b3b2badd2,20260713_000641,,2026-07-13 00:08:14,NESTLEIND,NESTLEIND.NS,SIDEWAYS ↔️,Intraday,,PAPER,56,"{'Trend': 75, 'Momentum': 65, 'Volatility': 40, 'Signal': 68, 'Regime': 50, 'Rel. Strength': 50, 'Fundamental': 50, 'Sentiment': 50, 'Volume': 10, 'Candlestick': 50, 'Mkt Structure': 78, 'FII/DII': 70}",1.0,0.0,,,,,,,,,NO_TRADE,NO_TRADE,EXECUTION_RULE,❌ **NESTLEIND** REJECTED for Intraday | Score: 49/100 | Votes: 1/4 Reasons: Portfolio risk gate: 🛑 Blocked: Intraday bucket drawdown: -20.4% (limit: -10.0%). Bucket paused — no new entries until losses recover. Existing positions continue unaffected.,2026-07-13 00:08:14,,,,PAPER,,,,,,,,2026-07-13 00:08:14,
c3fce54ee81c4967a9c3b15e53246d3d,20260713_000641,,2026-07-13 00:08:18,ADANIENT,ADANIENT.NS,SIDEWAYS ↔️,Intraday,,PAPER,60,"{'Trend': 85, 'Momentum': 25, 'Volatility': 40, 'Signal': 68, 'Regime': 50, 'Rel. Strength': 50, 'Fundamental': 50, 'Sentiment': 50, 'Volume': 60, 'Candlestick': 65, 'Mkt Structure': 93, 'FII/DII': 70}",1.0,0.0,,,,,,,,,NO_TRADE,NO_TRADE,EXECUTION_RULE,❌ **ADANIENT** REJECTED for Intraday | Score: 55/100 | Votes: 1/4 Reasons: Portfolio risk gate: 🛑 Blocked: Intraday bucket drawdown: -20.4% (limit: -10.0%). Bucket paused — no new entries until losses recover. Existing positions continue unaffected.,2026-07-13 00:08:18,,,,PAPER,,,,,,,,2026-07-13 00:08:18,
cfe2409a243943269c92130d35262905,20260713_000641,,2026-07-13 00:08:21,ADANIPORTS,ADANIPORTS.NS,SIDEWAYS ↔️,—,,PAPER,52,"{'Trend': 68, 'Momentum': 25, 'Volatility': 50, 'Signal': 68, 'Regime': 50, 'Rel. Strength': 50, 'Fundamental': 50, 'Sentiment': 50, 'Volume': 30, 'Candlestick': 50, 'Mkt Structure': 65, 'FII/DII': 70}",1.0,0.0,,,,,,,,,NO_TRADE,NO_TRADE,EXECUTION_RULE,"No suitable bucket for ADANIPORTS. Score 52/100, 1/4 strategies agree — signal is too weak for any bucket. Wait for a stronger setup.",2026-07-13 00:08:21,,,,PAPER,,,,,,,,2026-07-13 00:08:21,
bfd0f0b11f32432c8ffd3d8ff2ad5db7,20260713_000641,,2026-07-13 00:08:22,POWERGRID,POWERGRID.NS,SIDEWAYS ↔️,,,PAPER,43,"{'Trend': 32, 'Momentum': 40, 'Volatility': 60, 'Signal': 32, 'Regime': 50, 'Rel. Strength': 50, 'Fundamental': 50, 'Sentiment': 50, 'Volume': 40, 'Candlestick': 50, 'Mkt Structure': 21, 'FII/DII': 70}",,,,,,,,,,,NO_TRADE,NO_TRADE,SCORE_GATE,Score 43/100 below minimum 50/100. No bucket would accept this.,2026-07-13 00:08:22,,,,PAPER,,,,,,,,2026-07-13 00:08:22,
29b1906951aa451dbcccbabf3faf4c67,20260713_000641,,2026-07-13 00:08:24,NTPC,NTPC.NS,SIDEWAYS ↔️,,,PAPER,39,"{'Trend': 15, 'Momentum': 45, 'Volatility': 85, 'Signal': 32, 'Regime': 50, 'Rel. Strength': 50, 'Fundamental': 50, 'Sentiment': 50, 'Volume': 20, 'Candlestick': 50, 'Mkt Structure': 0, 'FII/DII': 70}",,,,,,,,,,,NO_TRADE,NO_TRADE,SCORE_GATE,Score 39/100 below minimum 50/100. No bucket would accept this.,2026-07-13 00:08:24,,,,PAPER,,,,,,,,2026-07-13 00:08:24,
b44f91dd21d04a29b624b8f640a4f01e,20260713_000641,,2026-07-13 00:08:27,ONGC,ONGC.NS,SIDEWAYS ↔️,—,,PAPER,50,"{'Trend': 45, 'Momentum': 75, 'Volatility': 40, 'Signal': 68, 'Regime': 50, 'Rel. Strength': 50, 'Fundamental': 50, 'Sentiment': 50, 'Volume': 40, 'Candlestick': 50, 'Mkt Structure': 11, 'FII/DII': 70}",1.0,0.0,,,,,,,,,NO_TRADE,NO_TRADE,EXECUTION_RULE,"No suitable bucket for ONGC. Score 50/100, 1/4 strategies agree — signal is too weak for any bucket. Wait for a stronger setup.",2026-07-13 00:08:27,,,,PAPER,,,,,,,,2026-07-13 00:08:27,
2a1ad9c62c0a4133b9587261ff000d7b,20260713_000641,,2026-07-13 00:08:29,COALINDIA,COALINDIA.NS,SIDEWAYS ↔️,,,PAPER,40,"{'Trend': 25, 'Momentum': 45, 'Volatility': 70, 'Signal': 50, 'Regime': 50, 'Rel. Strength': 50, 'Fundamental': 50, 'Sentiment': 50, 'Volume': 10, 'Candlestick': 50, 'Mkt Structure': 0, 'FII/DII': 70}",,,,,,,,,,,NO_TRADE,NO_TRADE,SCORE_GATE,Score 40/100 below minimum 50/100. No bucket would accept this.,2026-07-13 00:08:29,,,,PAPER,,,,,,,,2026-07-13 00:08:29,
73a7060d266541919d613d91edfc7844,20260713_000641,,2026-07-13 00:08:31,TMCV,TMCV.NS,SIDEWAYS ↔️,—,,PAPER,52,"{'Trend': 75, 'Momentum': 25, 'Volatility': 50, 'Signal': 68, 'Regime': 50, 'Rel. Strength': 50, 'Fundamental': 50, 'Sentiment': 50, 'Volume': 30, 'Candlestick': 50, 'Mkt Structure': 51, 'FII/DII': 70}",1.0,0.0,,,,,,,,,NO_TRADE,NO_TRADE,EXECUTION_RULE,"No suitable bucket for TMCV. Score 52/100, 1/4 strategies agree — signal is too weak for any bucket. Wait for a stronger setup.",2026-07-13 00:08:31,,,,PAPER,,,,,,,,2026-07-13 00:08:31,
d9171ca835394539a7586b291bd0b52a,20260713_000641,,2026-07-13 00:08:33,TATASTEEL,TATASTEEL.NS,SIDEWAYS ↔️,,,PAPER,42,"{'Trend': 25, 'Momentum': 90, 'Volatility': 50, 'Signal': 32, 'Regime': 50, 'Rel. Strength': 50, 'Fundamental': 50, 'Sentiment': 50, 'Volume': 10, 'Candlestick': 50, 'Mkt Structure': 0, 'FII/DII': 70}",,,,,,,,,,,NO_TRADE,NO_TRADE,SCORE_GATE,Score 42/100 below minimum 50/100. No bucket would accept this.,2026-07-13 00:08:33,,,,PAPER,,,,,,,,2026-07-13 00:08:33,
d077ff5b67f04b0bb76d3884589a9a43,20260713_000641,,2026-07-13 00:08:38,HCLTECH,HCLTECH.NS,SIDEWAYS ↔️,Intraday,,PAPER,58,"{'Trend': 78, 'Momentum': 75, 'Volatility': 40, 'Signal': 68, 'Regime': 50, 'Rel. Strength': 50, 'Fundamental': 50, 'Sentiment': 50, 'Volume': 60, 'Candlestick': 50, 'Mkt Structure': 30, 'FII/DII': 70}",1.0,0.0,,,,,,,,,NO_TRADE,NO_TRADE,EXECUTION_RULE,❌ **HCLTECH** REJECTED for Intraday | Score: 71/100 | Votes: 1/4 Reasons: Portfolio risk gate: 🛑 Blocked: Intraday bucket drawdown: -20.4% (limit: -10.0%). Bucket paused — no new entries until losses recover. Existing positions continue unaffected.,2026-07-13 00:08:38,,,,PAPER,,,,,,,,2026-07-13 00:08:38,
ef5300b054454925ac7c402c16c25c03,20260713_000641,,2026-07-13 00:08:42,JSWSTEEL,JSWSTEEL.NS,SIDEWAYS ↔️,Intraday,,PAPER,57,"{'Trend': 52, 'Momentum': 75, 'Volatility': 50, 'Signal': 85, 'Regime': 50, 'Rel. Strength': 50, 'Fundamental': 50, 'Sentiment': 50, 'Volume': 60, 'Candlestick': 50, 'Mkt Structure': 33, 'FII/DII': 70}",2.0,0.0,,,,,,,,,NO_TRADE,NO_TRADE,EXECUTION_RULE,❌ **JSWSTEEL** REJECTED for Intraday | Score: 63/100 | Votes: 2/4 Reasons: Portfolio risk gate: 🛑 Blocked: Intraday bucket drawdown: -20.4% (limit: -10.0%). Bucket paused — no new entries until losses recover. Existing positions continue unaffected.,2026-07-13 00:08:42,,,,PAPER,,,,,,,,2026-07-13 00:08:42,
ce0754ecc438491e83b747ef4d29e693,20260713_000641,,2026-07-13 00:08:44,BAJAJFINSV,BAJAJFINSV.NS,SIDEWAYS ↔️,,,PAPER,55,"{'Trend': 85, 'Momentum': 55, 'Volatility': 15, 'Signal': 50, 'Regime': 50, 'Rel. Strength': 50, 'Fundamental': 50, 'Sentiment': 50, 'Volume': 50, 'Candlestick': 50, 'Mkt Structure': 54, 'FII/DII': 70}",0.0,0.0,,,,,,,,,NO_TRADE,NO_TRADE,VOTE_GATE,Signal is NEUTRAL ⚪ — not a BUY. No action taken.,2026-07-13 00:08:44,,,,PAPER,,,,,,,,2026-07-13 00:08:44,
c06e8b6233754d1aa9faf88e1c8c3d52,20260713_000641,,2026-07-13 00:08:46,LT,LT.NS,SIDEWAYS ↔️,,,PAPER,44,"{'Trend': 15, 'Momentum': 45, 'Volatility': 70, 'Signal': 50, 'Regime': 50, 'Rel. Strength': 50, 'Fundamental': 50, 'Sentiment': 50, 'Volume': 0, 'Candlestick': 50, 'Mkt Structure': 71, 'FII/DII': 70}",,,,,,,,,,,NO_TRADE,NO_TRADE,SCORE_GATE,Score 44/100 below minimum 50/100. No bucket would accept this.,2026-07-13 00:08:46,,,,PAPER,,,,,,,,2026-07-13 00:08:46,
618d98f5335e44ea8e9c9c111eac5659,20260713_000641,,2026-07-13 00:08:50,M&M,M&M.NS,SIDEWAYS ↔️,Intraday,,PAPER,56,"{'Trend': 68, 'Momentum': 75, 'Volatility': 40, 'Signal': 68, 'Regime': 50, 'Rel. Strength': 50, 'Fundamental': 50, 'Sentiment': 50, 'Volume': 0, 'Candlestick': 50, 'Mkt Structure': 91, 'FII/DII': 70}",1.0,0.0,,,,,,,,,NO_TRADE,NO_TRADE,EXECUTION_RULE,❌ **M&M** REJECTED for Intraday | Score: 47/100 | Votes: 1/4 Reasons: Portfolio risk gate: 🛑 Blocked: Intraday bucket drawdown: -20.4% (limit: -10.0%). Bucket paused — no new entries until losses recover. Existing positions continue unaffected.,2026-07-13 00:08:50,,,,PAPER,,,,,,,,2026-07-13 00:08:50,
735006a5b1a54eb7bdd0eb9ac7f7124f,20260713_000641,,2026-07-13 00:08:55,Jindal Stainless,JSL.NS,SIDEWAYS ↔️,Intraday,,PAPER,58,"{'Trend': 68, 'Momentum': 75, 'Volatility': 30, 'Signal': 85, 'Regime': 50, 'Rel. Strength': 50, 'Fundamental': 50, 'Sentiment': 50, 'Volume': 55, 'Candlestick': 50, 'Mkt Structure': 38, 'FII/DII': 70}",2.0,0.0,,,,,,,,,NO_TRADE,NO_TRADE,EXECUTION_RULE,❌ **Jindal Stainless** REJECTED for Intraday | Score: 66/100 | Votes: 2/4 Reasons: Portfolio risk gate: 🛑 Blocked: Intraday bucket drawdown: -20.4% (limit: -10.0%). Bucket paused — no new entries until losses recover. Existing positions continue unaffected.,2026-07-13 00:08:55,,,,PAPER,,,,,,,,2026-07-13 00:08:55,
886ab72a918c41ccbcace83e97d4e462,20260713_000641,,2026-07-13 00:08:57,Mazagon Dock,MAZDOCK.NS,SIDEWAYS ↔️,,,PAPER,42,"{'Trend': 22, 'Momentum': 40, 'Volatility': 70, 'Signal': 32, 'Regime': 50, 'Rel. Strength': 50, 'Fundamental': 50, 'Sentiment': 50, 'Volume': 30, 'Candlestick': 50, 'Mkt Structure': 32, 'FII/DII': 70}",,,,,,,,,,,NO_TRADE,NO_TRADE,SCORE_GATE,Score 42/100 below minimum 50/100. No bucket would accept this.,2026-07-13 00:08:57,,,,PAPER,,,,,,,,2026-07-13 00:08:57,
24ffae5f2f9741e8b28aaf96bd668049,20260713_000641,,2026-07-13 00:08:59,TMPV,TMPV.NS,SIDEWAYS ↔️,,,PAPER,42,"{'Trend': 15, 'Momentum': 40, 'Volatility': 60, 'Signal': 32, 'Regime': 50, 'Rel. Strength': 50, 'Fundamental': 50, 'Sentiment': 50, 'Volume': 45, 'Candlestick': 50, 'Mkt Structure': 28, 'FII/DII': 70}",,,,,,,,,,,NO_TRADE,NO_TRADE,SCORE_GATE,Score 42/100 below minimum 50/100. No bucket would accept this.,2026-07-13 00:08:59,,,,PAPER,,,,,,,,2026-07-13 00:08:59,
9a06afb522ee4e4fb6ced7d081b2df28,20260713_000641,,2026-07-13 00:09:01,JINDAL STEEL,JINDALSTEL.NS,SIDEWAYS ↔️,,,PAPER,47,"{'Trend': 25, 'Momentum': 90, 'Volatility': 60, 'Signal': 50, 'Regime': 50, 'Rel. Strength': 50, 'Fundamental': 50, 'Sentiment': 50, 'Volume': 30, 'Candlestick': 50, 'Mkt Structure': 0, 'FII/DII': 70}",,,,,,,,,,,NO_TRADE,NO_TRADE,SCORE_GATE,Score 47/100 below minimum 50/100. No bucket would accept this.,2026-07-13 00:09:01,,,,PAPER,,,,,,,,2026-07-13 00:09:01,
3095bf0ab0d646dc8dfacebab7bb5632,20260713_000641,,2026-07-13 00:09:04,Rail Vikas Nigam,RVNL.NS,SIDEWAYS ↔️,,,PAPER,49,"{'Trend': 25, 'Momentum': 90, 'Volatility': 60, 'Signal': 50, 'Regime': 50, 'Rel. Strength': 50, 'Fundamental': 50, 'Sentiment': 50, 'Volume': 50, 'Candlestick': 50, 'Mkt Structure': 13, 'FII/DII': 70}",,,,,,,,,,,NO_TRADE,NO_TRADE,SCORE_GATE,Score 49/100 below minimum 50/100. No bucket would accept this.,2026-07-13 00:09:04,,,,PAPER,,,,,,,,2026-07-13 00:09:04,
2dc957f8307a45ed9e9b2757c183245a,20260713_000641,,2026-07-13 00:09:06,Cochin Shipyard,COCHINSHIP.NS,SIDEWAYS ↔️,,,PAPER,36,"{'Trend': 15, 'Momentum': 25, 'Volatility': 70, 'Signal': 32, 'Regime': 50, 'Rel. Strength': 50, 'Fundamental': 50, 'Sentiment': 50, 'Volume': 0, 'Candlestick': 50, 'Mkt Structure': 21, 'FII/DII': 70}",,,,,,,,,,,NO_TRADE,NO_TRADE,SCORE_GATE,Score 36/100 below minimum 50/100. No bucket would accept this.,2026-07-13 00:09:06,,,,PAPER,,,,,,,,2026-07-13 00:09:06,
9d0f83fa90b04b0f9ba6ae5b48b6c22f,20260713_000641,,2026-07-13 00:09:08,Bharat Dynamics,BDL.NS,SIDEWAYS ↔️,,,PAPER,48,"{'Trend': 55, 'Momentum': 40, 'Volatility': 50, 'Signal': 32, 'Regime': 50, 'Rel. Strength': 50, 'Fundamental': 50, 'Sentiment': 50, 'Volume': 0, 'Candlestick': 50, 'Mkt Structure': 91, 'FII/DII': 70}",,,,,,,,,,,NO_TRADE,NO_TRADE,SCORE_GATE,Score 48/100 below minimum 50/100. No bucket would accept this.,2026-07-13 00:09:08,,,,PAPER,,,,,,,,2026-07-13 00:09:08,
d809e53e84204a8da8bcbac2301d7037,20260713_000641,,2026-07-13 00:09:12,TVS Motors,TVSMOTOR.NS,SIDEWAYS ↔️,Intraday,,PAPER,55,"{'Trend': 75, 'Momentum': 65, 'Volatility': 40, 'Signal': 68, 'Regime': 50, 'Rel. Strength': 50, 'Fundamental': 50, 'Sentiment': 50, 'Volume': 0, 'Candlestick': 50, 'Mkt Structure': 73, 'FII/DII': 70}",1.0,0.0,,,,,,,,,NO_TRADE,NO_TRADE,EXECUTION_RULE,❌ **TVS Motors** REJECTED for Intraday | Score: 45/100 | Votes: 1/4 Reasons: Portfolio risk gate: 🛑 Blocked: Intraday bucket drawdown: -20.4% (limit: -10.0%). Bucket paused — no new entries until losses recover. Existing positions continue unaffected.,2026-07-13 00:09:12,,,,PAPER,,,,,,,,2026-07-13 00:09:12,
582a7a631c504288bce59abd002d50a6,20260713_000641,,2026-07-13 00:09:14,IRCTC,IRCTC.NS,SIDEWAYS ↔️,,,PAPER,39,"{'Trend': 25, 'Momentum': 40, 'Volatility': 60, 'Signal': 32, 'Regime': 50, 'Rel. Strength': 50, 'Fundamental': 50, 'Sentiment': 50, 'Volume': 25, 'Candlestick': 50, 'Mkt Structure': 2, 'FII/DII': 70}",,,,,,,,,,,NO_TRADE,NO_TRADE,SCORE_GATE,Score 39/100 below minimum 50/100. No bucket would accept this.,2026-07-13 00:09:14,,,,PAPER,,,,,,,,2026-07-13 00:09:14,
5784965f405e4cd2bfa1d572496db641,20260713_000641,,2026-07-13 00:09:16,DMART,DMART.NS,SIDEWAYS ↔️,,,PAPER,44,"{'Trend': 15, 'Momentum': 40, 'Volatility': 60, 'Signal': 32, 'Regime': 50, 'Rel. Strength': 50, 'Fundamental': 50, 'Sentiment': 50, 'Volume': 65, 'Candlestick': 50, 'Mkt Structure': 38, 'FII/DII': 70}",,,,,,,,,,,NO_TRADE,NO_TRADE,SCORE_GATE,Score 44/100 below minimum 50/100. No bucket would accept this.,2026-07-13 00:09:16,,,,PAPER,,,,,,,,2026-07-13 00:09:16,
e7af16256fb141feaa1eb637df83e17b,20260713_000641,,2026-07-13 00:09:18,IDEA,IDEA.NS,SIDEWAYS ↔️,,,PAPER,44,"{'Trend': 32, 'Momentum': 40, 'Volatility': 60, 'Signal': 32, 'Regime': 50, 'Rel. Strength': 50, 'Fundamental': 50, 'Sentiment': 50, 'Volume': 20, 'Candlestick': 50, 'Mkt Structure': 58, 'FII/DII': 70}",,,,,,,,,,,NO_TRADE,NO_TRADE,SCORE_GATE,Score 44/100 below minimum 50/100. No bucket would accept this.,2026-07-13 00:09:18,,,,PAPER,,,,,,,,2026-07-13 00:09:18,
b89169fe0d524c46806ee2913d344684,20260713_000641,,2026-07-13 00:09:20,Garden Reach Shipbuilders,GRSE.NS,SIDEWAYS ↔️,,,PAPER,42,"{'Trend': 32, 'Momentum': 40, 'Volatility': 60, 'Signal': 32, 'Regime': 50, 'Rel. Strength': 50, 'Fundamental': 50, 'Sentiment': 50, 'Volume': 20, 'Candlestick': 50, 'Mkt Structure': 28, 'FII/DII': 70}",,,,,,,,,,,NO_TRADE,NO_TRADE,SCORE_GATE,Score 42/100 below minimum 50/100. No bucket would accept this.,2026-07-13 00:09:20,,,,PAPER,,,,,,,,2026-07-13 00:09:20,
010a43b8026147b690b35b42c8e87166,20260713_000641,,2026-07-13 00:09:24,HAL,HAL.NS,SIDEWAYS ↔️,Swing,,PAPER,67,"{'Trend': 68, 'Momentum': 75, 'Volatility': 30, 'Signal': 85, 'Regime': 50, 'Rel. Strength': 50, 'Fundamental': 50, 'Sentiment': 50, 'Volume': 85, 'Candlestick': 65, 'Mkt Structure': 100, 'FII/DII': 70}",2.0,0.0,,,,,,,,,NO_TRADE,NO_TRADE,EXECUTION_RULE,❌ **HAL** REJECTED for Swing | Score: 72/100 | Votes: 2/4 Reasons: Portfolio risk gate: 🛑 Blocked: Swing bucket drawdown: -16.9% (limit: -10.0%). Bucket paused — no new entries until losses recover. Existing positions continue unaffected.,2026-07-13 00:09:24,,,,PAPER,,,,,,,,2026-07-13 00:09:24,
9831dd6947da4a4bb5455e1905d023a7,20260713_000641,,2026-07-13 00:09:27,BEL,BEL.NS,SIDEWAYS ↔️,,,PAPER,43,"{'Trend': 32, 'Momentum': 40, 'Volatility': 50, 'Signal': 32, 'Regime': 50, 'Rel. Strength': 50, 'Fundamental': 50, 'Sentiment': 50, 'Volume': 0, 'Candlestick': 56, 'Mkt Structure': 65, 'FII/DII': 70}",,,,,,,,,,,NO_TRADE,NO_TRADE,SCORE_GATE,Score 43/100 below minimum 50/100. No bucket would accept this.,2026-07-13 00:09:27,,,,PAPER,,,,,,,,2026-07-13 00:09:27,
582a793f296d46dc936f5472d8e1d555,20260713_000641,,2026-07-13 00:09:29,IREDA,IREDA.NS,SIDEWAYS ↔️,,,PAPER,47,"{'Trend': 32, 'Momentum': 40, 'Volatility': 50, 'Signal': 32, 'Regime': 50, 'Rel. Strength': 50, 'Fundamental': 50, 'Sentiment': 50, 'Volume': 70, 'Candlestick': 67, 'Mkt Structure': 23, 'FII/DII': 70}",,,,,,,,,,,NO_TRADE,NO_TRADE,SCORE_GATE,Score 47/100 below minimum 50/100. No bucket would accept this.,2026-07-13 00:09:29,,,,PAPER,,,,,,,,2026-07-13 00:09:29,
4e9277eedeb743efb0c5539f5190685f,20260713_000641,,2026-07-13 00:09:31,Oil India,OIL.NS,SIDEWAYS ↔️,—,,PAPER,50,"{'Trend': 45, 'Momentum': 75, 'Volatility': 40, 'Signal': 68, 'Regime': 50, 'Rel. Strength': 50, 'Fundamental': 50, 'Sentiment': 50, 'Volume': 40, 'Candlestick': 50, 'Mkt Structure': 9, 'FII/DII': 70}",1.0,0.0,,,,,,,,,NO_TRADE,NO_TRADE,EXECUTION_RULE,"No suitable bucket for Oil India. Score 50/100, 1/4 strategies agree — signal is too weak for any bucket. Wait for a stronger setup.",2026-07-13 00:09:31,,,,PAPER,,,,,,,,2026-07-13 00:09:31,
a8c323f0f6fa47d6b30c3ff79595cc9b,20260713_000641,,2026-07-13 00:09:33,Eternal (formerly Zomato),ETERNAL.NS,SIDEWAYS ↔️,,,PAPER,56,"{'Trend': 85, 'Momentum': 55, 'Volatility': 30, 'Signal': 50, 'Regime': 50, 'Rel. Strength': 50, 'Fundamental': 50, 'Sentiment': 50, 'Volume': 35, 'Candlestick': 50, 'Mkt Structure': 76, 'FII/DII': 70}",0.0,0.0,,,,,,,,,NO_TRADE,NO_TRADE,VOTE_GATE,Signal is NEUTRAL ⚪ — not a BUY. No action taken.,2026-07-13 00:09:33,,,,PAPER,,,,,,,,2026-07-13 00:09:33,
8b580162cee7455aa312bc8e18b58ab4,20260713_000641,,2026-07-13 00:09:36,COLPAL,COLPAL.NS,SIDEWAYS ↔️,,,PAPER,48,"{'Trend': 68, 'Momentum': 65, 'Volatility': 40, 'Signal': 68, 'Regime': 50, 'Rel. Strength': 50, 'Fundamental': 50, 'Sentiment': 50, 'Volume': 0, 'Candlestick': 50, 'Mkt Structure': 1, 'FII/DII': 70}",,,,,,,,,,,NO_TRADE,NO_TRADE,SCORE_GATE,Score 48/100 below minimum 50/100. No bucket would accept this.,2026-07-13 00:09:36,,,,PAPER,,,,,,,,2026-07-13 00:09:36,
2a3785ed38024c12b7bc506bc5795863,20260713_000641,,2026-07-13 00:09:40,SBILIFE,SBILIFE.NS,SIDEWAYS ↔️,Intraday,,PAPER,57,"{'Trend': 78, 'Momentum': 65, 'Volatility': 15, 'Signal': 68, 'Regime': 50, 'Rel. Strength': 50, 'Fundamental': 50, 'Sentiment': 50, 'Volume': 50, 'Candlestick': 56, 'Mkt Structure': 59, 'FII/DII': 70}",1.0,0.0,,,,,,,,,NO_TRADE,NO_TRADE,EXECUTION_RULE,❌ **SBILIFE** REJECTED for Intraday | Score: 64/100 | Votes: 1/4 Reasons: Portfolio risk gate: 🛑 Blocked: Intraday bucket drawdown: -20.4% (limit: -10.0%). Bucket paused — no new entries until losses recover. Existing positions continue unaffected.,2026-07-13 00:09:40,,,,PAPER,,,,,,,,2026-07-13 00:09:40,
25338f48015341148434c88c841a350f,20260713_000641,,2026-07-13 00:09:44,ICICIPRULI,ICICIPRULI.NS,SIDEWAYS ↔️,Intraday,,PAPER,61,"{'Trend': 62, 'Momentum': 75, 'Volatility': 30, 'Signal': 68, 'Regime': 50, 'Rel. Strength': 50, 'Fundamental': 50, 'Sentiment': 50, 'Volume': 80, 'Candlestick': 74, 'Mkt Structure': 55, 'FII/DII': 70}",1.0,0.0,,,,,,,,,NO_TRADE,NO_TRADE,EXECUTION_RULE,❌ **ICICIPRULI** REJECTED for Intraday | Score: 73/100 | Votes: 1/4 Reasons: Portfolio risk gate: 🛑 Blocked: Intraday bucket drawdown: -20.4% (limit: -10.0%). Bucket paused — no new entries until losses recover. Existing positions continue unaffected.,2026-07-13 00:09:44,,,,PAPER,,,,,,,,2026-07-13 00:09:44,
eec51d388c5d4a79a2b33fcffd2969a9,20260713_000641,,2026-07-13 00:09:48,DIVISLAB,DIVISLAB.NS,SIDEWAYS ↔️,Intraday,,PAPER,56,"{'Trend': 68, 'Momentum': 75, 'Volatility': 30, 'Signal': 68, 'Regime': 50, 'Rel. Strength': 50, 'Fundamental': 50, 'Sentiment': 50, 'Volume': 20, 'Candlestick': 50, 'Mkt Structure': 81, 'FII/DII': 70}",1.0,0.0,,,,,,,,,NO_TRADE,NO_TRADE,EXECUTION_RULE,❌ **DIVISLAB** REJECTED for Intraday | Score: 54/100 | Votes: 1/4 Reasons: Portfolio risk gate: 🛑 Blocked: Intraday bucket drawdown: -20.4% (limit: -10.0%). Bucket paused — no new entries until losses recover. Existing positions continue unaffected.,2026-07-13 00:09:48,,,,PAPER,,,,,,,,2026-07-13 00:09:48,
9c0cc79b115649edbf971a6a1bbb9e6d,20260713_000641,,2026-07-13 00:09:50,PIDILITIND,PIDILITIND.NS,SIDEWAYS ↔️,—,,PAPER,53,"{'Trend': 75, 'Momentum': 25, 'Volatility': 40, 'Signal': 68, 'Regime': 50, 'Rel. Strength': 50, 'Fundamental': 50, 'Sentiment': 50, 'Volume': 40, 'Candlestick': 50, 'Mkt Structure': 61, 'FII/DII': 70}",1.0,0.0,,,,,,,,,NO_TRADE,NO_TRADE,EXECUTION_RULE,"No suitable bucket for PIDILITIND. Score 53/100, 1/4 strategies agree — signal is too weak for any bucket. Wait for a stronger setup.",2026-07-13 00:09:50,,,,PAPER,,,,,,,,2026-07-13 00:09:50,
783e4fdd8d354b6e85cc35d42f62bbd4,20260713_000641,,2026-07-13 00:09:53,CIPLA,CIPLA.NS,SIDEWAYS ↔️,—,,PAPER,51,"{'Trend': 75, 'Momentum': 25, 'Volatility': 50, 'Signal': 68, 'Regime': 50, 'Rel. Strength': 50, 'Fundamental': 50, 'Sentiment': 50, 'Volume': 0, 'Candlestick': 50, 'Mkt Structure': 69, 'FII/DII': 70}",1.0,0.0,,,,,,,,,NO_TRADE,NO_TRADE,EXECUTION_RULE,"No suitable bucket for CIPLA. Score 51/100, 1/4 strategies agree — signal is too weak for any bucket. Wait for a stronger setup.",2026-07-13 00:09:53,,,,PAPER,,,,,,,,2026-07-13 00:09:53,
7e42f64a45ef463d99ef1a2e829503ab,20260713_000641,,2026-07-13 00:09:55,APOLLOHOSP,APOLLOHOSP.NS,SIDEWAYS ↔️,,,PAPER,55,"{'Trend': 75, 'Momentum': 55, 'Volatility': 30, 'Signal': 50, 'Regime': 50, 'Rel. Strength': 50, 'Fundamental': 50, 'Sentiment': 50, 'Volume': 15, 'Candlestick': 50, 'Mkt Structure': 99, 'FII/DII': 70}",0.0,0.0,,,,,,,,,NO_TRADE,NO_TRADE,VOTE_GATE,Signal is NEUTRAL ⚪ — not a BUY. No action taken.,2026-07-13 00:09:55,,,,PAPER,,,,,,,,2026-07-13 00:09:55,
7b066793f0f74e87b4efc01d6f514b22,20260713_000641,,2026-07-13 00:09:59,BAJAJ-AUTO,BAJAJ-AUTO.NS,SIDEWAYS ↔️,Intraday,,PAPER,55,"{'Trend': 68, 'Momentum': 75, 'Volatility': 40, 'Signal': 68, 'Regime': 50, 'Rel. Strength': 50, 'Fundamental': 50, 'Sentiment': 50, 'Volume': 40, 'Candlestick': 50, 'Mkt Structure': 28, 'FII/DII': 70}",1.0,0.0,,,,,,,,,NO_TRADE,NO_TRADE,EXECUTION_RULE,❌ **BAJAJ-AUTO** REJECTED for Intraday | Score: 61/100 | Votes: 1/4 Reasons: Portfolio risk gate: 🛑 Blocked: Intraday bucket drawdown: -20.4% (limit: -10.0%). Bucket paused — no new entries until losses recover. Existing positions continue unaffected.,2026-07-13 00:09:59,,,,PAPER,,,,,,,,2026-07-13 00:09:59,
b73e8e3a993747d996bb986717539ab8,20260713_000641,,2026-07-13 00:10:01,HEROMOTOCO,HEROMOTOCO.NS,SIDEWAYS ↔️,—,,PAPER,53,"{'Trend': 52, 'Momentum': 75, 'Volatility': 50, 'Signal': 68, 'Regime': 50, 'Rel. Strength': 50, 'Fundamental': 50, 'Sentiment': 50, 'Volume': 40, 'Candlestick': 50, 'Mkt Structure': 24, 'FII/DII': 70}",1.0,0.0,,,,,,,,,NO_TRADE,NO_TRADE,EXECUTION_RULE,"No suitable bucket for HEROMOTOCO. Score 53/100, 1/4 strategies agree — signal is too weak for any bucket. Wait for a stronger setup.",2026-07-13 00:10:01,,,,PAPER,,,,,,,,2026-07-13 00:10:01,
50869f6211e84fbdad7aa4f53dfcc4ad,20260713_000641,,2026-07-13 00:10:03,EICHERMOT,EICHERMOT.NS,SIDEWAYS ↔️,,,PAPER,45,"{'Trend': 48, 'Momentum': 40, 'Volatility': 60, 'Signal': 32, 'Regime': 50, 'Rel. Strength': 50, 'Fundamental': 50, 'Sentiment': 50, 'Volume': 0, 'Candlestick': 50, 'Mkt Structure': 58, 'FII/DII': 70}",,,,,,,,,,,NO_TRADE,NO_TRADE,SCORE_GATE,Score 45/100 below minimum 50/100. No bucket would accept this.,2026-07-13 00:10:03,,,,PAPER,,,,,,,,2026-07-13 00:10:03,
a9e956b792d74b3eb24360e49df3b024,20260713_000641,,2026-07-13 00:10:06,TATACONSUM,TATACONSUM.NS,SIDEWAYS ↔️,—,,PAPER,51,"{'Trend': 52, 'Momentum': 75, 'Volatility': 50, 'Signal': 68, 'Regime': 50, 'Rel. Strength': 50, 'Fundamental': 50, 'Sentiment': 50, 'Volume': 30, 'Candlestick': 50, 'Mkt Structure': 11, 'FII/DII': 70}",1.0,0.0,,,,,,,,,NO_TRADE,NO_TRADE,EXECUTION_RULE,"No suitable bucket for TATACONSUM. Score 51/100, 1/4 strategies agree — signal is too weak for any bucket. Wait for a stronger setup.",2026-07-13 00:10:06,,,,PAPER,,,,,,,,2026-07-13 00:10:06,
d9efd4d219b749bb81664afc5bab5d63,20260713_000641,,2026-07-13 00:10:09,BRITANNIA,BRITANNIA.NS,SIDEWAYS ↔️,—,,PAPER,54,"{'Trend': 68, 'Momentum': 75, 'Volatility': 40, 'Signal': 68, 'Regime': 50, 'Rel. Strength': 50, 'Fundamental': 50, 'Sentiment': 50, 'Volume': 10, 'Candlestick': 50, 'Mkt Structure': 49, 'FII/DII': 70}",1.0,0.0,,,,,,,,,NO_TRADE,NO_TRADE,EXECUTION_RULE,"No suitable bucket for BRITANNIA. Score 54/100, 1/4 strategies agree — signal is too weak for any bucket. Wait for a stronger setup.",2026-07-13 00:10:09,,,,PAPER,,,,,,,,2026-07-13 00:10:09,
d645ed65f9234de8b978d0158c945549,20260713_000641,,2026-07-13 00:10:11,DRREDDY,DRREDDY.NS,SIDEWAYS ↔️,,,PAPER,46,"{'Trend': 22, 'Momentum': 25, 'Volatility': 70, 'Signal': 15, 'Regime': 50, 'Rel. Strength': 50, 'Fundamental': 50, 'Sentiment': 50, 'Volume': 55, 'Candlestick': 50, 'Mkt Structure': 95, 'FII/DII': 70}",,,,,,,,,,,NO_TRADE,NO_TRADE,SCORE_GATE,Score 46/100 below minimum 50/100. No bucket would accept this.,2026-07-13 00:10:11,,,,PAPER,,,,,,,,2026-07-13 00:10:11,
426ef4c5b0bd44f59a0a3cf9dda06284,20260713_000641,,2026-07-13 00:10:15,TECHM,TECHM.NS,SIDEWAYS ↔️,Intraday,,PAPER,57,"{'Trend': 78, 'Momentum': 75, 'Volatility': 15, 'Signal': 68, 'Regime': 50, 'Rel. Strength': 50, 'Fundamental': 50, 'Sentiment': 50, 'Volume': 30, 'Candlestick': 50, 'Mkt Structure': 76, 'FII/DII': 70}",1.0,0.0,,,,,,,,,NO_TRADE,NO_TRADE,EXECUTION_RULE,❌ **TECHM** REJECTED for Intraday | Score: 60/100 | Votes: 1/4 Reasons: Portfolio risk gate: 🛑 Blocked: Intraday bucket drawdown: -20.4% (limit: -10.0%). Bucket paused — no new entries until losses recover. Existing positions continue unaffected.,2026-07-13 00:10:15,,,,PAPER,,,,,,,,2026-07-13 00:10:15,
bb7f2b68aa79467594509a8247e17261,20260713_000641,,2026-07-13 00:10:17,HDFCLIFE,HDFCLIFE.NS,SIDEWAYS ↔️,,,PAPER,42,"{'Trend': 25, 'Momentum': 40, 'Volatility': 60, 'Signal': 32, 'Regime': 50, 'Rel. Strength': 50, 'Fundamental': 50, 'Sentiment': 50, 'Volume': 55, 'Candlestick': 50, 'Mkt Structure': 0, 'FII/DII': 70}",,,,,,,,,,,NO_TRADE,NO_TRADE,SCORE_GATE,Score 42/100 below minimum 50/100. No bucket would accept this.,2026-07-13 00:10:17,,,,PAPER,,,,,,,,2026-07-13 00:10:17,
68f913c6fc4a4c4499cdb2ed36123b52,20260713_000641,,2026-07-13 00:10:19,PFC,PFC.NS,SIDEWAYS ↔️,,,PAPER,43,"{'Trend': 15, 'Momentum': 45, 'Volatility': 85, 'Signal': 50, 'Regime': 50, 'Rel. Strength': 50, 'Fundamental': 50, 'Sentiment': 50, 'Volume': 25, 'Candlestick': 50, 'Mkt Structure': 25, 'FII/DII': 70}",,,,,,,,,,,NO_TRADE,NO_TRADE,SCORE_GATE,Score 43/100 below minimum 50/100. No bucket would accept this.,2026-07-13 00:10:19,,,,PAPER,,,,,,,,2026-07-13 00:10:19,
0be1cf4a3a654ac8ae05ae9bdb4a56aa,20260713_000641,,2026-07-13 00:10:21,RECLTD,RECLTD.NS,SIDEWAYS ↔️,,,PAPER,50,"{'Trend': 48, 'Momentum': 45, 'Volatility': 70, 'Signal': 50, 'Regime': 50, 'Rel. Strength': 50, 'Fundamental': 50, 'Sentiment': 50, 'Volume': 20, 'Candlestick': 50, 'Mkt Structure': 61, 'FII/DII': 70}",0.0,0.0,,,,,,,,,NO_TRADE,NO_TRADE,VOTE_GATE,Signal is NEUTRAL ⚪ — not a BUY. No action taken.,2026-07-13 00:10:21,,,,PAPER,,,,,,,,2026-07-13 00:10:21,
68d72366adc7450b952d38989aba397c,20260713_000641,,2026-07-13 00:10:23,SHRIRAMFIN,SHRIRAMFIN.NS,SIDEWAYS ↔️,,,PAPER,50,"{'Trend': 75, 'Momentum': 15, 'Volatility': 40, 'Signal': 50, 'Regime': 50, 'Rel. Strength': 50, 'Fundamental': 50, 'Sentiment': 50, 'Volume': 20, 'Candlestick': 50, 'Mkt Structure': 76, 'FII/DII': 70}",1.0,1.0,,,,,,,,,NO_TRADE,NO_TRADE,VOTE_GATE,Signal is NEUTRAL ⚪ — not a BUY. No action taken.,2026-07-13 00:10:23,,,,PAPER,,,,,,,,2026-07-13 00:10:23,
95b96e99cd844923b48e2c9325507d6f,20260713_000641,,2026-07-13 00:10:25,CHOLAFIN,CHOLAFIN.NS,SIDEWAYS ↔️,—,,PAPER,53,"{'Trend': 75, 'Momentum': 15, 'Volatility': 40, 'Signal': 68, 'Regime': 50, 'Rel. Strength': 50, 'Fundamental': 50, 'Sentiment': 50, 'Volume': 45, 'Candlestick': 50, 'Mkt Structure': 76, 'FII/DII': 70}",1.0,0.0,,,,,,,,,NO_TRADE,NO_TRADE,EXECUTION_RULE,"No suitable bucket for CHOLAFIN. Score 53/100, 1/4 strategies agree — signal is too weak for any bucket. Wait for a stronger setup.",2026-07-13 00:10:25,,,,PAPER,,,,,,,,2026-07-13 00:10:25,
3436ebf8ef554f03ba565dc19bc467e7,20260713_000641,,2026-07-13 00:10:27,MUTHOOTFIN,MUTHOOTFIN.NS,SIDEWAYS ↔️,,,PAPER,49,"{'Trend': 52, 'Momentum': 75, 'Volatility': 40, 'Signal': 68, 'Regime': 50, 'Rel. Strength': 50, 'Fundamental': 50, 'Sentiment': 50, 'Volume': 10, 'Candlestick': 50, 'Mkt Structure': 21, 'FII/DII': 70}",,,,,,,,,,,NO_TRADE,NO_TRADE,SCORE_GATE,Score 49/100 below minimum 50/100. No bucket would accept this.,2026-07-13 00:10:27,,,,PAPER,,,,,,,,2026-07-13 00:10:27,
019d5ebda3594e09beecd323424841b5,20260713_000641,,2026-07-13 00:10:29,CANBK,CANBK.NS,SIDEWAYS ↔️,,,PAPER,47,"{'Trend': 25, 'Momentum': 40, 'Volatility': 50, 'Signal': 32, 'Regime': 50, 'Rel. Strength': 50, 'Fundamental': 50, 'Sentiment': 50, 'Volume': 55, 'Candlestick': 50, 'Mkt Structure': 73, 'FII/DII': 70}",,,,,,,,,,,NO_TRADE,NO_TRADE,SCORE_GATE,Score 47/100 below minimum 50/100. No bucket would accept this.,2026-07-13 00:10:29,,,,PAPER,,,,,,,,2026-07-13 00:10:29,
8fa8ef76eecc47c59ff446a70a1442e5,20260713_000641,,2026-07-13 00:10:32,BANKBARODA,BANKBARODA.NS,SIDEWAYS ↔️,,,PAPER,44,"{'Trend': 15, 'Momentum': 45, 'Volatility': 60, 'Signal': 50, 'Regime': 50, 'Rel. Strength': 50, 'Fundamental': 50, 'Sentiment': 50, 'Volume': 45, 'Candlestick': 50, 'Mkt Structure': 27, 'FII/DII': 70}",,,,,,,,,,,NO_TRADE,NO_TRADE,SCORE_GATE,Score 44/100 below minimum 50/100. No bucket would accept this.,2026-07-13 00:10:32,,,,PAPER,,,,,,,,2026-07-13 00:10:32,
39a82bd0d8bb4fca9930edd90b830d63,20260713_000641,,2026-07-13 00:10:34,PNB,PNB.NS,SIDEWAYS ↔️,,,PAPER,49,"{'Trend': 32, 'Momentum': 40, 'Volatility': 60, 'Signal': 32, 'Regime': 50, 'Rel. Strength': 50, 'Fundamental': 50, 'Sentiment': 50, 'Volume': 75, 'Candlestick': 50, 'Mkt Structure': 62, 'FII/DII': 70}",,,,,,,,,,,NO_TRADE,NO_TRADE,SCORE_GATE,Score 49/100 below minimum 50/100. No bucket would accept this.,2026-07-13 00:10:34,,,,PAPER,,,,,,,,2026-07-13 00:10:34,
c8381c109c254320a5bc3a1814128bc9,20260713_000641,,2026-07-13 00:10:36,IDFCFIRSTB,IDFCFIRSTB.NS,SIDEWAYS ↔️,—,,PAPER,54,"{'Trend': 75, 'Momentum': 25, 'Volatility': 30, 'Signal': 68, 'Regime': 50, 'Rel. Strength': 50, 'Fundamental': 50, 'Sentiment': 50, 'Volume': 30, 'Candlestick': 50, 'Mkt Structure': 98, 'FII/DII': 70}",1.0,0.0,,,,,,,,,NO_TRADE,NO_TRADE,EXECUTION_RULE,"No suitable bucket for IDFCFIRSTB. Score 54/100, 1/4 strategies agree — signal is too weak for any bucket. Wait for a stronger setup.",2026-07-13 00:10:36,,,,PAPER,,,,,,,,2026-07-13 00:10:36,
3bdc584f441a48c9bd77f8272ad16a3f,20260713_000641,,2026-07-13 00:10:40,FEDERALBNK,FEDERALBNK.NS,SIDEWAYS ↔️,Intraday,,PAPER,58,"{'Trend': 75, 'Momentum': 25, 'Volatility': 40, 'Signal': 68, 'Regime': 50, 'Rel. Strength': 50, 'Fundamental': 50, 'Sentiment': 50, 'Volume': 60, 'Candlestick': 50, 'Mkt Structure': 100, 'FII/DII': 70}",1.0,0.0,,,,,,,,,NO_TRADE,NO_TRADE,EXECUTION_RULE,❌ **FEDERALBNK** REJECTED for Intraday | Score: 52/100 | Votes: 1/4 Reasons: Portfolio risk gate: 🛑 Blocked: Intraday bucket drawdown: -20.4% (limit: -10.0%). Bucket paused — no new entries until losses recover. Existing positions continue unaffected.,2026-07-13 00:10:40,,,,PAPER,,,,,,,,2026-07-13 00:10:40,
5c57b9c199744705a94c979da7c6b699,20260713_000641,,2026-07-13 00:10:44,BANDHANBNK,BANDHANBNK.NS,SIDEWAYS ↔️,Intraday,,PAPER,59,"{'Trend': 52, 'Momentum': 25, 'Volatility': 40, 'Signal': 68, 'Regime': 50, 'Rel. Strength': 50, 'Fundamental': 50, 'Sentiment': 50, 'Volume': 85, 'Candlestick': 80, 'Mkt Structure': 100, 'FII/DII': 70}",1.0,0.0,,,,,,,,,NO_TRADE,NO_TRADE,EXECUTION_RULE,❌ **BANDHANBNK** REJECTED for Intraday | Score: 54/100 | Votes: 1/4 Reasons: Portfolio risk gate: 🛑 Blocked: Intraday bucket drawdown: -20.4% (limit: -10.0%). Bucket paused — no new entries until losses recover. Existing positions continue unaffected.,2026-07-13 00:10:44,,,,PAPER,,,,,,,,2026-07-13 00:10:44,
b7de539e2b0f4fc8a30c21f8adf7531a,20260713_000641,,2026-07-13 00:10:46,INDUSINDBK,INDUSINDBK.NS,SIDEWAYS ↔️,,,PAPER,56,"{'Trend': 85, 'Momentum': 55, 'Volatility': 15, 'Signal': 50, 'Regime': 50, 'Rel. Strength': 50, 'Fundamental': 50, 'Sentiment': 50, 'Volume': 50, 'Candlestick': 50, 'Mkt Structure': 76, 'FII/DII': 70}",0.0,0.0,,,,,,,,,NO_TRADE,NO_TRADE,VOTE_GATE,Signal is NEUTRAL ⚪ — not a BUY. No action taken.,2026-07-13 00:10:46,,,,PAPER,,,,,,,,2026-07-13 00:10:46,
c92df4c82978408c9dcb9e0fe04c19ea,20260713_000641,,2026-07-13 00:10:51,GRASIM,GRASIM.NS,SIDEWAYS ↔️,Swing,,PAPER,61,"{'Trend': 68, 'Momentum': 75, 'Volatility': 15, 'Signal': 85, 'Regime': 50, 'Rel. Strength': 50, 'Fundamental': 50, 'Sentiment': 50, 'Volume': 50, 'Candlestick': 50, 'Mkt Structure': 100, 'FII/DII': 70}",2.0,0.0,,,,,,,,,NO_TRADE,NO_TRADE,EXECUTION_RULE,❌ **GRASIM** REJECTED for Swing | Score: 65/100 | Votes: 2/4 Reasons: Portfolio risk gate: 🛑 Blocked: Swing bucket drawdown: -16.9% (limit: -10.0%). Bucket paused — no new entries until losses recover. Existing positions continue unaffected.,2026-07-13 00:10:51,,,,PAPER,,,,,,,,2026-07-13 00:10:51,
5aef60fa12054f3986daaea07706f8ea,20260713_000641,,2026-07-13 00:10:53,BERGEPAINT,BERGEPAINT.NS,SIDEWAYS ↔️,,,PAPER,41,"{'Trend': 22, 'Momentum': 45, 'Volatility': 70, 'Signal': 50, 'Regime': 50, 'Rel. Strength': 50, 'Fundamental': 50, 'Sentiment': 50, 'Volume': 10, 'Candlestick': 50, 'Mkt Structure': 15, 'FII/DII': 70}",,,,,,,,,,,NO_TRADE,NO_TRADE,SCORE_GATE,Score 41/100 below minimum 50/100. No bucket would accept this.,2026-07-13 00:10:53,,,,PAPER,,,,,,,,2026-07-13 00:10:53,
e6af92779c5748f284b0fcce608233fd,20260713_000641,,2026-07-13 00:10:55,BHEL,BHEL.NS,SIDEWAYS ↔️,,,PAPER,42,"{'Trend': 32, 'Momentum': 25, 'Volatility': 50, 'Signal': 32, 'Regime': 50, 'Rel. Strength': 50, 'Fundamental': 50, 'Sentiment': 50, 'Volume': 40, 'Candlestick': 58, 'Mkt Structure': 31, 'FII/DII': 70}",,,,,,,,,,,NO_TRADE,NO_TRADE,SCORE_GATE,Score 42/100 below minimum 50/100. No bucket would accept this.,2026-07-13 00:10:55,,,,PAPER,,,,,,,,2026-07-13 00:10:55,
3bde4c2d297747a3b918f6e27d7f4fc3,20260713_000641,,2026-07-13 00:10:57,ABB,ABB.NS,SIDEWAYS ↔️,,,PAPER,41,"{'Trend': 32, 'Momentum': 40, 'Volatility': 70, 'Signal': 32, 'Regime': 50, 'Rel. Strength': 50, 'Fundamental': 50, 'Sentiment': 50, 'Volume': 0, 'Candlestick': 50, 'Mkt Structure': 31, 'FII/DII': 70}",,,,,,,,,,,NO_TRADE,NO_TRADE,SCORE_GATE,Score 41/100 below minimum 50/100. No bucket would accept this.,2026-07-13 00:10:57,,,,PAPER,,,,,,,,2026-07-13 00:10:57,
8c810e97989143e3b5c24138d250f91b,20260713_000641,,2026-07-13 00:11:01,TORNTPOWER,TORNTPOWER.NS,SIDEWAYS ↔️,Intraday,,PAPER,56,"{'Trend': 52, 'Momentum': 90, 'Volatility': 50, 'Signal': 68, 'Regime': 50, 'Rel. Strength': 50, 'Fundamental': 50, 'Sentiment': 50, 'Volume': 55, 'Candlestick': 50, 'Mkt Structure': 24, 'FII/DII': 70}",1.0,0.0,,,,,,,,,NO_TRADE,NO_TRADE,EXECUTION_RULE,❌ **TORNTPOWER** REJECTED for Intraday | Score: 66/100 | Votes: 1/4 Reasons: Portfolio risk gate: 🛑 Blocked: Intraday bucket drawdown: -20.4% (limit: -10.0%). Bucket paused — no new entries until losses recover. Existing positions continue unaffected.,2026-07-13 00:11:01,,,,PAPER,,,,,,,,2026-07-13 00:11:01,
be1a16f7719046bab478a52b4e6e0afc,20260713_000641,,2026-07-13 00:11:03,TATAPOWER,TATAPOWER.NS,SIDEWAYS ↔️,,,PAPER,41,"{'Trend': 25, 'Momentum': 45, 'Volatility': 60, 'Signal': 50, 'Regime': 50, 'Rel. Strength': 50, 'Fundamental': 50, 'Sentiment': 50, 'Volume': 20, 'Candlestick': 50, 'Mkt Structure': 0, 'FII/DII': 70}",,,,,,,,,,,NO_TRADE,NO_TRADE,SCORE_GATE,Score 41/100 below minimum 50/100. No bucket would accept this.,2026-07-13 00:11:03,,,,PAPER,,,,,,,,2026-07-13 00:11:03,
10a3c0ca5a2f48239e6f47d42aeb1d09,20260713_000641,,2026-07-13 00:11:07,MPHASIS,MPHASIS.NS,SIDEWAYS ↔️,Intraday,,PAPER,60,"{'Trend': 78, 'Momentum': 75, 'Volatility': 30, 'Signal': 68, 'Regime': 50, 'Rel. Strength': 50, 'Fundamental': 50, 'Sentiment': 50, 'Volume': 70, 'Candlestick': 50, 'Mkt Structure': 46, 'FII/DII': 70}",1.0,0.0,,,,,,,,,NO_TRADE,NO_TRADE,EXECUTION_RULE,❌ **MPHASIS** REJECTED for Intraday | Score: 74/100 | Votes: 1/4 Reasons: Portfolio risk gate: 🛑 Blocked: Intraday bucket drawdown: -20.4% (limit: -10.0%). Bucket paused — no new entries until losses recover. Existing positions continue unaffected.,2026-07-13 00:11:07,,,,PAPER,,,,,,,,2026-07-13 00:11:07,
60b24e2a787145cbb6f5463736990b50,20260713_000641,,2026-07-13 00:11:10,VBL,VBL.NS,SIDEWAYS ↔️,,,PAPER,40,"{'Trend': 15, 'Momentum': 40, 'Volatility': 70, 'Signal': 32, 'Regime': 50, 'Rel. Strength': 50, 'Fundamental': 50, 'Sentiment': 50, 'Volume': 35, 'Candlestick': 50, 'Mkt Structure': 11, 'FII/DII': 70}",,,,,,,,,,,NO_TRADE,NO_TRADE,SCORE_GATE,Score 40/100 below minimum 50/100. No bucket would accept this.,2026-07-13 00:11:10,,,,PAPER,,,,,,,,2026-07-13 00:11:10,
960d22a6e3b4422ba2f7da050d948ac0,20260713_000641,,2026-07-13 00:11:12,INDIGO,INDIGO.NS,SIDEWAYS ↔️,—,,PAPER,54,"{'Trend': 75, 'Momentum': 15, 'Volatility': 40, 'Signal': 68, 'Regime': 50, 'Rel. Strength': 50, 'Fundamental': 50, 'Sentiment': 50, 'Volume': 50, 'Candlestick': 50, 'Mkt Structure': 81, 'FII/DII': 70}",1.0,0.0,,,,,,,,,NO_TRADE,NO_TRADE,EXECUTION_RULE,"No suitable bucket for INDIGO. Score 54/100, 1/4 strategies agree — signal is too weak for any bucket. Wait for a stronger setup.",2026-07-13 00:11:12,,,,PAPER,,,,,,,,2026-07-13 00:11:12,
e60b656bec84428bb044e62ff9e8d068,20260713_000641,,2026-07-13 00:11:14,ADANIGREEN,ADANIGREEN.NS,SIDEWAYS ↔️,—,,PAPER,54,"{'Trend': 68, 'Momentum': 25, 'Volatility': 40, 'Signal': 68, 'Regime': 50, 'Rel. Strength': 50, 'Fundamental': 50, 'Sentiment': 50, 'Volume': 20, 'Candlestick': 58, 'Mkt Structure': 100, 'FII/DII': 70}",1.0,0.0,,,,,,,,,NO_TRADE,NO_TRADE,EXECUTION_RULE,"No suitable bucket for ADANIGREEN. Score 54/100, 1/4 strategies agree — signal is too weak for any bucket. Wait for a stronger setup.",2026-07-13 00:11:14,,,,PAPER,,,,,,,,2026-07-13 00:11:14,
86c30f78d0cf48b8ba2e68b052716e44,20260713_000641,,2026-07-13 00:11:16,NYKAA,NYKAA.NS,SIDEWAYS ↔️,,,PAPER,59,"{'Trend': 85, 'Momentum': 55, 'Volatility': 15, 'Signal': 50, 'Regime': 50, 'Rel. Strength': 50, 'Fundamental': 50, 'Sentiment': 50, 'Volume': 60, 'Candlestick': 50, 'Mkt Structure': 92, 'FII/DII': 70}",0.0,0.0,,,,,,,,,NO_TRADE,NO_TRADE,VOTE_GATE,Signal is NEUTRAL ⚪ — not a BUY. No action taken.,2026-07-13 00:11:16,,,,PAPER,,,,,,,,2026-07-13 00:11:16,
17160a2535c7470081ba2d1c20a6817f,20260713_000641,,2026-07-13 00:11:18,IRFC,IRFC.NS,SIDEWAYS ↔️,,,PAPER,39,"{'Trend': 15, 'Momentum': 45, 'Volatility': 60, 'Signal': 50, 'Regime': 50, 'Rel. Strength': 50, 'Fundamental': 50, 'Sentiment': 50, 'Volume': 20, 'Candlestick': 50, 'Mkt Structure': 0, 'FII/DII': 70}",,,,,,,,,,,NO_TRADE,NO_TRADE,SCORE_GATE,Score 39/100 below minimum 50/100. No bucket would accept this.,2026-07-13 00:11:18,,,,PAPER,,,,,,,,2026-07-13 00:11:18,
99dc0d65af244ba19f14605b44c149f7,20260713_000641,,2026-07-13 00:11:22,HAVELLS,HAVELLS.NS,SIDEWAYS ↔️,Intraday,,PAPER,59,"{'Trend': 68, 'Momentum': 75, 'Volatility': 50, 'Signal': 68, 'Regime': 50, 'Rel. Strength': 50, 'Fundamental': 50, 'Sentiment': 50, 'Volume': 45, 'Candlestick': 50, 'Mkt Structure': 73, 'FII/DII': 70}",1.0,0.0,,,,,,,,,NO_TRADE,NO_TRADE,EXECUTION_RULE,❌ **HAVELLS** REJECTED for Intraday | Score: 62/100 | Votes: 1/4 Reasons: Portfolio risk gate: 🛑 Blocked: Intraday bucket drawdown: -20.4% (limit: -10.0%). Bucket paused — no new entries until losses recover. Existing positions continue unaffected.,2026-07-13 00:11:22,,,,PAPER,,,,,,,,2026-07-13 00:11:22,
c5080a9f94004bd6a0f38fa86a8dd22a,20260713_000641,,2026-07-13 00:11:24,TRENT,TRENT.NS,SIDEWAYS ↔️,,,PAPER,41,"{'Trend': 22, 'Momentum': 40, 'Volatility': 70, 'Signal': 15, 'Regime': 50, 'Rel. Strength': 50, 'Fundamental': 50, 'Sentiment': 50, 'Volume': 0, 'Candlestick': 50, 'Mkt Structure': 73, 'FII/DII': 70}",,,,,,,,,,,NO_TRADE,NO_TRADE,SCORE_GATE,Score 41/100 below minimum 50/100. No bucket would accept this.,2026-07-13 00:11:24,,,,PAPER,,,,,,,,2026-07-13 00:11:24,
c13f7cad39254a09a2fcd7c75b493072,20260713_000641,,2026-07-13 00:11:26,PAGEIND,PAGEIND.NS,SIDEWAYS ↔️,,,PAPER,45,"{'Trend': 45, 'Momentum': 25, 'Volatility': 60, 'Signal': 32, 'Regime': 50, 'Rel. Strength': 50, 'Fundamental': 50, 'Sentiment': 50, 'Volume': 30, 'Candlestick': 34, 'Mkt Structure': 73, 'FII/DII': 70}",,,,,,,,,,,NO_TRADE,NO_TRADE,SCORE_GATE,Score 45/100 below minimum 50/100. No bucket would accept this.,2026-07-13 00:11:26,,,,PAPER,,,,,,,,2026-07-13 00:11:26,
98a23af3b4614602a9cd74152dca0c67,20260713_000641,,2026-07-13 00:11:28,POLYCAB,POLYCAB.NS,SIDEWAYS ↔️,,,PAPER,45,"{'Trend': 15, 'Momentum': 45, 'Volatility': 70, 'Signal': 50, 'Regime': 50, 'Rel. Strength': 50, 'Fundamental': 50, 'Sentiment': 50, 'Volume': 35, 'Candlestick': 50, 'Mkt Structure': 42, 'FII/DII': 70}",,,,,,,,,,,NO_TRADE,NO_TRADE,SCORE_GATE,Score 45/100 below minimum 50/100. No bucket would accept this.,2026-07-13 00:11:28,,,,PAPER,,,,,,,,2026-07-13 00:11:28,
55edb2e91cb84a65a8c370ff70fc82b9,20260713_000641,,2026-07-13 00:11:30,VOLTAS,VOLTAS.NS,SIDEWAYS ↔️,,,PAPER,45,"{'Trend': 32, 'Momentum': 40, 'Volatility': 60, 'Signal': 32, 'Regime': 50, 'Rel. Strength': 50, 'Fundamental': 50, 'Sentiment': 50, 'Volume': 20, 'Candlestick': 50, 'Mkt Structure': 71, 'FII/DII': 70}",,,,,,,,,,,NO_TRADE,NO_TRADE,SCORE_GATE,Score 45/100 below minimum 50/100. No bucket would accept this.,2026-07-13 00:11:30,,,,PAPER,,,,,,,,2026-07-13 00:11:30,
cf052c811da545c4b930ce092573a12a,20260713_000641,,2026-07-13 00:11:32,UBL,UBL.NS,SIDEWAYS ↔️,,,PAPER,48,"{'Trend': 32, 'Momentum': 75, 'Volatility': 60, 'Signal': 32, 'Regime': 50, 'Rel. Strength': 50, 'Fundamental': 50, 'Sentiment': 50, 'Volume': 10, 'Candlestick': 50, 'Mkt Structure': 68, 'FII/DII': 70}",,,,,,,,,,,NO_TRADE,NO_TRADE,SCORE_GATE,Score 48/100 below minimum 50/100. No bucket would accept this.,2026-07-13 00:11:32,,,,PAPER,,,,,,,,2026-07-13 00:11:32,
dfcf1ef5d6304fef892b95c99b6a56df,20260713_000641,,2026-07-13 00:11:34,BATAINDIA,BATAINDIA.NS,SIDEWAYS ↔️,,,PAPER,47,"{'Trend': 32, 'Momentum': 40, 'Volatility': 50, 'Signal': 32, 'Regime': 50, 'Rel. Strength': 50, 'Fundamental': 50, 'Sentiment': 50, 'Volume': 80, 'Candlestick': 46, 'Mkt Structure': 38, 'FII/DII': 70}",,,,,,,,,,,NO_TRADE,NO_TRADE,SCORE_GATE,Score 47/100 below minimum 50/100. No bucket would accept this.,2026-07-13 00:11:34,,,,PAPER,,,,,,,,2026-07-13 00:11:34,
5c8da7699b3a45e88257834b043b59bf,20260713_000641,,2026-07-13 00:11:37,SIEMENS,SIEMENS.NS,SIDEWAYS ↔️,,,PAPER,45,"{'Trend': 25, 'Momentum': 45, 'Volatility': 60, 'Signal': 50, 'Regime': 50, 'Rel. Strength': 50, 'Fundamental': 50, 'Sentiment': 50, 'Volume': 35, 'Candlestick': 41, 'Mkt Structure': 41, 'FII/DII': 70}",,,,,,,,,,,NO_TRADE,NO_TRADE,SCORE_GATE,Score 45/100 below minimum 50/100. No bucket would accept this.,2026-07-13 00:11:37,,,,PAPER,,,,,,,,2026-07-13 00:11:37,
198ec865d39e4863a390f9068a73d534,20260713_000641,,2026-07-13 00:11:40,RailTel,RAILTEL.NS,SIDEWAYS ↔️,,,PAPER,41,"{'Trend': 25, 'Momentum': 40, 'Volatility': 60, 'Signal': 32, 'Regime': 50, 'Rel. Strength': 50, 'Fundamental': 50, 'Sentiment': 50, 'Volume': 45, 'Candlestick': 50, 'Mkt Structure': 8, 'FII/DII': 70}",,,,,,,,,,,NO_TRADE,NO_TRADE,SCORE_GATE,Score 41/100 below minimum 50/100. No bucket would accept this.,2026-07-13 00:11:40,,,,PAPER,,,,,,,,2026-07-13 00:11:40,
f750c9aa7d2749a28a50e86d7b6d134c,20260713_000641,,2026-07-13 00:11:42,Lupin,LUPIN.NS,SIDEWAYS ↔️,,,PAPER,54,"{'Trend': 85, 'Momentum': 55, 'Volatility': 30, 'Signal': 50, 'Regime': 50, 'Rel. Strength': 50, 'Fundamental': 50, 'Sentiment': 50, 'Volume': 30, 'Candlestick': 50, 'Mkt Structure': 54, 'FII/DII': 70}",0.0,0.0,,,,,,,,,NO_TRADE,NO_TRADE,VOTE_GATE,Signal is NEUTRAL ⚪ — not a BUY. No action taken.,2026-07-13 00:11:42,,,,PAPER,,,,,,,,2026-07-13 00:11:42,
80d7246d5da54ee883947dff65efccbc,20260713_000641,,2026-07-13 00:11:45,Torrent Pharma,TORNTPHARM.NS,SIDEWAYS ↔️,,,PAPER,62,"{'Trend': 85, 'Momentum': 55, 'Volatility': 15, 'Signal': 50, 'Regime': 50, 'Rel. Strength': 50, 'Fundamental': 50, 'Sentiment': 50, 'Volume': 90, 'Candlestick': 69, 'Mkt Structure': 87, 'FII/DII': 70}",0.0,0.0,,,,,,,,,NO_TRADE,NO_TRADE,VOTE_GATE,Signal is NEUTRAL ⚪ — not a BUY. No action taken.,2026-07-13 00:11:45,,,,PAPER,,,,,,,,2026-07-13 00:11:45,
748e08afcdbf4de286befce792c55569,20260713_000641,,2026-07-13 00:11:49,Gujarat Pipavav Port,GPPL.NS,SIDEWAYS ↔️,Intraday,,PAPER,58,"{'Trend': 52, 'Momentum': 75, 'Volatility': 50, 'Signal': 85, 'Regime': 50, 'Rel. Strength': 50, 'Fundamental': 50, 'Sentiment': 50, 'Volume': 40, 'Candlestick': 50, 'Mkt Structure': 68, 'FII/DII': 70}",2.0,0.0,,,,,,,,,NO_TRADE,NO_TRADE,EXECUTION_RULE,❌ **Gujarat Pipavav Port** REJECTED for Intraday | Score: 56/100 | Votes: 2/4 Reasons: Portfolio risk gate: 🛑 Blocked: Intraday bucket drawdown: -20.4% (limit: -10.0%). Bucket paused — no new entries until losses recover. Existing positions continue unaffected.,2026-07-13 00:11:49,,,,PAPER,,,,,,,,2026-07-13 00:11:49,
b0029352cee14184aa207a3e36f633a5,20260713_000641,,2026-07-13 00:11:53,Amara Raja Energy,ARE&M.NS,SIDEWAYS ↔️,Intraday,,PAPER,65,"{'Trend': 78, 'Momentum': 75, 'Volatility': 15, 'Signal': 68, 'Regime': 50, 'Rel. Strength': 50, 'Fundamental': 50, 'Sentiment': 50, 'Volume': 95, 'Candlestick': 50, 'Mkt Structure': 100, 'FII/DII': 70}",1.0,0.0,,,,,,,,,NO_TRADE,NO_TRADE,EXECUTION_RULE,❌ **Amara Raja Energy** REJECTED for Intraday | Score: 83/100 | Votes: 1/4 Reasons: Portfolio risk gate: 🛑 Blocked: Intraday bucket drawdown: -20.4% (limit: -10.0%). Bucket paused — no new entries until losses recover. Existing positions continue unaffected.,2026-07-13 00:11:53,,,,PAPER,,,,,,,,2026-07-13 00:11:53,
e0839a514fb844298e8b344a3cf1582d,20260713_000641,,2026-07-13 00:11:57,Bank of India,BANKINDIA.NS,SIDEWAYS ↔️,Intraday,,PAPER,58,"{'Trend': 52, 'Momentum': 25, 'Volatility': 40, 'Signal': 68, 'Regime': 50, 'Rel. Strength': 50, 'Fundamental': 50, 'Sentiment': 50, 'Volume': 85, 'Candlestick': 75, 'Mkt Structure': 96, 'FII/DII': 70}",1.0,0.0,,,,,,,,,NO_TRADE,NO_TRADE,EXECUTION_RULE,❌ **Bank of India** REJECTED for Intraday | Score: 54/100 | Votes: 1/4 Reasons: Portfolio risk gate: 🛑 Blocked: Intraday bucket drawdown: -20.4% (limit: -10.0%). Bucket paused — no new entries until losses recover. Existing positions continue unaffected.,2026-07-13 00:11:57,,,,PAPER,,,,,,,,2026-07-13 00:11:57,
c0fd5ea87c9440a2adec36cafd43cdf9,20260713_000641,,2026-07-13 00:11:59,Credo Brands,MUFTI.NS,SIDEWAYS ↔️,,,PAPER,48,"{'Trend': 32, 'Momentum': 40, 'Volatility': 60, 'Signal': 32, 'Regime': 50, 'Rel. Strength': 50, 'Fundamental': 50, 'Sentiment': 50, 'Volume': 20, 'Candlestick': 50, 'Mkt Structure': 99, 'FII/DII': 70}",,,,,,,,,,,NO_TRADE,NO_TRADE,SCORE_GATE,Score 48/100 below minimum 50/100. No bucket would accept this.,2026-07-13 00:11:59,,,,PAPER,,,,,,,,2026-07-13 00:11:59,
4cf86919656149199af11a9f1b83281c,20260713_000641,,2026-07-13 00:12:01,Tata Communications,TATACOMM.NS,SIDEWAYS ↔️,,,PAPER,43,"{'Trend': 22, 'Momentum': 45, 'Volatility': 70, 'Signal': 50, 'Regime': 50, 'Rel. Strength': 50, 'Fundamental': 50, 'Sentiment': 50, 'Volume': 10, 'Candlestick': 50, 'Mkt Structure': 35, 'FII/DII': 70}",,,,,,,,,,,NO_TRADE,NO_TRADE,SCORE_GATE,Score 43/100 below minimum 50/100. No bucket would accept this.,2026-07-13 00:12:01,,,,PAPER,,,,,,,,2026-07-13 00:12:01,
e9fc879e149c4ff4a63f412e00240c44,20260713_000641,,2026-07-13 00:12:03,Container Corp,CONCOR.NS,SIDEWAYS ↔️,,,PAPER,46,"{'Trend': 32, 'Momentum': 25, 'Volatility': 60, 'Signal': 32, 'Regime': 50, 'Rel. Strength': 50, 'Fundamental': 50, 'Sentiment': 50, 'Volume': 85, 'Candlestick': 26, 'Mkt Structure': 46, 'FII/DII': 70}",,,,,,,,,,,NO_TRADE,NO_TRADE,SCORE_GATE,Score 46/100 below minimum 50/100. No bucket would accept this.,2026-07-13 00:12:03,,,,PAPER,,,,,,,,2026-07-13 00:12:03,
857e5b185c604bfd85bd89ad87336940,20260713_000641,,2026-07-13 00:12:07,PERSISTENT,PERSISTENT.NS,SIDEWAYS ↔️,Intraday,,PAPER,56,"{'Trend': 62, 'Momentum': 75, 'Volatility': 30, 'Signal': 68, 'Regime': 50, 'Rel. Strength': 50, 'Fundamental': 50, 'Sentiment': 50, 'Volume': 65, 'Candlestick': 68, 'Mkt Structure': 23, 'FII/DII': 70}",1.0,0.0,,,,,,,,,NO_TRADE,NO_TRADE,EXECUTION_RULE,❌ **PERSISTENT** REJECTED for Intraday | Score: 68/100 | Votes: 1/4 Reasons: Portfolio risk gate: 🛑 Blocked: Intraday bucket drawdown: -20.4% (limit: -10.0%). Bucket paused — no new entries until losses recover. Existing positions continue unaffected.,2026-07-13 00:12:07,,,,PAPER,,,,,,,,2026-07-13 00:12:07,
9dd17ffc0d964c879c92876b0a7aa60a,20260713_000641,,2026-07-13 00:12:09,VEDL,VEDL.NS,SIDEWAYS ↔️,,,PAPER,44,"{'Trend': 15, 'Momentum': 95, 'Volatility': 60, 'Signal': 50, 'Regime': 50, 'Rel. Strength': 50, 'Fundamental': 50, 'Sentiment': 50, 'Volume': 0, 'Candlestick': 46, 'Mkt Structure': 19, 'FII/DII': 70}",,,,,,,,,,,NO_TRADE,NO_TRADE,SCORE_GATE,Score 44/100 below minimum 50/100. No bucket would accept this.,2026-07-13 00:12:09,,,,PAPER,,,,,,,,2026-07-13 00:12:09,
423406d656b54525bb16e197efaf88bf,20260713_000641,,2026-07-13 00:12:11,GAIL,GAIL.NS,SIDEWAYS ↔️,,,PAPER,49,"{'Trend': 48, 'Momentum': 25, 'Volatility': 50, 'Signal': 32, 'Regime': 50, 'Rel. Strength': 50, 'Fundamental': 50, 'Sentiment': 50, 'Volume': 30, 'Candlestick': 56, 'Mkt Structure': 100, 'FII/DII': 70}",,,,,,,,,,,NO_TRADE,NO_TRADE,SCORE_GATE,Score 49/100 below minimum 50/100. No bucket would accept this.,2026-07-13 00:12:11,,,,PAPER,,,,,,,,2026-07-13 00:12:11,
ea58ca2b317e4dbd978fe83e568aaa9b,20260713_000641,,2026-07-13 00:12:14,HINDALCO,HINDALCO.NS,SIDEWAYS ↔️,,,PAPER,46,"{'Trend': 25, 'Momentum': 90, 'Volatility': 50, 'Signal': 32, 'Regime': 50, 'Rel. Strength': 50, 'Fundamental': 50, 'Sentiment': 50, 'Volume': 45, 'Candlestick': 50, 'Mkt Structure': 6, 'FII/DII': 70}",,,,,,,,,,,NO_TRADE,NO_TRADE,SCORE_GATE,Score 46/100 below minimum 50/100. No bucket would accept this.,2026-07-13 00:12:14,,,,PAPER,,,,,,,,2026-07-13 00:12:14,
cd2f04fb0940489a97c431b2262fbc52,20260713_000641,,2026-07-13 00:12:16,BPCL,BPCL.NS,SIDEWAYS ↔️,—,,PAPER,54,"{'Trend': 68, 'Momentum': 25, 'Volatility': 50, 'Signal': 68, 'Regime': 50, 'Rel. Strength': 50, 'Fundamental': 50, 'Sentiment': 50, 'Volume': 30, 'Candlestick': 50, 'Mkt Structure': 91, 'FII/DII': 70}",1.0,0.0,,,,,,,,,NO_TRADE,NO_TRADE,EXECUTION_RULE,"No suitable bucket for BPCL. Score 54/100, 1/4 strategies agree — signal is too weak for any bucket. Wait for a stronger setup.",2026-07-13 00:12:16,,,,PAPER,,,,,,,,2026-07-13 00:12:16,
78366e6510b34a46966729d2832fc2d2,20260713_000641,,2026-07-13 00:12:18,NMDC,NMDC.NS,SIDEWAYS ↔️,,,PAPER,39,"{'Trend': 25, 'Momentum': 40, 'Volatility': 60, 'Signal': 32, 'Regime': 50, 'Rel. Strength': 50, 'Fundamental': 50, 'Sentiment': 50, 'Volume': 20, 'Candlestick': 50, 'Mkt Structure': 0, 'FII/DII': 70}",,,,,,,,,,,NO_TRADE,NO_TRADE,SCORE_GATE,Score 39/100 below minimum 50/100. No bucket would accept this.,2026-07-13 00:12:18,,,,PAPER,,,,,,,,2026-07-13 00:12:18,
5cbde6d44bc34bde862a7d4bddf1aa87,20260713_000641,,2026-07-13 00:12:20,IOC,IOC.NS,SIDEWAYS ↔️,,,PAPER,44,"{'Trend': 32, 'Momentum': 40, 'Volatility': 70, 'Signal': 32, 'Regime': 50, 'Rel. Strength': 50, 'Fundamental': 50, 'Sentiment': 50, 'Volume': 20, 'Candlestick': 46, 'Mkt Structure': 51, 'FII/DII': 70}",,,,,,,,,,,NO_TRADE,NO_TRADE,SCORE_GATE,Score 44/100 below minimum 50/100. No bucket would accept this.,2026-07-13 00:12:20,,,,PAPER,,,,,,,,2026-07-13 00:12:20,
5d24de58472b44bba24b385e2c9569c0,20260713_000641,,2026-07-13 00:12:22,SAIL,SAIL.NS,SIDEWAYS ↔️,,,PAPER,37,"{'Trend': 25, 'Momentum': 25, 'Volatility': 60, 'Signal': 32, 'Regime': 50, 'Rel. Strength': 50, 'Fundamental': 50, 'Sentiment': 50, 'Volume': 20, 'Candlestick': 50, 'Mkt Structure': 1, 'FII/DII': 70}",,,,,,,,,,,NO_TRADE,NO_TRADE,SCORE_GATE,Score 37/100 below minimum 50/100. No bucket would accept this.,2026-07-13 00:12:22,,,,PAPER,,,,,,,,2026-07-13 00:12:22,
7dd562d6a76d4a7f96cdda8fab2be02b,20260713_000641,,2026-07-13 00:12:27,Delhivery,DELHIVERY.NS,SIDEWAYS ↔️,Intraday,,PAPER,63,"{'Trend': 85, 'Momentum': 65, 'Volatility': 30, 'Signal': 68, 'Regime': 50, 'Rel. Strength': 50, 'Fundamental': 50, 'Sentiment': 50, 'Volume': 100, 'Candlestick': 50, 'Mkt Structure': 51, 'FII/DII': 70}",1.0,0.0,,,,,,,,,NO_TRADE,NO_TRADE,EXECUTION_RULE,❌ **Delhivery** REJECTED for Intraday | Score: 83/100 | Votes: 1/4 Reasons: Portfolio risk gate: 🛑 Blocked: Intraday bucket drawdown: -20.4% (limit: -10.0%). Bucket paused — no new entries until losses recover. Existing positions continue unaffected.,2026-07-13 00:12:27,,,,PAPER,,,,,,,,2026-07-13 00:12:27,
1d6df5174fa642b3ba4128534e65adb9,20260713_000641,,2026-07-13 00:12:29,Hindustan Copper,HINDCOPPER.NS,SIDEWAYS ↔️,,,PAPER,45,"{'Trend': 25, 'Momentum': 75, 'Volatility': 50, 'Signal': 32, 'Regime': 50, 'Rel. Strength': 50, 'Fundamental': 50, 'Sentiment': 50, 'Volume': 60, 'Candlestick': 21, 'Mkt Structure': 21, 'FII/DII': 70}",,,,,,,,,,,NO_TRADE,NO_TRADE,SCORE_GATE,Score 45/100 below minimum 50/100. No bucket would accept this.,2026-07-13 00:12:29,,,,PAPER,,,,,,,,2026-07-13 00:12:29,
fd3daf1fb1e3498d92bde6da559f9e83,20260713_000641,,2026-07-13 00:12:32,DEEPAKNTR,DEEPAKNTR.NS,SIDEWAYS ↔️,—,,PAPER,51,"{'Trend': 52, 'Momentum': 75, 'Volatility': 40, 'Signal': 68, 'Regime': 50, 'Rel. Strength': 50, 'Fundamental': 50, 'Sentiment': 50, 'Volume': 45, 'Candlestick': 50, 'Mkt Structure': 4, 'FII/DII': 70}",1.0,0.0,,,,,,,,,NO_TRADE,NO_TRADE,EXECUTION_RULE,"No suitable bucket for DEEPAKNTR. Score 51/100, 1/4 strategies agree — signal is too weak for any bucket. Wait for a stronger setup.",2026-07-13 00:12:32,,,,PAPER,,,,,,,,2026-07-13 00:12:32,
464779905bad4fff948beb68129637dd,20260713_000641,,2026-07-13 00:12:36,DALBHARAT,DALBHARAT.NS,SIDEWAYS ↔️,Intraday,,PAPER,59,"{'Trend': 78, 'Momentum': 65, 'Volatility': 15, 'Signal': 68, 'Regime': 50, 'Rel. Strength': 50, 'Fundamental': 50, 'Sentiment': 50, 'Volume': 40, 'Candlestick': 57, 'Mkt Structure': 89, 'FII/DII': 70}",1.0,0.0,,,,,,,,,NO_TRADE,NO_TRADE,EXECUTION_RULE,❌ **DALBHARAT** REJECTED for Intraday | Score: 60/100 | Votes: 1/4 Reasons: Portfolio risk gate: 🛑 Blocked: Intraday bucket drawdown: -20.4% (limit: -10.0%). Bucket paused — no new entries until losses recover. Existing positions continue unaffected.,2026-07-13 00:12:36,,,,PAPER,,,,,,,,2026-07-13 00:12:36,
da67f7babe53416ab9963b3ef7a8169e,20260713_000641,,2026-07-13 00:12:38,CUMMINSIND,CUMMINSIND.NS,SIDEWAYS ↔️,,,PAPER,44,"{'Trend': 32, 'Momentum': 25, 'Volatility': 50, 'Signal': 32, 'Regime': 50, 'Rel. Strength': 50, 'Fundamental': 50, 'Sentiment': 50, 'Volume': 40, 'Candlestick': 50, 'Mkt Structure': 56, 'FII/DII': 70}",,,,,,,,,,,NO_TRADE,NO_TRADE,SCORE_GATE,Score 44/100 below minimum 50/100. No bucket would accept this.,2026-07-13 00:12:38,,,,PAPER,,,,,,,,2026-07-13 00:12:38,
b43591d50f9349f98e0d51daaf494882,20260713_000641,,2026-07-13 00:12:41,CGPOWER,CGPOWER.NS,SIDEWAYS ↔️,,,PAPER,45,"{'Trend': 32, 'Momentum': 25, 'Volatility': 60, 'Signal': 32, 'Regime': 50, 'Rel. Strength': 50, 'Fundamental': 50, 'Sentiment': 50, 'Volume': 30, 'Candlestick': 50, 'Mkt Structure': 79, 'FII/DII': 70}",,,,,,,,,,,NO_TRADE,NO_TRADE,SCORE_GATE,Score 45/100 below minimum 50/100. No bucket would accept this.,2026-07-13 00:12:41,,,,PAPER,,,,,,,,2026-07-13 00:12:41,
28dfef277ca944d8adef64c3b80a7fc8,20260713_000641,,2026-07-13 00:12:45,BOSCHLTD,BOSCHLTD.NS,SIDEWAYS ↔️,Intraday,,PAPER,55,"{'Trend': 75, 'Momentum': 65, 'Volatility': 40, 'Signal': 68, 'Regime': 50, 'Rel. Strength': 50, 'Fundamental': 50, 'Sentiment': 50, 'Volume': 0, 'Candlestick': 50, 'Mkt Structure': 81, 'FII/DII': 70}",1.0,0.0,,,,,,,,,NO_TRADE,NO_TRADE,EXECUTION_RULE,❌ **BOSCHLTD** REJECTED for Intraday | Score: 45/100 | Votes: 1/4 Reasons: Portfolio risk gate: 🛑 Blocked: Intraday bucket drawdown: -20.4% (limit: -10.0%). Bucket paused — no new entries until losses recover. Existing positions continue unaffected.,2026-07-13 00:12:45,,,,PAPER,,,,,,,,2026-07-13 00:12:45,
9a088e0fdbbf4e4cb710391cd5d0c864,20260713_000641,,2026-07-13 00:12:48,BIOCON,BIOCON.NS,SIDEWAYS ↔️,—,,PAPER,53,"{'Trend': 52, 'Momentum': 25, 'Volatility': 40, 'Signal': 68, 'Regime': 50, 'Rel. Strength': 50, 'Fundamental': 50, 'Sentiment': 50, 'Volume': 55, 'Candlestick': 67, 'Mkt Structure': 68, 'FII/DII': 70}",1.0,0.0,,,,,,,,,NO_TRADE,NO_TRADE,EXECUTION_RULE,"No suitable bucket for BIOCON. Score 53/100, 1/4 strategies agree — signal is too weak for any bucket. Wait for a stronger setup.",2026-07-13 00:12:48,,,,PAPER,,,,,,,,2026-07-13 00:12:48,
f8f0ee9db6b043dd889d61af67df0ee4,20260713_000641,,2026-07-13 00:12:53,BAJAJHLDNG,BAJAJHLDNG.NS,SIDEWAYS ↔️,Intraday,,PAPER,55,"{'Trend': 68, 'Momentum': 25, 'Volatility': 50, 'Signal': 68, 'Regime': 50, 'Rel. Strength': 50, 'Fundamental': 50, 'Sentiment': 50, 'Volume': 30, 'Candlestick': 59, 'Mkt Structure': 91, 'FII/DII': 70}",1.0,0.0,,,,,,,,,NO_TRADE,NO_TRADE,EXECUTION_RULE,❌ **BAJAJHLDNG** REJECTED for Intraday | Score: 40/100 | Votes: 1/4 Reasons: Portfolio risk gate: 🛑 Blocked: Intraday bucket drawdown: -20.4% (limit: -10.0%). Bucket paused — no new entries until losses recover. Existing positions continue unaffected.,2026-07-13 00:12:53,,,,PAPER,,,,,,,,2026-07-13 00:12:53,
3644a3e6f8764137985b1ee12472aece,20260713_000641,,2026-07-13 00:12:55,Carborundum Universal Limited,CARBORUNIV.NS,SIDEWAYS ↔️,,,PAPER,43,"{'Trend': 22, 'Momentum': 45, 'Volatility': 60, 'Signal': 32, 'Regime': 50, 'Rel. Strength': 50, 'Fundamental': 50, 'Sentiment': 50, 'Volume': 20, 'Candlestick': 50, 'Mkt Structure': 55, 'FII/DII': 70}",,,,,,,,,,,NO_TRADE,NO_TRADE,SCORE_GATE,Score 43/100 below minimum 50/100. No bucket would accept this.,2026-07-13 00:12:55,,,,PAPER,,,,,,,,2026-07-13 00:12:55,
560b296ee23448abb80c1b92ddacc90d,20260713_000641,,2026-07-13 00:12:59,NHPC,NHPC.NS,SIDEWAYS ↔️,Intraday,,PAPER,55,"{'Trend': 68, 'Momentum': 75, 'Volatility': 40, 'Signal': 68, 'Regime': 50, 'Rel. Strength': 50, 'Fundamental': 50, 'Sentiment': 50, 'Volume': 20, 'Candlestick': 55, 'Mkt Structure': 44, 'FII/DII': 70}",1.0,0.0,,,,,,,,,NO_TRADE,NO_TRADE,EXECUTION_RULE,❌ **NHPC** REJECTED for Intraday | Score: 54/100 | Votes: 1/4 Reasons: Portfolio risk gate: 🛑 Blocked: Intraday bucket drawdown: -20.4% (limit: -10.0%). Bucket paused — no new entries until losses recover. Existing positions continue unaffected.,2026-07-13 00:12:59,,,,PAPER,,,,,,,,2026-07-13 00:12:59,
daf45fe882f14dff8ca98a24631145e3,20260713_000641,,2026-07-13 00:13:02,HPCL,HINDPETRO.NS,SIDEWAYS ↔️,,,PAPER,46,"{'Trend': 48, 'Momentum': 25, 'Volatility': 60, 'Signal': 32, 'Regime': 50, 'Rel. Strength': 50, 'Fundamental': 50, 'Sentiment': 50, 'Volume': 0, 'Candlestick': 50, 'Mkt Structure': 91, 'FII/DII': 70}",,,,,,,,,,,NO_TRADE,NO_TRADE,SCORE_GATE,Score 46/100 below minimum 50/100. No bucket would accept this.,2026-07-13 00:13:02,,,,PAPER,,,,,,,,2026-07-13 00:13:02,
8f76bc07a43846d5b497222f339498e5,20260713_000641,,2026-07-13 00:13:04,GODREJCP,GODREJCP.NS,SIDEWAYS ↔️,,,PAPER,55,"{'Trend': 85, 'Momentum': 55, 'Volatility': 30, 'Signal': 50, 'Regime': 50, 'Rel. Strength': 50, 'Fundamental': 50, 'Sentiment': 50, 'Volume': 5, 'Candlestick': 50, 'Mkt Structure': 98, 'FII/DII': 70}",0.0,0.0,,,,,,,,,NO_TRADE,NO_TRADE,VOTE_GATE,Signal is NEUTRAL ⚪ — not a BUY. No action taken.,2026-07-13 00:13:04,,,,PAPER,,,,,,,,2026-07-13 00:13:04,
6cc911b7b4b344b091bc42b55d3fe7d5,20260713_000641,,2026-07-13 00:13:08,DABUR,DABUR.NS,SIDEWAYS ↔️,Intraday,,PAPER,58,"{'Trend': 68, 'Momentum': 65, 'Volatility': 40, 'Signal': 68, 'Regime': 50, 'Rel. Strength': 50, 'Fundamental': 50, 'Sentiment': 50, 'Volume': 60, 'Candlestick': 50, 'Mkt Structure': 59, 'FII/DII': 70}",1.0,0.0,,,,,,,,,NO_TRADE,NO_TRADE,EXECUTION_RULE,❌ **DABUR** REJECTED for Intraday | Score: 64/100 | Votes: 1/4 Reasons: Portfolio risk gate: 🛑 Blocked: Intraday bucket drawdown: -20.4% (limit: -10.0%). Bucket paused — no new entries until losses recover. Existing positions continue unaffected.,2026-07-13 00:13:08,,,,PAPER,,,,,,,,2026-07-13 00:13:08,
8569479d96674c4e8a56021d36600f2d,20260713_000641,,2026-07-13 00:13:13,MARICO,MARICO.NS,SIDEWAYS ↔️,Intraday,,PAPER,58,"{'Trend': 75, 'Momentum': 65, 'Volatility': 30, 'Signal': 68, 'Regime': 50, 'Rel. Strength': 50, 'Fundamental': 50, 'Sentiment': 50, 'Volume': 30, 'Candlestick': 50, 'Mkt Structure': 89, 'FII/DII': 70}",1.0,0.0,,,,,,,,,NO_TRADE,NO_TRADE,EXECUTION_RULE,❌ **MARICO** REJECTED for Intraday | Score: 56/100 | Votes: 1/4 Reasons: Portfolio risk gate: 🛑 Blocked: Intraday bucket drawdown: -20.4% (limit: -10.0%). Bucket paused — no new entries until losses recover. Existing positions continue unaffected.,2026-07-13 00:13:13,,,,PAPER,,,,,,,,2026-07-13 00:13:13,
8c9c0dd9a2e34195827cf4b0aad2cde5,20260713_000641,,2026-07-13 00:13:17,AUROPHARMA,AUROPHARMA.NS,SIDEWAYS ↔️,Intraday,,PAPER,56,"{'Trend': 75, 'Momentum': 65, 'Volatility': 40, 'Signal': 68, 'Regime': 50, 'Rel. Strength': 50, 'Fundamental': 50, 'Sentiment': 50, 'Volume': 20, 'Candlestick': 50, 'Mkt Structure': 64, 'FII/DII': 70}",1.0,0.0,,,,,,,,,NO_TRADE,NO_TRADE,EXECUTION_RULE,❌ **AUROPHARMA** REJECTED for Intraday | Score: 52/100 | Votes: 1/4 Reasons: Portfolio risk gate: 🛑 Blocked: Intraday bucket drawdown: -20.4% (limit: -10.0%). Bucket paused — no new entries until losses recover. Existing positions continue unaffected.,2026-07-13 00:13:17,,,,PAPER,,,,,,,,2026-07-13 00:13:17,
9594042341b24e4cac7d119061c6c434,20260713_000641,,2026-07-13 00:13:20,TATACHEM,TATACHEM.NS,SIDEWAYS ↔️,—,,PAPER,54,"{'Trend': 52, 'Momentum': 75, 'Volatility': 50, 'Signal': 85, 'Regime': 50, 'Rel. Strength': 50, 'Fundamental': 50, 'Sentiment': 50, 'Volume': 10, 'Candlestick': 50, 'Mkt Structure': 54, 'FII/DII': 70}",2.0,0.0,,,,,,,,,NO_TRADE,NO_TRADE,EXECUTION_RULE,"No suitable bucket for TATACHEM. Score 54/100, 2/4 strategies agree — signal is too weak for any bucket. Wait for a stronger setup.",2026-07-13 00:13:20,,,,PAPER,,,,,,,,2026-07-13 00:13:20,
809ed71de4c847e6b3e70adb0440c966,20260713_000641,,2026-07-13 00:13:22,UPL,UPL.NS,SIDEWAYS ↔️,,,PAPER,41,"{'Trend': 25, 'Momentum': 75, 'Volatility': 50, 'Signal': 32, 'Regime': 50, 'Rel. Strength': 50, 'Fundamental': 50, 'Sentiment': 50, 'Volume': 10, 'Candlestick': 50, 'Mkt Structure': 0, 'FII/DII': 70}",,,,,,,,,,,NO_TRADE,NO_TRADE,SCORE_GATE,Score 41/100 below minimum 50/100. No bucket would accept this.,2026-07-13 00:13:22,,,,PAPER,,,,,,,,2026-07-13 00:13:22,
d7c6fe1e29f54d46a439a41c418b4a62,20260713_000641,,2026-07-13 00:13:24,YESBANK,YESBANK.NS,SIDEWAYS ↔️,,,PAPER,49,"{'Trend': 48, 'Momentum': 40, 'Volatility': 60, 'Signal': 32, 'Regime': 50, 'Rel. Strength': 50, 'Fundamental': 50, 'Sentiment': 50, 'Volume': 30, 'Candlestick': 50, 'Mkt Structure': 72, 'FII/DII': 70}",,,,,,,,,,,NO_TRADE,NO_TRADE,SCORE_GATE,Score 49/100 below minimum 50/100. No bucket would accept this.,2026-07-13 00:13:24,,,,PAPER,,,,,,,,2026-07-13 00:13:24,
116bab77a3954b43ac92cc40bbbdb334,20260713_000641,,2026-07-13 00:13:29,ACC,ACC.NS,SIDEWAYS ↔️,Intraday,,PAPER,57,"{'Trend': 68, 'Momentum': 75, 'Volatility': 30, 'Signal': 68, 'Regime': 50, 'Rel. Strength': 50, 'Fundamental': 50, 'Sentiment': 50, 'Volume': 50, 'Candlestick': 50, 'Mkt Structure': 52, 'FII/DII': 70}",1.0,0.0,,,,,,,,,NO_TRADE,NO_TRADE,EXECUTION_RULE,❌ **ACC** REJECTED for Intraday | Score: 64/100 | Votes: 1/4 Reasons: Portfolio risk gate: 🛑 Blocked: Intraday bucket drawdown: -20.4% (limit: -10.0%). Bucket paused — no new entries until losses recover. Existing positions continue unaffected.,2026-07-13 00:13:29,,,,PAPER,,,,,,,,2026-07-13 00:13:29,
a86397dc2975479e99bd1bb10120f0bc,20260713_000641,,2026-07-13 00:13:33,AMBUJACEM,AMBUJACEM.NS,SIDEWAYS ↔️,Intraday,,PAPER,55,"{'Trend': 68, 'Momentum': 75, 'Volatility': 30, 'Signal': 68, 'Regime': 50, 'Rel. Strength': 50, 'Fundamental': 50, 'Sentiment': 50, 'Volume': 40, 'Candlestick': 50, 'Mkt Structure': 42, 'FII/DII': 70}",1.0,0.0,,,,,,,,,NO_TRADE,NO_TRADE,EXECUTION_RULE,❌ **AMBUJACEM** REJECTED for Intraday | Score: 61/100 | Votes: 1/4 Reasons: Portfolio risk gate: 🛑 Blocked: Intraday bucket drawdown: -20.4% (limit: -10.0%). Bucket paused — no new entries until losses recover. Existing positions continue unaffected.,2026-07-13 00:13:33,,,,PAPER,,,,,,,,2026-07-13 00:13:33,
d2c8e24828574ff3b2690045b82474a2,20260713_000641,,2026-07-13 00:13:36,ASHOKLEY,ASHOKLEY.NS,SIDEWAYS ↔️,,,PAPER,45,"{'Trend': 48, 'Momentum': 25, 'Volatility': 60, 'Signal': 32, 'Regime': 50, 'Rel. Strength': 50, 'Fundamental': 50, 'Sentiment': 50, 'Volume': 0, 'Candlestick': 59, 'Mkt Structure': 68, 'FII/DII': 70}",,,,,,,,,,,NO_TRADE,NO_TRADE,SCORE_GATE,Score 45/100 below minimum 50/100. No bucket would accept this.,2026-07-13 00:13:36,,,,PAPER,,,,,,,,2026-07-13 00:13:36,
9c89f75774c248d984b25a29afdc09b4,20260713_000641,,2026-07-13 00:13:38,ASTRAL,ASTRAL.NS,SIDEWAYS ↔️,,,PAPER,37,"{'Trend': 15, 'Momentum': 45, 'Volatility': 60, 'Signal': 50, 'Regime': 50, 'Rel. Strength': 50, 'Fundamental': 50, 'Sentiment': 50, 'Volume': 0, 'Candlestick': 50, 'Mkt Structure': 0, 'FII/DII': 70}",,,,,,,,,,,NO_TRADE,NO_TRADE,SCORE_GATE,Score 37/100 below minimum 50/100. No bucket would accept this.,2026-07-13 00:13:38,,,,PAPER,,,,,,,,2026-07-13 00:13:38,
b78d43c93aaf47659606cb15c5e7d5a3,20260713_000641,,2026-07-13 00:13:40,TATA ELXSI,TATAELXSI.NS,SIDEWAYS ↔️,,,PAPER,42,"{'Trend': 15, 'Momentum': 45, 'Volatility': 60, 'Signal': 50, 'Regime': 50, 'Rel. Strength': 50, 'Fundamental': 50, 'Sentiment': 50, 'Volume': 45, 'Candlestick': 38, 'Mkt Structure': 17, 'FII/DII': 70}",,,,,,,,,,,NO_TRADE,NO_TRADE,SCORE_GATE,Score 42/100 below minimum 50/100. No bucket would accept this.,2026-07-13 00:13:40,,,,PAPER,,,,,,,,2026-07-13 00:13:40,
351662b0c7694d7d8b0fd5f61a5b256e,20260713_000641,,2026-07-13 00:13:41,ABFRL,ABFRL.NS,SIDEWAYS ↔️,,,PAPER,45,"{'Trend': 32, 'Momentum': 75, 'Volatility': 50, 'Signal': 50, 'Regime': 50, 'Rel. Strength': 50, 'Fundamental': 50, 'Sentiment': 50, 'Volume': 10, 'Candlestick': 50, 'Mkt Structure': 14, 'FII/DII': 70}",,,,,,,,,,,NO_TRADE,NO_TRADE,SCORE_GATE,Score 45/100 below minimum 50/100. No bucket would accept this.,2026-07-13 00:13:41,,,,PAPER,,,,,,,,2026-07-13 00:13:41,
1332fa04bbb940a292134893f78f439e,20260713_000641,,2026-07-13 00:13:46,AARTIIND,AARTIIND.NS,SIDEWAYS ↔️,Intraday,,PAPER,59,"{'Trend': 68, 'Momentum': 75, 'Volatility': 40, 'Signal': 68, 'Regime': 50, 'Rel. Strength': 50, 'Fundamental': 50, 'Sentiment': 50, 'Volume': 50, 'Candlestick': 58, 'Mkt Structure': 61, 'FII/DII': 70}",1.0,0.0,,,,,,,,,NO_TRADE,NO_TRADE,EXECUTION_RULE,❌ **AARTIIND** REJECTED for Intraday | Score: 64/100 | Votes: 1/4 Reasons: Portfolio risk gate: 🛑 Blocked: Intraday bucket drawdown: -20.4% (limit: -10.0%). Bucket paused — no new entries until losses recover. Existing positions continue unaffected.,2026-07-13 00:13:46,,,,PAPER,,,,,,,,2026-07-13 00:13:46,
35da7b97a1474b72a25341b9f91fba6f,20260713_000641,,2026-07-13 00:13:48,INDIAMART,INDIAMART.NS,SIDEWAYS ↔️,,,PAPER,39,"{'Trend': 32, 'Momentum': 40, 'Volatility': 60, 'Signal': 32, 'Regime': 50, 'Rel. Strength': 50, 'Fundamental': 50, 'Sentiment': 50, 'Volume': 0, 'Candlestick': 50, 'Mkt Structure': 16, 'FII/DII': 70}",,,,,,,,,,,NO_TRADE,NO_TRADE,SCORE_GATE,Score 39/100 below minimum 50/100. No bucket would accept this.,2026-07-13 00:13:48,,,,PAPER,,,,,,,,2026-07-13 00:13:48,
a8daafa367f4423abcfbd1be834b1346,20260713_000641,,2026-07-13 00:13:52,AFFLE INDIA,AFFLE.NS,SIDEWAYS ↔️,Intraday,,PAPER,58,"{'Trend': 68, 'Momentum': 75, 'Volatility': 40, 'Signal': 85, 'Regime': 50, 'Rel. Strength': 50, 'Fundamental': 50, 'Sentiment': 50, 'Volume': 55, 'Candlestick': 50, 'Mkt Structure': 32, 'FII/DII': 70}",2.0,0.0,,,,,,,,,NO_TRADE,NO_TRADE,EXECUTION_RULE,❌ **AFFLE INDIA** REJECTED for Intraday | Score: 66/100 | Votes: 2/4 Reasons: Portfolio risk gate: 🛑 Blocked: Intraday bucket drawdown: -20.4% (limit: -10.0%). Bucket paused — no new entries until losses recover. Existing positions continue unaffected.,2026-07-13 00:13:52,,,,PAPER,,,,,,,,2026-07-13 00:13:52,
3a305d3d969041dda692a0febe0e9c71,20260713_000641,,2026-07-13 00:13:54,DLF,DLF.NS,SIDEWAYS ↔️,,,PAPER,63,"{'Trend': 85, 'Momentum': 65, 'Volatility': 5, 'Signal': 50, 'Regime': 50, 'Rel. Strength': 50, 'Fundamental': 50, 'Sentiment': 50, 'Volume': 100, 'Candlestick': 50, 'Mkt Structure': 96, 'FII/DII': 70}",1.0,1.0,,,,,,,,,NO_TRADE,NO_TRADE,VOTE_GATE,Signal is NEUTRAL ⚪ — not a BUY. No action taken.,2026-07-13 00:13:54,,,,PAPER,,,,,,,,2026-07-13 00:13:54,
2f6ace8eed014b90adc0b15dee24fae3,20260713_000641,,2026-07-13 00:13:56,ESCORTS,ESCORTS.NS,SIDEWAYS ↔️,—,,PAPER,54,"{'Trend': 68, 'Momentum': 75, 'Volatility': 40, 'Signal': 68, 'Regime': 50, 'Rel. Strength': 50, 'Fundamental': 50, 'Sentiment': 50, 'Volume': 10, 'Candlestick': 50, 'Mkt Structure': 54, 'FII/DII': 70}",1.0,0.0,,,,,,,,,NO_TRADE,NO_TRADE,EXECUTION_RULE,"No suitable bucket for ESCORTS. Score 54/100, 1/4 strategies agree — signal is too weak for any bucket. Wait for a stronger setup.",2026-07-13 00:13:56,,,,PAPER,,,,,,,,2026-07-13 00:13:56,
afa850eb49da4d419fa12ad9649680c5,20260713_000641,,2026-07-13 00:14:01,GLENMARK,GLENMARK.NS,SIDEWAYS ↔️,Intraday,,PAPER,58,"{'Trend': 78, 'Momentum': 65, 'Volatility': 15, 'Signal': 68, 'Regime': 50, 'Rel. Strength': 50, 'Fundamental': 50, 'Sentiment': 50, 'Volume': 75, 'Candlestick': 50, 'Mkt Structure': 41, 'FII/DII': 70}",1.0,0.0,,,,,,,,,NO_TRADE,NO_TRADE,EXECUTION_RULE,❌ **GLENMARK** REJECTED for Intraday | Score: 72/100 | Votes: 1/4 Reasons: Portfolio risk gate: 🛑 Blocked: Intraday bucket drawdown: -20.4% (limit: -10.0%). Bucket paused — no new entries until losses recover. Existing positions continue unaffected.,2026-07-13 00:14:01,,,,PAPER,,,,,,,,2026-07-13 00:14:01,
e38c2a7aacdc43d4bd98bd852fd53c56,20260713_000641,,2026-07-13 00:14:06,JUBLFOOD,JUBLFOOD.NS,SIDEWAYS ↔️,Intraday,,PAPER,56,"{'Trend': 68, 'Momentum': 75, 'Volatility': 30, 'Signal': 68, 'Regime': 50, 'Rel. Strength': 50, 'Fundamental': 50, 'Sentiment': 50, 'Volume': 40, 'Candlestick': 50, 'Mkt Structure': 51, 'FII/DII': 70}",1.0,0.0,,,,,,,,,NO_TRADE,NO_TRADE,EXECUTION_RULE,❌ **JUBLFOOD** REJECTED for Intraday | Score: 61/100 | Votes: 1/4 Reasons: Portfolio risk gate: 🛑 Blocked: Intraday bucket drawdown: -20.4% (limit: -10.0%). Bucket paused — no new entries until losses recover. Existing positions continue unaffected.,2026-07-13 00:14:06,,,,PAPER,,,,,,,,2026-07-13 00:14:06,
25e7a9fa05e6447f84c4513f0446d1ca,20260713_000641,,2026-07-13 00:14:08,KPITTECH,KPITTECH.NS,SIDEWAYS ↔️,,,PAPER,42,"{'Trend': 15, 'Momentum': 45, 'Volatility': 60, 'Signal': 50, 'Regime': 50, 'Rel. Strength': 50, 'Fundamental': 50, 'Sentiment': 50, 'Volume': 45, 'Candlestick': 50, 'Mkt Structure': 7, 'FII/DII': 70}",,,,,,,,,,,NO_TRADE,NO_TRADE,SCORE_GATE,Score 42/100 below minimum 50/100. No bucket would accept this.,2026-07-13 00:14:08,,,,PAPER,,,,,,,,2026-07-13 00:14:08,
43c55901baa3414f9791cc67ccf62370,20260713_000641,,2026-07-13 00:14:10,LICHSGFIN,LICHSGFIN.NS,SIDEWAYS ↔️,,,PAPER,49,"{'Trend': 32, 'Momentum': 25, 'Volatility': 50, 'Signal': 32, 'Regime': 50, 'Rel. Strength': 50, 'Fundamental': 50, 'Sentiment': 50, 'Volume': 75, 'Candlestick': 64, 'Mkt Structure': 75, 'FII/DII': 70}",,,,,,,,,,,NO_TRADE,NO_TRADE,SCORE_GATE,Score 49/100 below minimum 50/100. No bucket would accept this.,2026-07-13 00:14:10,,,,PAPER,,,,,,,,2026-07-13 00:14:10,
743e2c17793243bdabed736a4cfcd54d,20260713_000641,,2026-07-13 00:14:14,LICI,LICI.NS,SIDEWAYS ↔️,Intraday,,PAPER,63,"{'Trend': 85, 'Momentum': 75, 'Volatility': 30, 'Signal': 68, 'Regime': 50, 'Rel. Strength': 50, 'Fundamental': 50, 'Sentiment': 50, 'Volume': 55, 'Candlestick': 50, 'Mkt Structure': 89, 'FII/DII': 70}",1.0,0.0,,,,,,,,,NO_TRADE,NO_TRADE,EXECUTION_RULE,❌ **LICI** REJECTED for Intraday | Score: 71/100 | Votes: 1/4 Reasons: Portfolio risk gate: 🛑 Blocked: Intraday bucket drawdown: -20.4% (limit: -10.0%). Bucket paused — no new entries until losses recover. Existing positions continue unaffected.,2026-07-13 00:14:14,,,,PAPER,,,,,,,,2026-07-13 00:14:14,
afbd4336f1d64605979d5f1cc031e431,20260713_000641,,2026-07-13 00:14:16,NAUKRI,NAUKRI.NS,SIDEWAYS ↔️,,,PAPER,54,"{'Trend': 85, 'Momentum': 55, 'Volatility': 5, 'Signal': 32, 'Regime': 50, 'Rel. Strength': 50, 'Fundamental': 50, 'Sentiment': 50, 'Volume': 50, 'Candlestick': 50, 'Mkt Structure': 80, 'FII/DII': 70}",0.0,1.0,,,,,,,,,NO_TRADE,NO_TRADE,VOTE_GATE,Signal is SELL 🔴 — not a BUY. No action taken.,2026-07-13 00:14:16,,,,PAPER,,,,,,,,2026-07-13 00:14:16,
f02836d3acba4c5b9363bdef89d17e20,20260713_000641,,2026-07-13 00:14:18,MOTHERSON,MOTHERSON.NS,SIDEWAYS ↔️,,,PAPER,42,"{'Trend': 32, 'Momentum': 25, 'Volatility': 60, 'Signal': 15, 'Regime': 50, 'Rel. Strength': 50, 'Fundamental': 50, 'Sentiment': 50, 'Volume': 10, 'Candlestick': 50, 'Mkt Structure': 78, 'FII/DII': 70}",,,,,,,,,,,NO_TRADE,NO_TRADE,SCORE_GATE,Score 42/100 below minimum 50/100. No bucket would accept this.,2026-07-13 00:14:18,,,,PAPER,,,,,,,,2026-07-13 00:14:18,
d785577c119647ab8251382953925e40,20260713_000641,,2026-07-13 00:14:20,OBEROIRLTY,OBEROIRLTY.NS,SIDEWAYS ↔️,,,PAPER,59,"{'Trend': 85, 'Momentum': 55, 'Volatility': 30, 'Signal': 50, 'Regime': 50, 'Rel. Strength': 50, 'Fundamental': 50, 'Sentiment': 50, 'Volume': 70, 'Candlestick': 50, 'Mkt Structure': 76, 'FII/DII': 70}",0.0,0.0,,,,,,,,,NO_TRADE,NO_TRADE,VOTE_GATE,Signal is NEUTRAL ⚪ — not a BUY. No action taken.,2026-07-13 00:14:20,,,,PAPER,,,,,,,,2026-07-13 00:14:20,
f22288830b9746aa9642dfc2a3a3c73a,20260713_000641,,2026-07-13 00:14:22,PETRONET,PETRONET.NS,SIDEWAYS ↔️,,,PAPER,46,"{'Trend': 32, 'Momentum': 25, 'Volatility': 60, 'Signal': 32, 'Regime': 50, 'Rel. Strength': 50, 'Fundamental': 50, 'Sentiment': 50, 'Volume': 30, 'Candlestick': 50, 'Mkt Structure': 91, 'FII/DII': 70}",,,,,,,,,,,NO_TRADE,NO_TRADE,SCORE_GATE,Score 46/100 below minimum 50/100. No bucket would accept this.,2026-07-13 00:14:22,,,,PAPER,,,,,,,,2026-07-13 00:14:22,
f6554344a93b477b9e29f1350c8ac315,20260713_000641,,2026-07-13 00:14:25,SBICARD,SBICARD.NS,SIDEWAYS ↔️,—,,PAPER,50,"{'Trend': 52, 'Momentum': 25, 'Volatility': 50, 'Signal': 68, 'Regime': 50, 'Rel. Strength': 50, 'Fundamental': 50, 'Sentiment': 50, 'Volume': 55, 'Candlestick': 67, 'Mkt Structure': 28, 'FII/DII': 70}",1.0,0.0,,,,,,,,,NO_TRADE,NO_TRADE,EXECUTION_RULE,"No suitable bucket for SBICARD. Score 50/100, 1/4 strategies agree — signal is too weak for any bucket. Wait for a stronger setup.",2026-07-13 00:14:25,,,,PAPER,,,,,,,,2026-07-13 00:14:25,
13b2d06768404eda8d2f7b0732d78814,20260713_000641,,2026-07-13 00:14:26,PIIND,PIIND.NS,SIDEWAYS ↔️,,,PAPER,36,"{'Trend': 15, 'Momentum': 40, 'Volatility': 60, 'Signal': 32, 'Regime': 50, 'Rel. Strength': 50, 'Fundamental': 50, 'Sentiment': 50, 'Volume': 10, 'Candlestick': 50, 'Mkt Structure': 0, 'FII/DII': 70}",,,,,,,,,,,NO_TRADE,NO_TRADE,SCORE_GATE,Score 36/100 below minimum 50/100. No bucket would accept this.,2026-07-13 00:14:26,,,,PAPER,,,,,,,,2026-07-13 00:14:26,
0e8c3505941d43d8998a4436a3002e82,20260713_000641,,2026-07-13 00:14:28,PRESTIGE,PRESTIGE.NS,SIDEWAYS ↔️,,,PAPER,60,"{'Trend': 85, 'Momentum': 55, 'Volatility': 15, 'Signal': 50, 'Regime': 50, 'Rel. Strength': 50, 'Fundamental': 50, 'Sentiment': 50, 'Volume': 80, 'Candlestick': 50, 'Mkt Structure': 81, 'FII/DII': 70}",0.0,0.0,,,,,,,,,NO_TRADE,NO_TRADE,VOTE_GATE,Signal is NEUTRAL ⚪ — not a BUY. No action taken.,2026-07-13 00:14:28,,,,PAPER,,,,,,,,2026-07-13 00:14:28,
654818edf4854180a4f0298d66ccb4fc,20260713_000641,,2026-07-13 00:14:33,RAMCOCEM,RAMCOCEM.NS,SIDEWAYS ↔️,Intraday,,PAPER,59,"{'Trend': 75, 'Momentum': 65, 'Volatility': 40, 'Signal': 68, 'Regime': 50, 'Rel. Strength': 50, 'Fundamental': 50, 'Sentiment': 50, 'Volume': 40, 'Candlestick': 56, 'Mkt Structure': 79, 'FII/DII': 70}",1.0,0.0,,,,,,,,,NO_TRADE,NO_TRADE,EXECUTION_RULE,❌ **RAMCOCEM** REJECTED for Intraday | Score: 59/100 | Votes: 1/4 Reasons: Portfolio risk gate: 🛑 Blocked: Intraday bucket drawdown: -20.4% (limit: -10.0%). Bucket paused — no new entries until losses recover. Existing positions continue unaffected.,2026-07-13 00:14:33,,,,PAPER,,,,,,,,2026-07-13 00:14:33,
f904662495294aaaa1ba00a9e5fb0317,20260713_000641,,2026-07-13 00:14:35,SRF,SRF.NS,SIDEWAYS ↔️,—,,PAPER,50,"{'Trend': 68, 'Momentum': 25, 'Volatility': 40, 'Signal': 68, 'Regime': 50, 'Rel. Strength': 50, 'Fundamental': 50, 'Sentiment': 50, 'Volume': 0, 'Candlestick': 50, 'Mkt Structure': 85, 'FII/DII': 70}",1.0,0.0,,,,,,,,,NO_TRADE,NO_TRADE,EXECUTION_RULE,"No suitable bucket for SRF. Score 50/100, 1/4 strategies agree — signal is too weak for any bucket. Wait for a stronger setup.",2026-07-13 00:14:35,,,,PAPER,,,,,,,,2026-07-13 00:14:35,
0cd106e3d7fe4896b673b808fe7b0a8a,20260713_000641,,2026-07-13 00:14:40,SHREECEM,SHREECEM.NS,SIDEWAYS ↔️,Intraday,,PAPER,59,"{'Trend': 85, 'Momentum': 65, 'Volatility': 30, 'Signal': 68, 'Regime': 50, 'Rel. Strength': 50, 'Fundamental': 50, 'Sentiment': 50, 'Volume': 30, 'Candlestick': 50, 'Mkt Structure': 89, 'FII/DII': 70}",1.0,0.0,,,,,,,,,NO_TRADE,NO_TRADE,EXECUTION_RULE,❌ **SHREECEM** REJECTED for Intraday | Score: 59/100 | Votes: 1/4 Reasons: Portfolio risk gate: 🛑 Blocked: Intraday bucket drawdown: -20.4% (limit: -10.0%). Bucket paused — no new entries until losses recover. Existing positions continue unaffected.,2026-07-13 00:14:40,,,,PAPER,,,,,,,,2026-07-13 00:14:40,
a30969f1775540c596bab56fb83264a8,20260713_000641,,2026-07-13 00:14:42,SUPREMEIND,SUPREMEIND.NS,SIDEWAYS ↔️,,,PAPER,39,"{'Trend': 25, 'Momentum': 40, 'Volatility': 50, 'Signal': 32, 'Regime': 50, 'Rel. Strength': 50, 'Fundamental': 50, 'Sentiment': 50, 'Volume': 30, 'Candlestick': 50, 'Mkt Structure': 0, 'FII/DII': 70}",,,,,,,,,,,NO_TRADE,NO_TRADE,SCORE_GATE,Score 39/100 below minimum 50/100. No bucket would accept this.,2026-07-13 00:14:42,,,,PAPER,,,,,,,,2026-07-13 00:14:42,
412b5e36ccd348c09f19b48cd8d07c40,20260713_000641,,2026-07-13 00:14:44,SYNGENE,SYNGENE.NS,SIDEWAYS ↔️,,,PAPER,40,"{'Trend': 15, 'Momentum': 40, 'Volatility': 70, 'Signal': 32, 'Regime': 50, 'Rel. Strength': 50, 'Fundamental': 50, 'Sentiment': 50, 'Volume': 40, 'Candlestick': 50, 'Mkt Structure': 0, 'FII/DII': 70}",,,,,,,,,,,NO_TRADE,NO_TRADE,SCORE_GATE,Score 40/100 below minimum 50/100. No bucket would accept this.,2026-07-13 00:14:44,,,,PAPER,,,,,,,,2026-07-13 00:14:44,
6ec4c626aca140318e4ebe6ad6f4be47,20260713_000641,,2026-07-13 00:14:46,IDBI BANK,IDBI.NS,SIDEWAYS ↔️,,,PAPER,50,"{'Trend': 55, 'Momentum': 40, 'Volatility': 50, 'Signal': 32, 'Regime': 50, 'Rel. Strength': 50, 'Fundamental': 50, 'Sentiment': 50, 'Volume': 40, 'Candlestick': 50, 'Mkt Structure': 78, 'FII/DII': 70}",0.0,1.0,,,,,,,,,NO_TRADE,NO_TRADE,VOTE_GATE,Signal is SELL 🔴 — not a BUY. No action taken.,2026-07-13 00:14:46,,,,PAPER,,,,,,,,2026-07-13 00:14:46,
fcd9618387d74ccca5a255bda18c2adc,20260713_000641,,2026-07-13 00:14:48,UNION BANK,UNIONBANK.NS,SIDEWAYS ↔️,,,PAPER,52,"{'Trend': 25, 'Momentum': 40, 'Volatility': 60, 'Signal': 32, 'Regime': 50, 'Rel. Strength': 50, 'Fundamental': 50, 'Sentiment': 50, 'Volume': 75, 'Candlestick': 75, 'Mkt Structure': 87, 'FII/DII': 70}",0.0,1.0,,,,,,,,,NO_TRADE,NO_TRADE,VOTE_GATE,Signal is SELL 🔴 — not a BUY. No action taken.,2026-07-13 00:14:48,,,,PAPER,,,,,,,,2026-07-13 00:14:48,
c0d093164ff444c38101f5a9f88c258f,20260713_000641,,2026-07-13 00:14:50,Gulshan Polyols,GULPOLY.NS,SIDEWAYS ↔️,,,PAPER,40,"{'Trend': 15, 'Momentum': 40, 'Volatility': 60, 'Signal': 32, 'Regime': 50, 'Rel. Strength': 50, 'Fundamental': 50, 'Sentiment': 50, 'Volume': 0, 'Candlestick': 50, 'Mkt Structure': 58, 'FII/DII': 70}",,,,,,,,,,,NO_TRADE,NO_TRADE,SCORE_GATE,Score 40/100 below minimum 50/100. No bucket would accept this.,2026-07-13 00:14:50,,,,PAPER,,,,,,,,2026-07-13 00:14:50,
ee813470e3914e1785146fcd4061e3ec,20260713_000641,,2026-07-13 00:14:55,UNO MINDA,UNOMINDA.NS,SIDEWAYS ↔️,Intraday,,PAPER,62,"{'Trend': 85, 'Momentum': 65, 'Volatility': 15, 'Signal': 68, 'Regime': 50, 'Rel. Strength': 50, 'Fundamental': 50, 'Sentiment': 50, 'Volume': 60, 'Candlestick': 50, 'Mkt Structure': 100, 'FII/DII': 70}",1.0,0.0,,,,,,,,,NO_TRADE,NO_TRADE,EXECUTION_RULE,❌ **UNO MINDA** REJECTED for Intraday | Score: 69/100 | Votes: 1/4 Reasons: Portfolio risk gate: 🛑 Blocked: Intraday bucket drawdown: -20.4% (limit: -10.0%). Bucket paused — no new entries until losses recover. Existing positions continue unaffected.,2026-07-13 00:14:55,,,,PAPER,,,,,,,,2026-07-13 00:14:55,
60b566f55b5c4b128038d89f969110d1,20260713_000641,,2026-07-13 00:14:57,PAYTM,PAYTM.NS,SIDEWAYS ↔️,,,PAPER,58,"{'Trend': 85, 'Momentum': 55, 'Volatility': 5, 'Signal': 32, 'Regime': 50, 'Rel. Strength': 50, 'Fundamental': 50, 'Sentiment': 50, 'Volume': 100, 'Candlestick': 80, 'Mkt Structure': 41, 'FII/DII': 70}",0.0,1.0,,,,,,,,,NO_TRADE,NO_TRADE,VOTE_GATE,Signal is SELL 🔴 — not a BUY. No action taken.,2026-07-13 00:14:57,,,,PAPER,,,,,,,,2026-07-13 00:14:57,
db544071239347b18f3fd833e0dd9abf,20260713_000641,,2026-07-13 00:14:59,Tribhovandas Bhimji Zaveri,TBZ.NS,SIDEWAYS ↔️,,,PAPER,60,"{'Trend': 85, 'Momentum': 55, 'Volatility': 5, 'Signal': 32, 'Regime': 50, 'Rel. Strength': 50, 'Fundamental': 50, 'Sentiment': 50, 'Volume': 95, 'Candlestick': 50, 'Mkt Structure': 99, 'FII/DII': 70}",0.0,1.0,,,,,,,,,NO_TRADE,NO_TRADE,VOTE_GATE,Signal is SELL 🔴 — not a BUY. No action taken.,2026-07-13 00:14:59,,,,PAPER,,,,,,,,2026-07-13 00:14:59,
fe23b0cfb1fa4a4ba722a686096009f1,20260713_000641,,2026-07-13 00:15:01,GTL Infrastructure,GTLINFRA.NS,SIDEWAYS ↔️,,,PAPER,41,"{'Trend': 15, 'Momentum': 45, 'Volatility': 60, 'Signal': 50, 'Regime': 50, 'Rel. Strength': 50, 'Fundamental': 50, 'Sentiment': 50, 'Volume': 10, 'Candlestick': 41, 'Mkt Structure': 45, 'FII/DII': 70}",,,,,,,,,,,NO_TRADE,NO_TRADE,SCORE_GATE,Score 41/100 below minimum 50/100. No bucket would accept this.,2026-07-13 00:15:01,,,,PAPER,,,,,,,,2026-07-13 00:15:01,
e5a85c6b61d14d348ceb1bd0af24d397,20260713_000641,,2026-07-13 00:15:03,MFSL,MFSL.NS,SIDEWAYS ↔️,—,,PAPER,51,"{'Trend': 52, 'Momentum': 25, 'Volatility': 50, 'Signal': 68, 'Regime': 50, 'Rel. Strength': 50, 'Fundamental': 50, 'Sentiment': 50, 'Volume': 50, 'Candlestick': 58, 'Mkt Structure': 58, 'FII/DII': 70}",1.0,0.0,,,,,,,,,NO_TRADE,NO_TRADE,EXECUTION_RULE,"No suitable bucket for MFSL. Score 51/100, 1/4 strategies agree — signal is too weak for any bucket. Wait for a stronger setup.",2026-07-13 00:15:03,,,,PAPER,,,,,,,,2026-07-13 00:15:03,
61480b770f7d44a6ad4260390585af88,20260713_000641,,2026-07-13 00:15:05,WHIRLPOOL,WHIRLPOOL.NS,SIDEWAYS ↔️,,,PAPER,50,"{'Trend': 32, 'Momentum': 90, 'Volatility': 60, 'Signal': 32, 'Regime': 50, 'Rel. Strength': 50, 'Fundamental': 50, 'Sentiment': 50, 'Volume': 30, 'Candlestick': 50, 'Mkt Structure': 48, 'FII/DII': 70}",0.0,1.0,,,,,,,,,NO_TRADE,NO_TRADE,VOTE_GATE,Signal is SELL 🔴 — not a BUY. No action taken.,2026-07-13 00:15:05,,,,PAPER,,,,,,,,2026-07-13 00:15:05,
c907b212dea64a43818c12ac99979157,20260713_000641,,2026-07-13 00:15:07,CROMPTON,CROMPTON.NS,SIDEWAYS ↔️,,,PAPER,42,"{'Trend': 15, 'Momentum': 40, 'Volatility': 70, 'Signal': 32, 'Regime': 50, 'Rel. Strength': 50, 'Fundamental': 50, 'Sentiment': 50, 'Volume': 50, 'Candlestick': 50, 'Mkt Structure': 16, 'FII/DII': 70}",,,,,,,,,,,NO_TRADE,NO_TRADE,SCORE_GATE,Score 42/100 below minimum 50/100. No bucket would accept this.,2026-07-13 00:15:07,,,,PAPER,,,,,,,,2026-07-13 00:15:07,
67cab79f8429456594fdb109d060763e,20260713_000641,,2026-07-13 00:15:11,UNITDSPR,UNITDSPR.NS,SIDEWAYS ↔️,Intraday,,PAPER,56,"{'Trend': 75, 'Momentum': 65, 'Volatility': 40, 'Signal': 68, 'Regime': 50, 'Rel. Strength': 50, 'Fundamental': 50, 'Sentiment': 50, 'Volume': 20, 'Candlestick': 50, 'Mkt Structure': 69, 'FII/DII': 70}",1.0,0.0,,,,,,,,,NO_TRADE,NO_TRADE,EXECUTION_RULE,❌ **UNITDSPR** REJECTED for Intraday | Score: 52/100 | Votes: 1/4 Reasons: Portfolio risk gate: 🛑 Blocked: Intraday bucket drawdown: -20.4% (limit: -10.0%). Bucket paused — no new entries until losses recover. Existing positions continue unaffected.,2026-07-13 00:15:11,,,,PAPER,,,,,,,,2026-07-13 00:15:11,
cd8df3182b7b43c094b830f5f6626f9f,20260713_000641,,2026-07-13 00:15:13,SUPRAJIT ENGINEERING,SUPRAJIT.NS,SIDEWAYS ↔️,,,PAPER,56,"{'Trend': 85, 'Momentum': 55, 'Volatility': 5, 'Signal': 32, 'Regime': 50, 'Rel. Strength': 50, 'Fundamental': 50, 'Sentiment': 50, 'Volume': 55, 'Candlestick': 50, 'Mkt Structure': 96, 'FII/DII': 70}",0.0,1.0,,,,,,,,,NO_TRADE,NO_TRADE,VOTE_GATE,Signal is SELL 🔴 — not a BUY. No action taken.,2026-07-13 00:15:13,,,,PAPER,,,,,,,,2026-07-13 00:15:13,
33fd4e9f72d3429e96954cf981f41973,20260713_000641,,2026-07-13 00:15:15,CESC,CESC.NS,SIDEWAYS ↔️,,,PAPER,40,"{'Trend': 25, 'Momentum': 45, 'Volatility': 70, 'Signal': 50, 'Regime': 50, 'Rel. Strength': 50, 'Fundamental': 50, 'Sentiment': 50, 'Volume': 15, 'Candlestick': 33, 'Mkt Structure': 0, 'FII/DII': 70}",,,,,,,,,,,NO_TRADE,NO_TRADE,SCORE_GATE,Score 40/100 below minimum 50/100. No bucket would accept this.,2026-07-13 00:15:15,,,,PAPER,,,,,,,,2026-07-13 00:15:15,
1d4e499f75bc495ea79f1600d76c603f,20260713_000641,,2026-07-13 00:15:17,SANSERA ENGINEERING,SANSERA.NS,SIDEWAYS ↔️,,,PAPER,58,"{'Trend': 85, 'Momentum': 5, 'Volatility': 30, 'Signal': 50, 'Regime': 50, 'Rel. Strength': 50, 'Fundamental': 50, 'Sentiment': 50, 'Volume': 85, 'Candlestick': 68, 'Mkt Structure': 100, 'FII/DII': 70}",0.0,0.0,,,,,,,,,NO_TRADE,NO_TRADE,VOTE_GATE,Signal is NEUTRAL ⚪ — not a BUY. No action taken.,2026-07-13 00:15:17,,,,PAPER,,,,,,,,2026-07-13 00:15:17,
cda6fa40efa14f89a327a7f7b46401eb,20260713_000641,,2026-07-13 00:15:21,COFORGE,COFORGE.NS,SIDEWAYS ↔️,Intraday,,PAPER,57,"{'Trend': 75, 'Momentum': 25, 'Volatility': 40, 'Signal': 68, 'Regime': 50, 'Rel. Strength': 50, 'Fundamental': 50, 'Sentiment': 50, 'Volume': 50, 'Candlestick': 50, 'Mkt Structure': 99, 'FII/DII': 70}",1.0,0.0,,,,,,,,,NO_TRADE,NO_TRADE,EXECUTION_RULE,❌ **COFORGE** REJECTED for Intraday | Score: 49/100 | Votes: 1/4 Reasons: Portfolio risk gate: 🛑 Blocked: Intraday bucket drawdown: -20.4% (limit: -10.0%). Bucket paused — no new entries until losses recover. Existing positions continue unaffected.,2026-07-13 00:15:21,,,,PAPER,,,,,,,,2026-07-13 00:15:21,
3455b4c924fd496683c04377794d9cf4,20260713_000641,,2026-07-13 00:15:24,GMR AIRPORTS,GMRAIRPORT.NS,SIDEWAYS ↔️,—,,PAPER,53,"{'Trend': 75, 'Momentum': 15, 'Volatility': 40, 'Signal': 68, 'Regime': 50, 'Rel. Strength': 50, 'Fundamental': 50, 'Sentiment': 50, 'Volume': 20, 'Candlestick': 50, 'Mkt Structure': 100, 'FII/DII': 70}",1.0,0.0,,,,,,,,,NO_TRADE,NO_TRADE,EXECUTION_RULE,"No suitable bucket for GMR AIRPORTS. Score 53/100, 1/4 strategies agree — signal is too weak for any bucket. Wait for a stronger setup.",2026-07-13 00:15:24,,,,PAPER,,,,,,,,2026-07-13 00:15:24,
71b32401fd8143dea82f198df5c08fb9,20260713_000641,,2026-07-13 00:15:28,INTELLECT DESIGN,INTELLECT.NS,SIDEWAYS ↔️,Intraday,,PAPER,56,"{'Trend': 68, 'Momentum': 25, 'Volatility': 50, 'Signal': 68, 'Regime': 50, 'Rel. Strength': 50, 'Fundamental': 50, 'Sentiment': 50, 'Volume': 65, 'Candlestick': 50, 'Mkt Structure': 71, 'FII/DII': 70}",1.0,0.0,,,,,,,,,NO_TRADE,NO_TRADE,EXECUTION_RULE,❌ **INTELLECT DESIGN** REJECTED for Intraday | Score: 52/100 | Votes: 1/4 Reasons: Portfolio risk gate: 🛑 Blocked: Intraday bucket drawdown: -20.4% (limit: -10.0%). Bucket paused — no new entries until losses recover. Existing positions continue unaffected.,2026-07-13 00:15:28,,,,PAPER,,,,,,,,2026-07-13 00:15:28,
1e5e7da4d6b0424783ae8356fe0b51a9,20260713_000641,,2026-07-13 00:15:32,SONATA SOFTWARE,SONATSOFTW.NS,SIDEWAYS ↔️,Intraday,,PAPER,58,"{'Trend': 68, 'Momentum': 25, 'Volatility': 50, 'Signal': 85, 'Regime': 50, 'Rel. Strength': 50, 'Fundamental': 50, 'Sentiment': 50, 'Volume': 60, 'Candlestick': 50, 'Mkt Structure': 93, 'FII/DII': 70}",2.0,0.0,,,,,,,,,NO_TRADE,NO_TRADE,EXECUTION_RULE,❌ **SONATA SOFTWARE** REJECTED for Intraday | Score: 50/100 | Votes: 2/4 Reasons: Portfolio risk gate: 🛑 Blocked: Intraday bucket drawdown: -20.4% (limit: -10.0%). Bucket paused — no new entries until losses recover. Existing positions continue unaffected.,2026-07-13 00:15:32,,,,PAPER,,,,,,,,2026-07-13 00:15:32,
8343b7587c1849eabbadaf3c10fc3087,20260713_000641,,2026-07-13 00:15:37,MASTEK,MASTEK.NS,SIDEWAYS ↔️,Swing,,PAPER,63,"{'Trend': 78, 'Momentum': 65, 'Volatility': 15, 'Signal': 85, 'Regime': 50, 'Rel. Strength': 50, 'Fundamental': 50, 'Sentiment': 50, 'Volume': 100, 'Candlestick': 79, 'Mkt Structure': 34, 'FII/DII': 70}",2.0,0.0,,,,,,,,,NO_TRADE,NO_TRADE,EXECUTION_RULE,❌ **MASTEK** REJECTED for Swing | Score: 74/100 | Votes: 2/4 Reasons: Portfolio risk gate: 🛑 Blocked: Swing bucket drawdown: -16.9% (limit: -10.0%). Bucket paused — no new entries until losses recover. Existing positions continue unaffected.,2026-07-13 00:15:37,,,,PAPER,,,,,,,,2026-07-13 00:15:37,
fd6dfc16f59b452d98cbb6e05b34cc00,20260713_000641,,2026-07-13 00:15:41,TANLA PLATFORMS,TANLA.NS,SIDEWAYS ↔️,Intraday,,PAPER,64,"{'Trend': 78, 'Momentum': 65, 'Volatility': 15, 'Signal': 68, 'Regime': 50, 'Rel. Strength': 50, 'Fundamental': 50, 'Sentiment': 50, 'Volume': 85, 'Candlestick': 80, 'Mkt Structure': 86, 'FII/DII': 70}",1.0,0.0,,,,,,,,,NO_TRADE,NO_TRADE,EXECUTION_RULE,❌ **TANLA PLATFORMS** REJECTED for Intraday | Score: 76/100 | Votes: 1/4 Reasons: Portfolio risk gate: 🛑 Blocked: Intraday bucket drawdown: -20.4% (limit: -10.0%). Bucket paused — no new entries until losses recover. Existing positions continue unaffected.,2026-07-13 00:15:41,,,,PAPER,,,,,,,,2026-07-13 00:15:41,
5d43112013d541cc8ca988da58ca0042,20260713_000641,,2026-07-13 00:15:43,BIRLASOFT,BSOFT.NS,SIDEWAYS ↔️,,,PAPER,42,"{'Trend': 25, 'Momentum': 40, 'Volatility': 50, 'Signal': 32, 'Regime': 50, 'Rel. Strength': 50, 'Fundamental': 50, 'Sentiment': 50, 'Volume': 70, 'Candlestick': 50, 'Mkt Structure': 0, 'FII/DII': 70}",,,,,,,,,,,NO_TRADE,NO_TRADE,SCORE_GATE,Score 42/100 below minimum 50/100. No bucket would accept this.,2026-07-13 00:15:43,,,,PAPER,,,,,,,,2026-07-13 00:15:43,
3c37b11e926f4f58b4d8809e706b9afe,20260713_000641,,2026-07-13 00:15:48,NEWGEN SOFTWARE,NEWGEN.NS,SIDEWAYS ↔️,Swing,,PAPER,67,"{'Trend': 78, 'Momentum': 65, 'Volatility': 5, 'Signal': 85, 'Regime': 50, 'Rel. Strength': 50, 'Fundamental': 50, 'Sentiment': 50, 'Volume': 95, 'Candlestick': 80, 'Mkt Structure': 100, 'FII/DII': 70}",3.0,1.0,,,,,,,,,NO_TRADE,NO_TRADE,EXECUTION_RULE,❌ **NEWGEN SOFTWARE** REJECTED for Swing | Score: 74/100 | Votes: 3/4 Reasons: Portfolio risk gate: 🛑 Blocked: Swing bucket drawdown: -16.9% (limit: -10.0%). Bucket paused — no new entries until losses recover. Existing positions continue unaffected.,2026-07-13 00:15:48,,,,PAPER,,,,,,,,2026-07-13 00:15:48,
f03e4a2ed70641b88d09ac8f5972aa57,20260713_000641,,2026-07-13 00:15:50,HAPPIEST MINDS,HAPPSTMNDS.NS,SIDEWAYS ↔️,,,PAPER,56,"{'Trend': 78, 'Momentum': 55, 'Volatility': 5, 'Signal': 50, 'Regime': 50, 'Rel. Strength': 50, 'Fundamental': 50, 'Sentiment': 50, 'Volume': 95, 'Candlestick': 50, 'Mkt Structure': 40, 'FII/DII': 70}",1.0,1.0,,,,,,,,,NO_TRADE,NO_TRADE,VOTE_GATE,Signal is NEUTRAL ⚪ — not a BUY. No action taken.,2026-07-13 00:15:50,,,,PAPER,,,,,,,,2026-07-13 00:15:50,
767a00ec5f5d4ec3a91dfad1a0c7b6a9,20260713_000641,,2026-07-13 00:15:52,LATENTVIEW,LATENTVIEW.NS,SIDEWAYS ↔️,—,,PAPER,52,"{'Trend': 52, 'Momentum': 75, 'Volatility': 40, 'Signal': 68, 'Regime': 50, 'Rel. Strength': 50, 'Fundamental': 50, 'Sentiment': 50, 'Volume': 45, 'Candlestick': 50, 'Mkt Structure': 16, 'FII/DII': 70}",1.0,0.0,,,,,,,,,NO_TRADE,NO_TRADE,EXECUTION_RULE,"No suitable bucket for LATENTVIEW. Score 52/100, 1/4 strategies agree — signal is too weak for any bucket. Wait for a stronger setup.",2026-07-13 00:15:52,,,,PAPER,,,,,,,,2026-07-13 00:15:52,
0d9b8fb57faa4264b7aa7045138edd25,20260713_000641,,2026-07-13 00:15:56,JUST DIAL,JUSTDIAL.NS,SIDEWAYS ↔️,Intraday,,PAPER,67,"{'Trend': 78, 'Momentum': 75, 'Volatility': 15, 'Signal': 68, 'Regime': 50, 'Rel. Strength': 50, 'Fundamental': 50, 'Sentiment': 50, 'Volume': 90, 'Candlestick': 78, 'Mkt Structure': 100, 'FII/DII': 70}",1.0,0.0,,,,,,,,,NO_TRADE,NO_TRADE,EXECUTION_RULE,❌ **JUST DIAL** REJECTED for Intraday | Score: 81/100 | Votes: 1/4 Reasons: Portfolio risk gate: 🛑 Blocked: Intraday bucket drawdown: -20.4% (limit: -10.0%). Bucket paused — no new entries until losses recover. Existing positions continue unaffected.,2026-07-13 00:15:56,,,,PAPER,,,,,,,,2026-07-13 00:15:56,
d6f02281d7204725a543ab0e4979493a,20260713_000641,,2026-07-13 00:16:01,ROUTE MOBILE,ROUTE.NS,SIDEWAYS ↔️,Intraday,,PAPER,59,"{'Trend': 68, 'Momentum': 75, 'Volatility': 40, 'Signal': 68, 'Regime': 50, 'Rel. Strength': 50, 'Fundamental': 50, 'Sentiment': 50, 'Volume': 20, 'Candlestick': 58, 'Mkt Structure': 91, 'FII/DII': 70}",1.0,0.0,,,,,,,,,NO_TRADE,NO_TRADE,EXECUTION_RULE,❌ **ROUTE MOBILE** REJECTED for Intraday | Score: 54/100 | Votes: 1/4 Reasons: Portfolio risk gate: 🛑 Blocked: Intraday bucket drawdown: -20.4% (limit: -10.0%). Bucket paused — no new entries until losses recover. Existing positions continue unaffected.,2026-07-13 00:16:01,,,,PAPER,,,,,,,,2026-07-13 00:16:01,
11037818d2cd498396b589409de50c7b,20260713_000641,,2026-07-13 00:16:03,NAZARA TECH,NAZARA.NS,SIDEWAYS ↔️,—,,PAPER,54,"{'Trend': 75, 'Momentum': 25, 'Volatility': 40, 'Signal': 68, 'Regime': 50, 'Rel. Strength': 50, 'Fundamental': 50, 'Sentiment': 50, 'Volume': 20, 'Candlestick': 50, 'Mkt Structure': 100, 'FII/DII': 70}",1.0,0.0,,,,,,,,,NO_TRADE,NO_TRADE,EXECUTION_RULE,"No suitable bucket for NAZARA TECH. Score 54/100, 1/4 strategies agree — signal is too weak for any bucket. Wait for a stronger setup.",2026-07-13 00:16:03,,,,PAPER,,,,,,,,2026-07-13 00:16:03,
c99f55c133904727ad69257a4959aac0,20260713_000641,,2026-07-13 00:16:05,CARTRADE TECH,CARTRADE.NS,SIDEWAYS ↔️,—,,PAPER,54,"{'Trend': 85, 'Momentum': 15, 'Volatility': 40, 'Signal': 68, 'Regime': 50, 'Rel. Strength': 50, 'Fundamental': 50, 'Sentiment': 50, 'Volume': 10, 'Candlestick': 50, 'Mkt Structure': 100, 'FII/DII': 70}",1.0,0.0,,,,,,,,,NO_TRADE,NO_TRADE,EXECUTION_RULE,"No suitable bucket for CARTRADE TECH. Score 54/100, 1/4 strategies agree — signal is too weak for any bucket. Wait for a stronger setup.",2026-07-13 00:16:05,,,,PAPER,,,,,,,,2026-07-13 00:16:05,
b1821c18579b4d75ba4a0ce5f67d3af2,20260713_000641,,2026-07-13 00:16:10,ZENSAR TECHNOLOGIES,ZENSARTECH.NS,SIDEWAYS ↔️,Swing,,PAPER,64,"{'Trend': 78, 'Momentum': 65, 'Volatility': 15, 'Signal': 85, 'Regime': 50, 'Rel. Strength': 50, 'Fundamental': 50, 'Sentiment': 50, 'Volume': 100, 'Candlestick': 80, 'Mkt Structure': 48, 'FII/DII': 70}",2.0,0.0,,,,,,,,,NO_TRADE,NO_TRADE,EXECUTION_RULE,❌ **ZENSAR TECHNOLOGIES** REJECTED for Swing | Score: 74/100 | Votes: 2/4 Reasons: Portfolio risk gate: 🛑 Blocked: Swing bucket drawdown: -16.9% (limit: -10.0%). Bucket paused — no new entries until losses recover. Existing positions continue unaffected.,2026-07-13 00:16:10,,,,PAPER,,,,,,,,2026-07-13 00:16:10,
7d8a3f0ff24b467396eadfbdafac1cfc,20260713_000641,,2026-07-13 00:16:12,LE TRAVENUES TECH,IXIGO.NS,SIDEWAYS ↔️,,,PAPER,57,"{'Trend': 85, 'Momentum': 25, 'Volatility': 40, 'Signal': 50, 'Regime': 50, 'Rel. Strength': 50, 'Fundamental': 50, 'Sentiment': 50, 'Volume': 70, 'Candlestick': 50, 'Mkt Structure': 75, 'FII/DII': 70}",1.0,1.0,,,,,,,,,NO_TRADE,NO_TRADE,VOTE_GATE,Signal is NEUTRAL ⚪ — not a BUY. No action taken.,2026-07-13 00:16:12,,,,PAPER,,,,,,,,2026-07-13 00:16:12,
b47fe05ac45a43bb8543601f948afabc,20260713_000641,,2026-07-13 00:16:14,RATEGAIN,RATEGAIN.NS,SIDEWAYS ↔️,,,PAPER,55,"{'Trend': 85, 'Momentum': 15, 'Volatility': 30, 'Signal': 50, 'Regime': 50, 'Rel. Strength': 50, 'Fundamental': 50, 'Sentiment': 50, 'Volume': 40, 'Candlestick': 59, 'Mkt Structure': 100, 'FII/DII': 70}",1.0,1.0,,,,,,,,,NO_TRADE,NO_TRADE,VOTE_GATE,Signal is NEUTRAL ⚪ — not a BUY. No action taken.,2026-07-13 00:16:14,,,,PAPER,,,,,,,,2026-07-13 00:16:14,
cfe69d5d1a474740a9a8a1ba5e8ebaeb,20260713_000641,,2026-07-13 00:16:16,CYIENT,CYIENT.NS,SIDEWAYS ↔️,,,PAPER,41,"{'Trend': 15, 'Momentum': 40, 'Volatility': 70, 'Signal': 32, 'Regime': 50, 'Rel. Strength': 50, 'Fundamental': 50, 'Sentiment': 50, 'Volume': 30, 'Candlestick': 50, 'Mkt Structure': 25, 'FII/DII': 70}",,,,,,,,,,,NO_TRADE,NO_TRADE,SCORE_GATE,Score 41/100 below minimum 50/100. No bucket would accept this.,2026-07-13 00:16:16,,,,PAPER,,,,,,,,2026-07-13 00:16:16,
1ca60958fd6c434f90e94155a8e94a4e,20260713_000641,,2026-07-13 00:16:20,KARUR VYSYA BANK,KARURVYSYA.NS,SIDEWAYS ↔️,Intraday,,PAPER,63,"{'Trend': 78, 'Momentum': 75, 'Volatility': 15, 'Signal': 68, 'Regime': 50, 'Rel. Strength': 50, 'Fundamental': 50, 'Sentiment': 50, 'Volume': 60, 'Candlestick': 58, 'Mkt Structure': 99, 'FII/DII': 70}",1.0,0.0,,,,,,,,,NO_TRADE,NO_TRADE,EXECUTION_RULE,❌ **KARUR VYSYA BANK** REJECTED for Intraday | Score: 71/100 | Votes: 1/4 Reasons: Portfolio risk gate: 🛑 Blocked: Intraday bucket drawdown: -20.4% (limit: -10.0%). Bucket paused — no new entries until losses recover. Existing positions continue unaffected.,2026-07-13 00:16:20,,,,PAPER,,,,,,,,2026-07-13 00:16:20,
9d5731691e76454fb978ca6177821abc,20260713_000641,,2026-07-13 00:16:24,RBL BANK,RBLBANK.NS,SIDEWAYS ↔️,Intraday,,PAPER,61,"{'Trend': 78, 'Momentum': 25, 'Volatility': 15, 'Signal': 68, 'Regime': 50, 'Rel. Strength': 50, 'Fundamental': 50, 'Sentiment': 50, 'Volume': 85, 'Candlestick': 75, 'Mkt Structure': 100, 'FII/DII': 70}",1.0,0.0,,,,,,,,,NO_TRADE,NO_TRADE,EXECUTION_RULE,❌ **RBL BANK** REJECTED for Intraday | Score: 62/100 | Votes: 1/4 Reasons: Portfolio risk gate: 🛑 Blocked: Intraday bucket drawdown: -20.4% (limit: -10.0%). Bucket paused — no new entries until losses recover. Existing positions continue unaffected.,2026-07-13 00:16:24,,,,PAPER,,,,,,,,2026-07-13 00:16:24,
c2513cd8fb0b4fb0a4e9bdda11a55a43,20260713_000641,,2026-07-13 00:16:26,DCB BANK,DCBBANK.NS,SIDEWAYS ↔️,—,,PAPER,54,"{'Trend': 68, 'Momentum': 25, 'Volatility': 40, 'Signal': 68, 'Regime': 50, 'Rel. Strength': 50, 'Fundamental': 50, 'Sentiment': 50, 'Volume': 50, 'Candlestick': 50, 'Mkt Structure': 72, 'FII/DII': 70}",1.0,0.0,,,,,,,,,NO_TRADE,NO_TRADE,EXECUTION_RULE,"No suitable bucket for DCB BANK. Score 54/100, 1/4 strategies agree — signal is too weak for any bucket. Wait for a stronger setup.",2026-07-13 00:16:26,,,,PAPER,,,,,,,,2026-07-13 00:16:26,
e2301566fa184a919c2072f0d953a8ae,20260713_000641,,2026-07-13 00:16:31,CSB BANK,CSBBANK.NS,SIDEWAYS ↔️,Intraday,,PAPER,57,"{'Trend': 52, 'Momentum': 75, 'Volatility': 40, 'Signal': 68, 'Regime': 50, 'Rel. Strength': 50, 'Fundamental': 50, 'Sentiment': 50, 'Volume': 55, 'Candlestick': 65, 'Mkt Structure': 58, 'FII/DII': 70}",1.0,0.0,,,,,,,,,NO_TRADE,NO_TRADE,EXECUTION_RULE,❌ **CSB BANK** REJECTED for Intraday | Score: 61/100 | Votes: 1/4 Reasons: Portfolio risk gate: 🛑 Blocked: Intraday bucket drawdown: -20.4% (limit: -10.0%). Bucket paused — no new entries until losses recover. Existing positions continue unaffected.,2026-07-13 00:16:31,,,,PAPER,,,,,,,,2026-07-13 00:16:31,
40b0041ebacb436d82247f156ab691b2,20260713_000641,,2026-07-13 00:16:33,SOUTH INDIAN BANK,SOUTHBANK.NS,SIDEWAYS ↔️,,,PAPER,50,"{'Trend': 48, 'Momentum': 25, 'Volatility': 50, 'Signal': 32, 'Regime': 50, 'Rel. Strength': 50, 'Fundamental': 50, 'Sentiment': 50, 'Volume': 40, 'Candlestick': 66, 'Mkt Structure': 85, 'FII/DII': 70}",0.0,1.0,,,,,,,,,NO_TRADE,NO_TRADE,VOTE_GATE,Signal is SELL 🔴 — not a BUY. No action taken.,2026-07-13 00:16:33,,,,PAPER,,,,,,,,2026-07-13 00:16:33,
d7fb5c538e6b4fee85b9f783d452e4f4,20260713_000641,,2026-07-13 00:16:38,INDIAN OVERSEAS BANK,IOB.NS,SIDEWAYS ↔️,Intraday,,PAPER,55,"{'Trend': 52, 'Momentum': 40, 'Volatility': 50, 'Signal': 68, 'Regime': 50, 'Rel. Strength': 50, 'Fundamental': 50, 'Sentiment': 50, 'Volume': 55, 'Candlestick': 57, 'Mkt Structure': 83, 'FII/DII': 70}",1.0,0.0,,,,,,,,,NO_TRADE,NO_TRADE,EXECUTION_RULE,❌ **INDIAN OVERSEAS BANK** REJECTED for Intraday | Score: 49/100 | Votes: 1/4 Reasons: Portfolio risk gate: 🛑 Blocked: Intraday bucket drawdown: -20.4% (limit: -10.0%). Bucket paused — no new entries until losses recover. Existing positions continue unaffected.,2026-07-13 00:16:38,,,,PAPER,,,,,,,,2026-07-13 00:16:38,
60483d5ccb9a413e859df485adf223ef,20260713_000641,,2026-07-13 00:16:40,CENTRAL BANK,CENTRALBK.NS,SIDEWAYS ↔️,,,PAPER,49,"{'Trend': 52, 'Momentum': 25, 'Volatility': 50, 'Signal': 68, 'Regime': 50, 'Rel. Strength': 50, 'Fundamental': 50, 'Sentiment': 50, 'Volume': 40, 'Candlestick': 58, 'Mkt Structure': 41, 'FII/DII': 70}",,,,,,,,,,,NO_TRADE,NO_TRADE,SCORE_GATE,Score 49/100 below minimum 50/100. No bucket would accept this.,2026-07-13 00:16:40,,,,PAPER,,,,,,,,2026-07-13 00:16:40,
daedfc6678914d84b85b934e86083c0c,20260713_000641,,2026-07-13 00:16:41,BANK OF MAHARASHTRA,MAHABANK.NS,SIDEWAYS ↔️,,,PAPER,51,"{'Trend': 22, 'Momentum': 40, 'Volatility': 60, 'Signal': 32, 'Regime': 50, 'Rel. Strength': 50, 'Fundamental': 50, 'Sentiment': 50, 'Volume': 95, 'Candlestick': 26, 'Mkt Structure': 100, 'FII/DII': 70}",0.0,1.0,,,,,,,,,NO_TRADE,NO_TRADE,VOTE_GATE,Signal is SELL 🔴 — not a BUY. No action taken.,2026-07-13 00:16:41,,,,PAPER,,,,,,,,2026-07-13 00:16:41,
4dcaf408ad284287b9ec93535f5f5fe5,20260713_000641,,2026-07-13 00:16:43,MOIL,MOIL.NS,SIDEWAYS ↔️,,,PAPER,40,"{'Trend': 15, 'Momentum': 45, 'Volatility': 60, 'Signal': 50, 'Regime': 50, 'Rel. Strength': 50, 'Fundamental': 50, 'Sentiment': 50, 'Volume': 30, 'Candlestick': 50, 'Mkt Structure': 0, 'FII/DII': 70}",,,,,,,,,,,NO_TRADE,NO_TRADE,SCORE_GATE,Score 40/100 below minimum 50/100. No bucket would accept this.,2026-07-13 00:16:43,,,,PAPER,,,,,,,N/A,2026-07-13 00:16:43,
