Timestamp,Stock,Bucket,Decision,Score,Signal,Price,Reason,Regime,Exit_Reason
2026-06-05 02:14:37,PORTFOLIO,ALL,HALTED,0,—,0,BEAR market detected (BEAR 🐻). No new BUY orders — capital protection mode.,BEAR 🐻,
2026-06-05 02:14:44,Tribhovandas Bhimji Zaveri,Swing,HOLD,0,TRAILING,177.49,Trailing stop activated at 7.3% gain. Trail stop ₹170.39 — moves up with price.,BEAR 🐻,TRAIL_ACTIVATED
2026-06-17 09:19:17,RELIANCE,Intraday,NO-TRADE,56.0,BUY 🟢,1319.0,❌ **RELIANCE** REJECTED for Intraday | Score: 59/100 | Votes: 1/4 Reasons: Portfolio risk gate: 🛑 Blocked: Intraday bucket drawdown: -16.7% (limit: -10.0%). Bucket paused — no new entries until losses recover. Existing positions continue unaffected.,WEAK BULL 📈,
2026-06-17 09:19:18,TCS,—,NO-TRADE,50.0,NEUTRAL ⚪,2217.6,Signal is NEUTRAL ⚪ — not a BUY. No action taken.,WEAK BULL 📈,
2026-06-17 09:19:20,HDFCBANK,Intraday,NO-TRADE,58.0,BUY 🟢,783.5,❌ **HDFCBANK** REJECTED for Intraday | Score: 64/100 | Votes: 1/4 Reasons: Portfolio risk gate: 🛑 Blocked: Intraday bucket drawdown: -16.7% (limit: -10.0%). Bucket paused — no new entries until losses recover. Existing positions continue unaffected.,WEAK BULL 📈,
2026-06-17 09:19:21,INFY,—,NO-TRADE,51.0,BUY 🟢,1155.7,"No suitable bucket for INFY. Score 51/100, 1/4 strategies agree — signal is too weak for any bucket. Wait for a stronger setup.",WEAK BULL 📈,
2026-06-17 09:19:24,ICICIBANK,Intraday,NO-TRADE,58.0,BUY 🟢,1338.8,❌ **ICICIBANK** REJECTED for Intraday | Score: 66/100 | Votes: 1/4 Reasons: Portfolio risk gate: 🛑 Blocked: Intraday bucket drawdown: -16.7% (limit: -10.0%). Bucket paused — no new entries until losses recover. Existing positions continue unaffected.,WEAK BULL 📈,
2026-06-17 09:19:27,HINDUNILVR,Intraday,NO-TRADE,55.0,BUY 🟢,2201.8,❌ **HINDUNILVR** REJECTED for Intraday | Score: 59/100 | Votes: 1/4 Reasons: Portfolio risk gate: 🛑 Blocked: Intraday bucket drawdown: -16.7% (limit: -10.0%). Bucket paused — no new entries until losses recover. Existing positions continue unaffected.,WEAK BULL 📈,
2026-06-17 09:19:28,SBIN,—,NO-TRADE,56.0,NEUTRAL ⚪,1015.85,Signal is NEUTRAL ⚪ — not a BUY. No action taken.,WEAK BULL 📈,
2026-06-17 09:19:30,BHARTIARTL,Intraday,NO-TRADE,55.0,BUY 🟢,1849.8,❌ **BHARTIARTL** REJECTED for Intraday | Score: 59/100 | Votes: 1/4 Reasons: Portfolio risk gate: 🛑 Blocked: Intraday bucket drawdown: -16.7% (limit: -10.0%). Bucket paused — no new entries until losses recover. Existing positions continue unaffected.,WEAK BULL 📈,
2026-06-17 09:19:33,ITC,Intraday,NO-TRADE,55.0,BUY 🟢,290.85,❌ **ITC** REJECTED for Intraday | Score: 59/100 | Votes: 1/4 Reasons: Portfolio risk gate: 🛑 Blocked: Intraday bucket drawdown: -16.7% (limit: -10.0%). Bucket paused — no new entries until losses recover. Existing positions continue unaffected.,WEAK BULL 📈,
2026-06-17 09:19:36,KOTAKBANK,Intraday,NO-TRADE,58.0,BUY 🟢,407.25,❌ **KOTAKBANK** REJECTED for Intraday | Score: 66/100 | Votes: 1/4 Reasons: Portfolio risk gate: 🛑 Blocked: Intraday bucket drawdown: -16.7% (limit: -10.0%). Bucket paused — no new entries until losses recover. Existing positions continue unaffected.,WEAK BULL 📈,
2026-06-17 09:19:39,BAJFINANCE,Intraday,NO-TRADE,59.0,BUY 🟢,952.4,❌ **BAJFINANCE** REJECTED for Intraday | Score: 67/100 | Votes: 1/4 Reasons: Portfolio risk gate: 🛑 Blocked: Intraday bucket drawdown: -16.7% (limit: -10.0%). Bucket paused — no new entries until losses recover. Existing positions continue unaffected.,WEAK BULL 📈,
2026-06-17 09:19:40,WIPRO,—,NO-TRADE,44.0,SELL 🔴,184.8,Score 44/100 below minimum 50/100. No bucket would accept this.,WEAK BULL 📈,
2026-06-17 09:19:43,AXISBANK,Intraday,NO-TRADE,59.0,BUY 🟢,1357.7,❌ **AXISBANK** REJECTED for Intraday | Score: 66/100 | Votes: 1/4 Reasons: Portfolio risk gate: 🛑 Blocked: Intraday bucket drawdown: -16.7% (limit: -10.0%). Bucket paused — no new entries until losses recover. Existing positions continue unaffected.,WEAK BULL 📈,
2026-06-17 09:19:45,ASIANPAINT,Intraday,NO-TRADE,56.0,BUY 🟢,2754.6,❌ **ASIANPAINT** REJECTED for Intraday | Score: 63/100 | Votes: 1/4 Reasons: Portfolio risk gate: 🛑 Blocked: Intraday bucket drawdown: -16.7% (limit: -10.0%). Bucket paused — no new entries until losses recover. Existing positions continue unaffected.,WEAK BULL 📈,
2026-06-17 09:19:48,MARUTI,Intraday,NO-TRADE,58.0,BUY 🟢,13640.0,❌ **MARUTI** REJECTED for Intraday | Score: 67/100 | Votes: 1/4 Reasons: Portfolio risk gate: 🛑 Blocked: Intraday bucket drawdown: -16.7% (limit: -10.0%). Bucket paused — no new entries until losses recover. Existing positions continue unaffected.,WEAK BULL 📈,
2026-06-17 09:19:51,TITAN,Intraday,NO-TRADE,57.0,BUY 🟢,4340.4,❌ **TITAN** REJECTED for Intraday | Score: 64/100 | Votes: 1/4 Reasons: Portfolio risk gate: 🛑 Blocked: Intraday bucket drawdown: -16.7% (limit: -10.0%). Bucket paused — no new entries until losses recover. Existing positions continue unaffected.,WEAK BULL 📈,
2026-06-17 09:19:52,SUNPHARMA,—,NO-TRADE,52.0,BUY 🟢,1811.6,"No suitable bucket for SUNPHARMA. Score 52/100, 1/4 strategies agree — signal is too weak for any bucket. Wait for a stronger setup.",WEAK BULL 📈,
2026-06-17 09:19:55,ULTRACEMCO,Intraday,NO-TRADE,56.0,BUY 🟢,11351.0,❌ **ULTRACEMCO** REJECTED for Intraday | Score: 59/100 | Votes: 1/4 Reasons: Portfolio risk gate: 🛑 Blocked: Intraday bucket drawdown: -16.7% (limit: -10.0%). Bucket paused — no new entries until losses recover. Existing positions continue unaffected.,WEAK BULL 📈,
2026-06-17 09:19:56,NESTLEIND,—,NO-TRADE,45.0,SELL 🔴,1388.9,Score 45/100 below minimum 50/100. No bucket would accept this.,WEAK BULL 📈,
2026-06-17 09:19:57,ADANIENT,—,NO-TRADE,54.0,BUY 🟢,2940.9,"No suitable bucket for ADANIENT. Score 54/100, 1/4 strategies agree — signal is too weak for any bucket. Wait for a stronger setup.",WEAK BULL 📈,
2026-06-17 09:19:58,ADANIPORTS,—,NO-TRADE,53.0,BUY 🟢,1810.9,"No suitable bucket for ADANIPORTS. Score 53/100, 1/4 strategies agree — signal is too weak for any bucket. Wait for a stronger setup.",WEAK BULL 📈,
2026-06-17 09:19:58,POWERGRID,—,NO-TRADE,53.0,NEUTRAL ⚪,284.35,Signal is NEUTRAL ⚪ — not a BUY. No action taken.,WEAK BULL 📈,
2026-06-17 09:19:59,NTPC,—,NO-TRADE,46.0,NEUTRAL ⚪,354.9,Score 46/100 below minimum 50/100. No bucket would accept this.,WEAK BULL 📈,
2026-06-17 09:20:00,ONGC,—,NO-TRADE,47.0,NEUTRAL ⚪,247.2,Score 47/100 below minimum 50/100. No bucket would accept this.,WEAK BULL 📈,
2026-06-17 09:20:00,COALINDIA,—,NO-TRADE,44.0,SELL 🔴,449.45,Score 44/100 below minimum 50/100. No bucket would accept this.,WEAK BULL 📈,
2026-06-17 09:20:03,TMCV,Intraday,NO-TRADE,58.0,BUY 🟢,400.0,❌ **TMCV** REJECTED for Intraday | Score: 64/100 | Votes: 1/4 Reasons: Portfolio risk gate: 🛑 Blocked: Intraday bucket drawdown: -16.7% (limit: -10.0%). Bucket paused — no new entries until losses recover. Existing positions continue unaffected.,WEAK BULL 📈,
2026-06-17 09:20:03,TATASTEEL,—,NO-TRADE,47.0,NEUTRAL ⚪,195.95,Score 47/100 below minimum 50/100. No bucket would accept this.,WEAK BULL 📈,
2026-06-17 09:20:06,HCLTECH,Intraday,NO-TRADE,55.0,BUY 🟢,1167.5,❌ **HCLTECH** REJECTED for Intraday | Score: 57/100 | Votes: 1/4 Reasons: Portfolio risk gate: 🛑 Blocked: Intraday bucket drawdown: -16.7% (limit: -10.0%). Bucket paused — no new entries until losses recover. Existing positions continue unaffected.,WEAK BULL 📈,
2026-06-17 09:20:07,JSWSTEEL,—,NO-TRADE,45.0,STRONG SELL 🔴🔴,1271.3,Score 45/100 below minimum 50/100. No bucket would accept this.,WEAK BULL 📈,
2026-06-17 09:20:10,BAJAJFINSV,Intraday,NO-TRADE,55.0,BUY 🟢,1783.9,❌ **BAJAJFINSV** REJECTED for Intraday | Score: 59/100 | Votes: 1/4 Reasons: Portfolio risk gate: 🛑 Blocked: Intraday bucket drawdown: -16.7% (limit: -10.0%). Bucket paused — no new entries until losses recover. Existing positions continue unaffected.,WEAK BULL 📈,
2026-06-17 09:20:14,LT,Intraday,NO-TRADE,58.0,BUY 🟢,4183.3,❌ **LT** REJECTED for Intraday | Score: 66/100 | Votes: 1/4 Reasons: Portfolio risk gate: 🛑 Blocked: Intraday bucket drawdown: -16.7% (limit: -10.0%). Bucket paused — no new entries until losses recover. Existing positions continue unaffected.,WEAK BULL 📈,
2026-06-17 09:20:16,M&M,Intraday,NO-TRADE,59.0,STRONG BUY 🟢🟢,3133.0,❌ **M&M** REJECTED for Intraday | Score: 64/100 | Votes: 2/4 Reasons: Portfolio risk gate: 🛑 Blocked: Intraday bucket drawdown: -16.7% (limit: -10.0%). Bucket paused — no new entries until losses recover. Existing positions continue unaffected.,WEAK BULL 📈,
2026-06-17 09:20:17,RELIANCE,Intraday,NO-TRADE,56.0,BUY 🟢,1318.0,❌ **RELIANCE** REJECTED for Intraday | Score: 59/100 | Votes: 1/4 Reasons: Portfolio risk gate: 🛑 Blocked: Intraday bucket drawdown: -16.7% (limit: -10.0%). Bucket paused — no new entries until losses recover. Existing positions continue unaffected.,WEAK BULL 📈,
2026-06-17 09:20:17,Jindal Stainless,—,NO-TRADE,54.0,BUY 🟢,710.55,"No suitable bucket for Jindal Stainless. Score 54/100, 1/4 strategies agree — signal is too weak for any bucket. Wait for a stronger setup.",WEAK BULL 📈,
2026-06-17 09:20:18,TCS,—,NO-TRADE,50.0,NEUTRAL ⚪,2228.4,Signal is NEUTRAL ⚪ — not a BUY. No action taken.,WEAK BULL 📈,
2026-06-17 09:20:21,Mazagon Dock,Intraday,NO-TRADE,55.0,BUY 🟢,2488.2,❌ **Mazagon Dock** REJECTED for Intraday | Score: 59/100 | Votes: 1/4 Reasons: Portfolio risk gate: 🛑 Blocked: Intraday bucket drawdown: -16.7% (limit: -10.0%). Bucket paused — no new entries until losses recover. Existing positions continue unaffected.,WEAK BULL 📈,
2026-06-17 09:20:21,HDFCBANK,Intraday,NO-TRADE,58.0,BUY 🟢,783.8,❌ **HDFCBANK** REJECTED for Intraday | Score: 64/100 | Votes: 1/4 Reasons: Portfolio risk gate: 🛑 Blocked: Intraday bucket drawdown: -16.7% (limit: -10.0%). Bucket paused — no new entries until losses recover. Existing positions continue unaffected.,WEAK BULL 📈,
2026-06-17 09:20:22,TMPV,—,NO-TRADE,54.0,BUY 🟢,391.0,"No suitable bucket for TMPV. Score 54/100, 1/4 strategies agree — signal is too weak for any bucket. Wait for a stronger setup.",WEAK BULL 📈,
2026-06-17 09:20:22,INFY,—,NO-TRADE,51.0,BUY 🟢,1158.0,"No suitable bucket for INFY. Score 51/100, 1/4 strategies agree — signal is too weak for any bucket. Wait for a stronger setup.",WEAK BULL 📈,
2026-06-17 09:20:22,JINDAL STEEL,—,NO-TRADE,47.0,NEUTRAL ⚪,1129.2,Score 47/100 below minimum 50/100. No bucket would accept this.,WEAK BULL 📈,
2026-06-17 09:20:23,Rail Vikas Nigam,—,NO-TRADE,49.0,SELL 🔴,240.6,Score 49/100 below minimum 50/100. No bucket would accept this.,WEAK BULL 📈,
2026-06-17 09:20:24,Cochin Shipyard,—,NO-TRADE,53.0,NEUTRAL ⚪,1442.7,Signal is NEUTRAL ⚪ — not a BUY. No action taken.,WEAK BULL 📈,
2026-06-17 09:20:25,ICICIBANK,Intraday,NO-TRADE,58.0,BUY 🟢,1340.0,❌ **ICICIBANK** REJECTED for Intraday | Score: 66/100 | Votes: 1/4 Reasons: Portfolio risk gate: 🛑 Blocked: Intraday bucket drawdown: -16.7% (limit: -10.0%). Bucket paused — no new entries until losses recover. Existing positions continue unaffected.,WEAK BULL 📈,
2026-06-17 09:20:27,Bharat Dynamics,Intraday,NO-TRADE,55.0,BUY 🟢,1240.5,❌ **Bharat Dynamics** REJECTED for Intraday | Score: 57/100 | Votes: 1/4 Reasons: Portfolio risk gate: 🛑 Blocked: Intraday bucket drawdown: -16.7% (limit: -10.0%). Bucket paused — no new entries until losses recover. Existing positions continue unaffected.,WEAK BULL 📈,
2026-06-17 09:20:28,HINDUNILVR,Intraday,NO-TRADE,55.0,BUY 🟢,2200.2,❌ **HINDUNILVR** REJECTED for Intraday | Score: 59/100 | Votes: 1/4 Reasons: Portfolio risk gate: 🛑 Blocked: Intraday bucket drawdown: -16.7% (limit: -10.0%). Bucket paused — no new entries until losses recover. Existing positions continue unaffected.,WEAK BULL 📈,
2026-06-17 09:20:29,SBIN,—,NO-TRADE,56.0,NEUTRAL ⚪,1016.95,Signal is NEUTRAL ⚪ — not a BUY. No action taken.,WEAK BULL 📈,
2026-06-17 09:20:30,TVS Motors,Intraday,NO-TRADE,55.0,BUY 🟢,3447.0,❌ **TVS Motors** REJECTED for Intraday | Score: 59/100 | Votes: 1/4 Reasons: Portfolio risk gate: 🛑 Blocked: Intraday bucket drawdown: -16.7% (limit: -10.0%). Bucket paused — no new entries until losses recover. Existing positions continue unaffected.,WEAK BULL 📈,
2026-06-17 09:20:31,IRCTC,—,NO-TRADE,50.0,SELL 🔴,520.6,Signal is SELL 🔴 — not a BUY. No action taken.,WEAK BULL 📈,
2026-06-17 09:20:32,BHARTIARTL,Intraday,NO-TRADE,55.0,BUY 🟢,1844.7,❌ **BHARTIARTL** REJECTED for Intraday | Score: 59/100 | Votes: 1/4 Reasons: Portfolio risk gate: 🛑 Blocked: Intraday bucket drawdown: -16.7% (limit: -10.0%). Bucket paused — no new entries until losses recover. Existing positions continue unaffected.,WEAK BULL 📈,
2026-06-17 09:20:34,DMART,Intraday,NO-TRADE,55.0,BUY 🟢,4242.5,❌ **DMART** REJECTED for Intraday | Score: 62/100 | Votes: 1/4 Reasons: Portfolio risk gate: 🛑 Blocked: Intraday bucket drawdown: -16.7% (limit: -10.0%). Bucket paused — no new entries until losses recover. Existing positions continue unaffected.,WEAK BULL 📈,
2026-06-17 09:20:35,IDEA,—,NO-TRADE,53.0,BUY 🟢,14.58,"No suitable bucket for IDEA. Score 53/100, 1/4 strategies agree — signal is too weak for any bucket. Wait for a stronger setup.",WEAK BULL 📈,
2026-06-17 09:20:38,Garden Reach Shipbuilders,Intraday,NO-TRADE,55.0,BUY 🟢,2701.0,❌ **Garden Reach Shipbuilders** REJECTED for Intraday | Score: 59/100 | Votes: 1/4 Reasons: Portfolio risk gate: 🛑 Blocked: Intraday bucket drawdown: -16.7% (limit: -10.0%). Bucket paused — no new entries until losses recover. Existing positions continue unaffected.,WEAK BULL 📈,
2026-06-17 09:20:39,HAL,—,NO-TRADE,46.0,SELL 🔴,4273.9,Score 46/100 below minimum 50/100. No bucket would accept this.,WEAK BULL 📈,
2026-06-17 09:20:39,BEL,—,NO-TRADE,51.0,SELL 🔴,406.75,Signal is SELL 🔴 — not a BUY. No action taken.,WEAK BULL 📈,
2026-06-17 09:20:41,ITC,Intraday,NO-TRADE,55.0,BUY 🟢,290.7,❌ **ITC** REJECTED for Intraday | Score: 59/100 | Votes: 1/4 Reasons: Portfolio risk gate: 🛑 Blocked: Intraday bucket drawdown: -16.7% (limit: -10.0%). Bucket paused — no new entries until losses recover. Existing positions continue unaffected.,WEAK BULL 📈,
2026-06-17 09:20:43,IREDA,Intraday,NO-TRADE,58.0,STRONG BUY 🟢🟢,125.78,❌ **IREDA** REJECTED for Intraday | Score: 59/100 | Votes: 2/4 Reasons: Portfolio risk gate: 🛑 Blocked: Intraday bucket drawdown: -16.7% (limit: -10.0%). Bucket paused — no new entries until losses recover. Existing positions continue unaffected.,WEAK BULL 📈,
2026-06-17 09:20:43,Oil India,—,NO-TRADE,47.0,NEUTRAL ⚪,417.4,Score 47/100 below minimum 50/100. No bucket would accept this.,WEAK BULL 📈,
2026-06-17 09:20:44,KOTAKBANK,Intraday,NO-TRADE,58.0,BUY 🟢,407.45,❌ **KOTAKBANK** REJECTED for Intraday | Score: 66/100 | Votes: 1/4 Reasons: Portfolio risk gate: 🛑 Blocked: Intraday bucket drawdown: -16.7% (limit: -10.0%). Bucket paused — no new entries until losses recover. Existing positions continue unaffected.,WEAK BULL 📈,
2026-06-17 09:20:46,Eternal (formerly Zomato),Intraday,NO-TRADE,59.0,STRONG BUY 🟢🟢,254.35,❌ **Eternal (formerly Zomato)** REJECTED for Intraday | Score: 64/100 | Votes: 2/4 Reasons: Portfolio risk gate: 🛑 Blocked: Intraday bucket drawdown: -16.7% (limit: -10.0%). Bucket paused — no new entries until losses recover. Existing positions continue unaffected.,WEAK BULL 📈,
2026-06-17 09:20:49,COLPAL,Intraday,NO-TRADE,59.0,STRONG BUY 🟢🟢,2072.2,❌ **COLPAL** REJECTED for Intraday | Score: 64/100 | Votes: 2/4 Reasons: Portfolio risk gate: 🛑 Blocked: Intraday bucket drawdown: -16.7% (limit: -10.0%). Bucket paused — no new entries until losses recover. Existing positions continue unaffected.,WEAK BULL 📈,
2026-06-17 09:20:50,SBILIFE,—,NO-TRADE,46.0,SELL 🔴,1769.5,Score 46/100 below minimum 50/100. No bucket would accept this.,WEAK BULL 📈,
2026-06-17 09:20:50,ICICIPRULI,—,NO-TRADE,51.0,SELL 🔴,491.55,Signal is SELL 🔴 — not a BUY. No action taken.,WEAK BULL 📈,
2026-06-17 09:20:52,DIVISLAB,—,NO-TRADE,54.0,STRONG BUY 🟢🟢,6732.0,"No suitable bucket for DIVISLAB. Score 54/100, 2/4 strategies agree — signal is too weak for any bucket. Wait for a stronger setup.",WEAK BULL 📈,
2026-06-17 09:20:52,BAJFINANCE,Intraday,NO-TRADE,59.0,BUY 🟢,954.7,❌ **BAJFINANCE** REJECTED for Intraday | Score: 67/100 | Votes: 1/4 Reasons: Portfolio risk gate: 🛑 Blocked: Intraday bucket drawdown: -16.7% (limit: -10.0%). Bucket paused — no new entries until losses recover. Existing positions continue unaffected.,WEAK BULL 📈,
2026-06-17 09:20:52,PIDILITIND,—,NO-TRADE,53.0,SELL 🔴,1572.9,Signal is SELL 🔴 — not a BUY. No action taken.,WEAK BULL 📈,
2026-06-17 09:20:53,WIPRO,—,NO-TRADE,44.0,SELL 🔴,184.9,Score 44/100 below minimum 50/100. No bucket would accept this.,WEAK BULL 📈,
2026-06-17 09:20:53,CIPLA,—,NO-TRADE,50.0,SELL 🔴,1368.2,Signal is SELL 🔴 — not a BUY. No action taken.,WEAK BULL 📈,
2026-06-17 09:20:54,APOLLOHOSP,—,NO-TRADE,53.0,BUY 🟢,8425.0,"No suitable bucket for APOLLOHOSP. Score 53/100, 1/4 strategies agree — signal is too weak for any bucket. Wait for a stronger setup.",WEAK BULL 📈,
2026-06-17 09:20:55,BAJAJ-AUTO,—,NO-TRADE,48.0,NEUTRAL ⚪,9966.0,Score 48/100 below minimum 50/100. No bucket would accept this.,WEAK BULL 📈,
2026-06-17 09:20:56,AXISBANK,Intraday,NO-TRADE,59.0,BUY 🟢,1359.2,❌ **AXISBANK** REJECTED for Intraday | Score: 66/100 | Votes: 1/4 Reasons: Portfolio risk gate: 🛑 Blocked: Intraday bucket drawdown: -16.7% (limit: -10.0%). Bucket paused — no new entries until losses recover. Existing positions continue unaffected.,WEAK BULL 📈,
2026-06-17 09:20:58,HEROMOTOCO,Intraday,NO-TRADE,55.0,BUY 🟢,5016.2,❌ **HEROMOTOCO** REJECTED for Intraday | Score: 59/100 | Votes: 1/4 Reasons: Portfolio risk gate: 🛑 Blocked: Intraday bucket drawdown: -16.7% (limit: -10.0%). Bucket paused — no new entries until losses recover. Existing positions continue unaffected.,WEAK BULL 📈,
2026-06-17 09:20:59,ASIANPAINT,Intraday,NO-TRADE,56.0,BUY 🟢,2753.7,❌ **ASIANPAINT** REJECTED for Intraday | Score: 63/100 | Votes: 1/4 Reasons: Portfolio risk gate: 🛑 Blocked: Intraday bucket drawdown: -16.7% (limit: -10.0%). Bucket paused — no new entries until losses recover. Existing positions continue unaffected.,WEAK BULL 📈,
2026-06-17 09:21:01,EICHERMOT,Intraday,NO-TRADE,60.0,BUY 🟢,7528.0,❌ **EICHERMOT** REJECTED for Intraday | Score: 69/100 | Votes: 1/4 Reasons: Portfolio risk gate: 🛑 Blocked: Intraday bucket drawdown: -16.7% (limit: -10.0%). Bucket paused — no new entries until losses recover. Existing positions continue unaffected.,WEAK BULL 📈,
2026-06-17 09:21:01,TATACONSUM,—,NO-TRADE,48.0,NEUTRAL ⚪,1125.6,Score 48/100 below minimum 50/100. No bucket would accept this.,WEAK BULL 📈,
2026-06-17 09:21:02,BRITANNIA,—,NO-TRADE,52.0,SELL 🔴,5199.5,Signal is SELL 🔴 — not a BUY. No action taken.,WEAK BULL 📈,
2026-06-17 09:21:02,MARUTI,Intraday,NO-TRADE,59.0,BUY 🟢,13653.0,❌ **MARUTI** REJECTED for Intraday | Score: 69/100 | Votes: 1/4 Reasons: Portfolio risk gate: 🛑 Blocked: Intraday bucket drawdown: -16.7% (limit: -10.0%). Bucket paused — no new entries until losses recover. Existing positions continue unaffected.,WEAK BULL 📈,
2026-06-17 09:21:03,DRREDDY,—,NO-TRADE,49.0,NEUTRAL ⚪,1270.0,Score 49/100 below minimum 50/100. No bucket would accept this.,WEAK BULL 📈,
2026-06-17 09:21:03,TECHM,—,NO-TRADE,44.0,SELL 🔴,1465.3,Score 44/100 below minimum 50/100. No bucket would accept this.,WEAK BULL 📈,
2026-06-17 09:21:04,HDFCLIFE,—,NO-TRADE,52.0,NEUTRAL ⚪,575.8,Signal is NEUTRAL ⚪ — not a BUY. No action taken.,WEAK BULL 📈,
2026-06-17 09:21:06,TITAN,Intraday,NO-TRADE,57.0,BUY 🟢,4340.0,❌ **TITAN** REJECTED for Intraday | Score: 64/100 | Votes: 1/4 Reasons: Portfolio risk gate: 🛑 Blocked: Intraday bucket drawdown: -16.7% (limit: -10.0%). Bucket paused — no new entries until losses recover. Existing positions continue unaffected.,WEAK BULL 📈,
2026-06-17 09:21:06,SUNPHARMA,—,NO-TRADE,46.0,SELL 🔴,1810.4,Score 46/100 below minimum 50/100. No bucket would accept this.,WEAK BULL 📈,
2026-06-17 09:21:07,PFC,Intraday,NO-TRADE,56.0,BUY 🟢,428.4,❌ **PFC** REJECTED for Intraday | Score: 59/100 | Votes: 1/4 Reasons: Portfolio risk gate: 🛑 Blocked: Intraday bucket drawdown: -16.7% (limit: -10.0%). Bucket paused — no new entries until losses recover. Existing positions continue unaffected.,WEAK BULL 📈,
2026-06-17 09:21:10,RECLTD,Intraday,NO-TRADE,57.0,BUY 🟢,355.7,❌ **RECLTD** REJECTED for Intraday | Score: 64/100 | Votes: 1/4 Reasons: Portfolio risk gate: 🛑 Blocked: Intraday bucket drawdown: -16.7% (limit: -10.0%). Bucket paused — no new entries until losses recover. Existing positions continue unaffected.,WEAK BULL 📈,
2026-06-17 09:21:10,ULTRACEMCO,Intraday,NO-TRADE,56.0,BUY 🟢,11371.0,❌ **ULTRACEMCO** REJECTED for Intraday | Score: 59/100 | Votes: 1/4 Reasons: Portfolio risk gate: 🛑 Blocked: Intraday bucket drawdown: -16.7% (limit: -10.0%). Bucket paused — no new entries until losses recover. Existing positions continue unaffected.,WEAK BULL 📈,
2026-06-17 09:21:11,NESTLEIND,—,NO-TRADE,45.0,SELL 🔴,1390.7,Score 45/100 below minimum 50/100. No bucket would accept this.,WEAK BULL 📈,
2026-06-17 09:21:12,ADANIENT,—,NO-TRADE,54.0,BUY 🟢,2944.6,"No suitable bucket for ADANIENT. Score 54/100, 1/4 strategies agree — signal is too weak for any bucket. Wait for a stronger setup.",WEAK BULL 📈,
2026-06-17 09:21:13,ADANIPORTS,—,NO-TRADE,53.0,BUY 🟢,1811.1,"No suitable bucket for ADANIPORTS. Score 53/100, 1/4 strategies agree — signal is too weak for any bucket. Wait for a stronger setup.",WEAK BULL 📈,
2026-06-17 09:21:14,POWERGRID,—,NO-TRADE,53.0,NEUTRAL ⚪,284.75,Signal is NEUTRAL ⚪ — not a BUY. No action taken.,WEAK BULL 📈,
2026-06-17 09:21:15,NTPC,—,NO-TRADE,46.0,NEUTRAL ⚪,354.85,Score 46/100 below minimum 50/100. No bucket would accept this.,WEAK BULL 📈,
2026-06-17 09:21:15,ONGC,—,NO-TRADE,47.0,NEUTRAL ⚪,247.2,Score 47/100 below minimum 50/100. No bucket would accept this.,WEAK BULL 📈,
2026-06-17 09:21:16,COALINDIA,—,NO-TRADE,44.0,SELL 🔴,449.9,Score 44/100 below minimum 50/100. No bucket would accept this.,WEAK BULL 📈,
2026-06-17 09:21:19,RELIANCE,Intraday,NO-TRADE,56.0,BUY 🟢,1322.0,❌ **RELIANCE** REJECTED for Intraday | Score: 59/100 | Votes: 1/4 Reasons: Portfolio risk gate: 🛑 Blocked: Intraday bucket drawdown: -16.7% (limit: -10.0%). Bucket paused — no new entries until losses recover. Existing positions continue unaffected.,WEAK BULL 📈,
2026-06-17 09:21:19,TMCV,Intraday,NO-TRADE,58.0,BUY 🟢,400.0,❌ **TMCV** REJECTED for Intraday | Score: 64/100 | Votes: 1/4 Reasons: Portfolio risk gate: 🛑 Blocked: Intraday bucket drawdown: -16.7% (limit: -10.0%). Bucket paused — no new entries until losses recover. Existing positions continue unaffected.,WEAK BULL 📈,
2026-06-17 09:21:19,TCS,—,NO-TRADE,50.0,NEUTRAL ⚪,2221.2,Signal is NEUTRAL ⚪ — not a BUY. No action taken.,WEAK BULL 📈,
2026-06-17 09:21:19,SHRIRAMFIN,Intraday,NO-TRADE,59.0,BUY 🟢,1009.2,❌ **SHRIRAMFIN** REJECTED for Intraday | Score: 69/100 | Votes: 1/4 Reasons: Portfolio risk gate: 🛑 Blocked: Intraday bucket drawdown: -16.7% (limit: -10.0%). Bucket paused — no new entries until losses recover. Existing positions continue unaffected.,WEAK BULL 📈,
2026-06-17 09:21:20,TATASTEEL,—,NO-TRADE,47.0,NEUTRAL ⚪,196.13,Score 47/100 below minimum 50/100. No bucket would accept this.,WEAK BULL 📈,
2026-06-17 09:21:23,HDFCBANK,Intraday,NO-TRADE,58.0,BUY 🟢,785.4,❌ **HDFCBANK** REJECTED for Intraday | Score: 64/100 | Votes: 1/4 Reasons: Portfolio risk gate: 🛑 Blocked: Intraday bucket drawdown: -16.7% (limit: -10.0%). Bucket paused — no new entries until losses recover. Existing positions continue unaffected.,WEAK BULL 📈,
2026-06-17 09:21:23,HCLTECH,Intraday,NO-TRADE,55.0,BUY 🟢,1166.6,❌ **HCLTECH** REJECTED for Intraday | Score: 57/100 | Votes: 1/4 Reasons: Portfolio risk gate: 🛑 Blocked: Intraday bucket drawdown: -16.7% (limit: -10.0%). Bucket paused — no new entries until losses recover. Existing positions continue unaffected.,WEAK BULL 📈,
2026-06-17 09:21:24,JSWSTEEL,—,NO-TRADE,45.0,STRONG SELL 🔴🔴,1270.9,Score 45/100 below minimum 50/100. No bucket would accept this.,WEAK BULL 📈,
2026-06-17 09:21:24,INFY,—,NO-TRADE,51.0,BUY 🟢,1156.0,"No suitable bucket for INFY. Score 51/100, 1/4 strategies agree — signal is too weak for any bucket. Wait for a stronger setup.",WEAK BULL 📈,
2026-06-17 09:21:26,CHOLAFIN,Intraday,NO-TRADE,58.0,BUY 🟢,1686.8,❌ **CHOLAFIN** REJECTED for Intraday | Score: 66/100 | Votes: 1/4 Reasons: Portfolio risk gate: 🛑 Blocked: Intraday bucket drawdown: -16.7% (limit: -10.0%). Bucket paused — no new entries until losses recover. Existing positions continue unaffected.,WEAK BULL 📈,
2026-06-17 09:21:27,MUTHOOTFIN,—,NO-TRADE,49.0,SELL 🔴,3153.2,Score 49/100 below minimum 50/100. No bucket would accept this.,WEAK BULL 📈,
2026-06-17 09:21:27,BAJAJFINSV,Intraday,NO-TRADE,55.0,BUY 🟢,1785.0,❌ **BAJAJFINSV** REJECTED for Intraday | Score: 59/100 | Votes: 1/4 Reasons: Portfolio risk gate: 🛑 Blocked: Intraday bucket drawdown: -16.7% (limit: -10.0%). Bucket paused — no new entries until losses recover. Existing positions continue unaffected.,WEAK BULL 📈,
2026-06-17 09:21:27,ICICIBANK,Intraday,NO-TRADE,58.0,BUY 🟢,1339.6,❌ **ICICIBANK** REJECTED for Intraday | Score: 66/100 | Votes: 1/4 Reasons: Portfolio risk gate: 🛑 Blocked: Intraday bucket drawdown: -16.7% (limit: -10.0%). Bucket paused — no new entries until losses recover. Existing positions continue unaffected.,WEAK BULL 📈,
2026-06-17 09:21:30,CANBK,Intraday,NO-TRADE,60.0,BUY 🟢,132.84,❌ **CANBK** REJECTED for Intraday | Score: 69/100 | Votes: 1/4 Reasons: Portfolio risk gate: 🛑 Blocked: Intraday bucket drawdown: -16.7% (limit: -10.0%). Bucket paused — no new entries until losses recover. Existing positions continue unaffected.,WEAK BULL 📈,
2026-06-17 09:21:30,LT,Intraday,NO-TRADE,59.0,BUY 🟢,4180.0,❌ **LT** REJECTED for Intraday | Score: 69/100 | Votes: 1/4 Reasons: Portfolio risk gate: 🛑 Blocked: Intraday bucket drawdown: -16.7% (limit: -10.0%). Bucket paused — no new entries until losses recover. Existing positions continue unaffected.,WEAK BULL 📈,
2026-06-17 09:21:31,HINDUNILVR,Intraday,NO-TRADE,55.0,BUY 🟢,2202.6,❌ **HINDUNILVR** REJECTED for Intraday | Score: 59/100 | Votes: 1/4 Reasons: Portfolio risk gate: 🛑 Blocked: Intraday bucket drawdown: -16.7% (limit: -10.0%). Bucket paused — no new entries until losses recover. Existing positions continue unaffected.,WEAK BULL 📈,
2026-06-17 09:21:31,SBIN,—,NO-TRADE,56.0,NEUTRAL ⚪,1016.8,Signal is NEUTRAL ⚪ — not a BUY. No action taken.,WEAK BULL 📈,
2026-06-17 09:21:33,BANKBARODA,Intraday,NO-TRADE,59.0,BUY 🟢,275.25,❌ **BANKBARODA** REJECTED for Intraday | Score: 66/100 | Votes: 1/4 Reasons: Portfolio risk gate: 🛑 Blocked: Intraday bucket drawdown: -16.7% (limit: -10.0%). Bucket paused — no new entries until losses recover. Existing positions continue unaffected.,WEAK BULL 📈,
2026-06-17 09:21:33,M&M,Intraday,NO-TRADE,59.0,STRONG BUY 🟢🟢,3133.0,❌ **M&M** REJECTED for Intraday | Score: 64/100 | Votes: 2/4 Reasons: Portfolio risk gate: 🛑 Blocked: Intraday bucket drawdown: -16.7% (limit: -10.0%). Bucket paused — no new entries until losses recover. Existing positions continue unaffected.,WEAK BULL 📈,
2026-06-17 09:21:34,BHARTIARTL,Intraday,NO-TRADE,55.0,BUY 🟢,1844.9,❌ **BHARTIARTL** REJECTED for Intraday | Score: 59/100 | Votes: 1/4 Reasons: Portfolio risk gate: 🛑 Blocked: Intraday bucket drawdown: -16.7% (limit: -10.0%). Bucket paused — no new entries until losses recover. Existing positions continue unaffected.,WEAK BULL 📈,
2026-06-17 09:21:35,Jindal Stainless,—,NO-TRADE,54.0,BUY 🟢,711.45,"No suitable bucket for Jindal Stainless. Score 54/100, 1/4 strategies agree — signal is too weak for any bucket. Wait for a stronger setup.",WEAK BULL 📈,
2026-06-17 09:21:36,PNB,Intraday,NO-TRADE,59.0,BUY 🟢,107.63,❌ **PNB** REJECTED for Intraday | Score: 66/100 | Votes: 1/4 Reasons: Portfolio risk gate: 🛑 Blocked: Intraday bucket drawdown: -16.7% (limit: -10.0%). Bucket paused — no new entries until losses recover. Existing positions continue unaffected.,WEAK BULL 📈,
2026-06-17 09:21:37,IDFCFIRSTB,—,NO-TRADE,55.0,NEUTRAL ⚪,77.36,Signal is NEUTRAL ⚪ — not a BUY. No action taken.,WEAK BULL 📈,
2026-06-17 09:21:38,FEDERALBNK,—,NO-TRADE,56.0,NEUTRAL ⚪,320.6,Signal is NEUTRAL ⚪ — not a BUY. No action taken.,WEAK BULL 📈,
2026-06-17 09:21:37,Mazagon Dock,Intraday,NO-TRADE,55.0,BUY 🟢,2487.0,❌ **Mazagon Dock** REJECTED for Intraday | Score: 59/100 | Votes: 1/4 Reasons: Portfolio risk gate: 🛑 Blocked: Intraday bucket drawdown: -16.7% (limit: -10.0%). Bucket paused — no new entries until losses recover. Existing positions continue unaffected.,WEAK BULL 📈,
2026-06-17 09:21:38,ITC,Intraday,NO-TRADE,55.0,BUY 🟢,290.6,❌ **ITC** REJECTED for Intraday | Score: 59/100 | Votes: 1/4 Reasons: Portfolio risk gate: 🛑 Blocked: Intraday bucket drawdown: -16.7% (limit: -10.0%). Bucket paused — no new entries until losses recover. Existing positions continue unaffected.,WEAK BULL 📈,
2026-06-17 09:21:39,TMPV,—,NO-TRADE,54.0,BUY 🟢,391.55,"No suitable bucket for TMPV. Score 54/100, 1/4 strategies agree — signal is too weak for any bucket. Wait for a stronger setup.",WEAK BULL 📈,
2026-06-17 09:21:40,JINDAL STEEL,—,NO-TRADE,47.0,NEUTRAL ⚪,1127.4,Score 47/100 below minimum 50/100. No bucket would accept this.,WEAK BULL 📈,
2026-06-17 09:21:40,Rail Vikas Nigam,—,NO-TRADE,49.0,SELL 🔴,240.27,Score 49/100 below minimum 50/100. No bucket would accept this.,WEAK BULL 📈,
2026-06-17 09:21:41,Cochin Shipyard,—,NO-TRADE,53.0,NEUTRAL ⚪,1439.7,Signal is NEUTRAL ⚪ — not a BUY. No action taken.,WEAK BULL 📈,
2026-06-17 09:21:41,KOTAKBANK,Intraday,NO-TRADE,58.0,BUY 🟢,408.0,❌ **KOTAKBANK** REJECTED for Intraday | Score: 66/100 | Votes: 1/4 Reasons: Portfolio risk gate: 🛑 Blocked: Intraday bucket drawdown: -16.7% (limit: -10.0%). Bucket paused — no new entries until losses recover. Existing positions continue unaffected.,WEAK BULL 📈,
2026-06-17 09:21:41,BANDHANBNK,Intraday,NO-TRADE,60.0,BUY 🟢,214.33,❌ **BANDHANBNK** REJECTED for Intraday | Score: 69/100 | Votes: 1/4 Reasons: Portfolio risk gate: 🛑 Blocked: Intraday bucket drawdown: -16.7% (limit: -10.0%). Bucket paused — no new entries until losses recover. Existing positions continue unaffected.,WEAK BULL 📈,
2026-06-17 09:21:44,Bharat Dynamics,Intraday,NO-TRADE,55.0,BUY 🟢,1239.0,❌ **Bharat Dynamics** REJECTED for Intraday | Score: 57/100 | Votes: 1/4 Reasons: Portfolio risk gate: 🛑 Blocked: Intraday bucket drawdown: -16.7% (limit: -10.0%). Bucket paused — no new entries until losses recover. Existing positions continue unaffected.,WEAK BULL 📈,
2026-06-17 09:21:45,BAJFINANCE,Intraday,NO-TRADE,59.0,BUY 🟢,953.0,❌ **BAJFINANCE** REJECTED for Intraday | Score: 67/100 | Votes: 1/4 Reasons: Portfolio risk gate: 🛑 Blocked: Intraday bucket drawdown: -16.7% (limit: -10.0%). Bucket paused — no new entries until losses recover. Existing positions continue unaffected.,WEAK BULL 📈,
2026-06-17 09:21:45,INDUSINDBK,Intraday,NO-TRADE,58.0,BUY 🟢,926.6,❌ **INDUSINDBK** REJECTED for Intraday | Score: 64/100 | Votes: 1/4 Reasons: Portfolio risk gate: 🛑 Blocked: Intraday bucket drawdown: -16.7% (limit: -10.0%). Bucket paused — no new entries until losses recover. Existing positions continue unaffected.,WEAK BULL 📈,
2026-06-17 09:21:46,WIPRO,—,NO-TRADE,44.0,SELL 🔴,184.75,Score 44/100 below minimum 50/100. No bucket would accept this.,WEAK BULL 📈,
2026-06-17 09:21:46,GRASIM,—,NO-TRADE,53.0,BUY 🟢,3146.0,"No suitable bucket for GRASIM. Score 53/100, 1/4 strategies agree — signal is too weak for any bucket. Wait for a stronger setup.",WEAK BULL 📈,
2026-06-17 09:21:47,BERGEPAINT,—,NO-TRADE,52.0,BUY 🟢,518.2,"No suitable bucket for BERGEPAINT. Score 52/100, 1/4 strategies agree — signal is too weak for any bucket. Wait for a stronger setup.",WEAK BULL 📈,
2026-06-17 09:21:47,TVS Motors,Intraday,NO-TRADE,55.0,BUY 🟢,3446.3,❌ **TVS Motors** REJECTED for Intraday | Score: 59/100 | Votes: 1/4 Reasons: Portfolio risk gate: 🛑 Blocked: Intraday bucket drawdown: -16.7% (limit: -10.0%). Bucket paused — no new entries until losses recover. Existing positions continue unaffected.,WEAK BULL 📈,
2026-06-17 09:21:48,BHEL,—,NO-TRADE,45.0,SELL 🔴,383.65,Score 45/100 below minimum 50/100. No bucket would accept this.,WEAK BULL 📈,
2026-06-17 09:21:48,IRCTC,—,NO-TRADE,50.0,SELL 🔴,520.55,Signal is SELL 🔴 — not a BUY. No action taken.,WEAK BULL 📈,
2026-06-17 09:21:48,AXISBANK,Intraday,NO-TRADE,59.0,BUY 🟢,1358.2,❌ **AXISBANK** REJECTED for Intraday | Score: 66/100 | Votes: 1/4 Reasons: Portfolio risk gate: 🛑 Blocked: Intraday bucket drawdown: -16.7% (limit: -10.0%). Bucket paused — no new entries until losses recover. Existing positions continue unaffected.,WEAK BULL 📈,
2026-06-17 09:21:49,ABB,—,NO-TRADE,53.0,BUY 🟢,7043.0,"No suitable bucket for ABB. Score 53/100, 1/4 strategies agree — signal is too weak for any bucket. Wait for a stronger setup.",WEAK BULL 📈,
2026-06-17 09:21:50,TORNTPOWER,—,NO-TRADE,51.0,NEUTRAL ⚪,1406.0,Signal is NEUTRAL ⚪ — not a BUY. No action taken.,WEAK BULL 📈,
2026-06-17 09:21:51,TATAPOWER,—,NO-TRADE,48.0,NEUTRAL ⚪,400.8,Score 48/100 below minimum 50/100. No bucket would accept this.,WEAK BULL 📈,
2026-06-17 09:21:51,DMART,Intraday,NO-TRADE,55.0,BUY 🟢,4233.6,❌ **DMART** REJECTED for Intraday | Score: 62/100 | Votes: 1/4 Reasons: Portfolio risk gate: 🛑 Blocked: Intraday bucket drawdown: -16.7% (limit: -10.0%). Bucket paused — no new entries until losses recover. Existing positions continue unaffected.,WEAK BULL 📈,
2026-06-17 09:21:52,ASIANPAINT,Intraday,NO-TRADE,56.0,BUY 🟢,2752.0,❌ **ASIANPAINT** REJECTED for Intraday | Score: 63/100 | Votes: 1/4 Reasons: Portfolio risk gate: 🛑 Blocked: Intraday bucket drawdown: -16.7% (limit: -10.0%). Bucket paused — no new entries until losses recover. Existing positions continue unaffected.,WEAK BULL 📈,
2026-06-17 09:21:52,IDEA,—,NO-TRADE,53.0,BUY 🟢,14.58,"No suitable bucket for IDEA. Score 53/100, 1/4 strategies agree — signal is too weak for any bucket. Wait for a stronger setup.",WEAK BULL 📈,
2026-06-17 09:21:54,MPHASIS,Intraday,NO-TRADE,57.0,BUY 🟢,2327.5,❌ **MPHASIS** REJECTED for Intraday | Score: 61/100 | Votes: 1/4 Reasons: Portfolio risk gate: 🛑 Blocked: Intraday bucket drawdown: -16.7% (limit: -10.0%). Bucket paused — no new entries until losses recover. Existing positions continue unaffected.,WEAK BULL 📈,
2026-06-17 09:21:55,MARUTI,Intraday,NO-TRADE,59.0,BUY 🟢,13661.0,❌ **MARUTI** REJECTED for Intraday | Score: 69/100 | Votes: 1/4 Reasons: Portfolio risk gate: 🛑 Blocked: Intraday bucket drawdown: -16.7% (limit: -10.0%). Bucket paused — no new entries until losses recover. Existing positions continue unaffected.,WEAK BULL 📈,
2026-06-17 09:21:55,VBL,—,NO-TRADE,52.0,BUY 🟢,543.8,"No suitable bucket for VBL. Score 52/100, 1/4 strategies agree — signal is too weak for any bucket. Wait for a stronger setup.",WEAK BULL 📈,
2026-06-17 09:21:56,Garden Reach Shipbuilders,Intraday,NO-TRADE,55.0,BUY 🟢,2701.2,❌ **Garden Reach Shipbuilders** REJECTED for Intraday | Score: 59/100 | Votes: 1/4 Reasons: Portfolio risk gate: 🛑 Blocked: Intraday bucket drawdown: -16.7% (limit: -10.0%). Bucket paused — no new entries until losses recover. Existing positions continue unaffected.,WEAK BULL 📈,
2026-06-17 09:21:57,HAL,—,NO-TRADE,46.0,SELL 🔴,4275.0,Score 46/100 below minimum 50/100. No bucket would accept this.,WEAK BULL 📈,
2026-06-17 09:21:57,BEL,—,NO-TRADE,51.0,SELL 🔴,406.4,Signal is SELL 🔴 — not a BUY. No action taken.,WEAK BULL 📈,
2026-06-17 09:21:58,TITAN,Intraday,NO-TRADE,57.0,BUY 🟢,4331.8,❌ **TITAN** REJECTED for Intraday | Score: 64/100 | Votes: 1/4 Reasons: Portfolio risk gate: 🛑 Blocked: Intraday bucket drawdown: -16.7% (limit: -10.0%). Bucket paused — no new entries until losses recover. Existing positions continue unaffected.,WEAK BULL 📈,
2026-06-17 09:21:58,INDIGO,Intraday,NO-TRADE,58.0,BUY 🟢,4876.2,❌ **INDIGO** REJECTED for Intraday | Score: 66/100 | Votes: 1/4 Reasons: Portfolio risk gate: 🛑 Blocked: Intraday bucket drawdown: -16.7% (limit: -10.0%). Bucket paused — no new entries until losses recover. Existing positions continue unaffected.,WEAK BULL 📈,
2026-06-17 09:21:59,SUNPHARMA,—,NO-TRADE,52.0,BUY 🟢,1811.1,"No suitable bucket for SUNPHARMA. Score 52/100, 1/4 strategies agree — signal is too weak for any bucket. Wait for a stronger setup.",WEAK BULL 📈,
2026-06-17 09:21:59,ADANIGREEN,—,NO-TRADE,54.0,BUY 🟢,1471.1,"No suitable bucket for ADANIGREEN. Score 54/100, 1/4 strategies agree — signal is too weak for any bucket. Wait for a stronger setup.",WEAK BULL 📈,
2026-06-17 09:22:00,IREDA,Intraday,NO-TRADE,58.0,STRONG BUY 🟢🟢,125.74,❌ **IREDA** REJECTED for Intraday | Score: 59/100 | Votes: 2/4 Reasons: Portfolio risk gate: 🛑 Blocked: Intraday bucket drawdown: -16.7% (limit: -10.0%). Bucket paused — no new entries until losses recover. Existing positions continue unaffected.,WEAK BULL 📈,
2026-06-17 09:22:01,Oil India,—,NO-TRADE,48.0,NEUTRAL ⚪,416.6,Score 48/100 below minimum 50/100. No bucket would accept this.,WEAK BULL 📈,
2026-06-17 09:22:03,ULTRACEMCO,Intraday,NO-TRADE,56.0,BUY 🟢,11375.0,❌ **ULTRACEMCO** REJECTED for Intraday | Score: 59/100 | Votes: 1/4 Reasons: Portfolio risk gate: 🛑 Blocked: Intraday bucket drawdown: -16.7% (limit: -10.0%). Bucket paused — no new entries until losses recover. Existing positions continue unaffected.,WEAK BULL 📈,
2026-06-17 09:22:03,NYKAA,Intraday,NO-TRADE,57.0,BUY 🟢,278.2,❌ **NYKAA** REJECTED for Intraday | Score: 64/100 | Votes: 1/4 Reasons: Portfolio risk gate: 🛑 Blocked: Intraday bucket drawdown: -16.7% (limit: -10.0%). Bucket paused — no new entries until losses recover. Existing positions continue unaffected.,WEAK BULL 📈,
2026-06-17 09:22:04,NESTLEIND,—,NO-TRADE,45.0,SELL 🔴,1390.9,Score 45/100 below minimum 50/100. No bucket would accept this.,WEAK BULL 📈,
2026-06-17 09:22:04,Eternal (formerly Zomato),Intraday,NO-TRADE,59.0,STRONG BUY 🟢🟢,253.75,❌ **Eternal (formerly Zomato)** REJECTED for Intraday | Score: 64/100 | Votes: 2/4 Reasons: Portfolio risk gate: 🛑 Blocked: Intraday bucket drawdown: -16.7% (limit: -10.0%). Bucket paused — no new entries until losses recover. Existing positions continue unaffected.,WEAK BULL 📈,
2026-06-17 09:22:05,ADANIENT,—,NO-TRADE,54.0,BUY 🟢,2941.9,"No suitable bucket for ADANIENT. Score 54/100, 1/4 strategies agree — signal is too weak for any bucket. Wait for a stronger setup.",WEAK BULL 📈,
2026-06-17 09:22:06,ADANIPORTS,—,NO-TRADE,53.0,BUY 🟢,1813.4,"No suitable bucket for ADANIPORTS. Score 53/100, 1/4 strategies agree — signal is too weak for any bucket. Wait for a stronger setup.",WEAK BULL 📈,
2026-06-17 09:22:07,POWERGRID,—,NO-TRADE,53.0,NEUTRAL ⚪,284.6,Signal is NEUTRAL ⚪ — not a BUY. No action taken.,WEAK BULL 📈,
2026-06-17 09:22:07,NTPC,—,NO-TRADE,46.0,NEUTRAL ⚪,354.1,Score 46/100 below minimum 50/100. No bucket would accept this.,WEAK BULL 📈,
2026-06-17 09:22:08,COLPAL,Intraday,NO-TRADE,59.0,STRONG BUY 🟢🟢,2075.0,❌ **COLPAL** REJECTED for Intraday | Score: 64/100 | Votes: 2/4 Reasons: Portfolio risk gate: 🛑 Blocked: Intraday bucket drawdown: -16.7% (limit: -10.0%). Bucket paused — no new entries until losses recover. Existing positions continue unaffected.,WEAK BULL 📈,
2026-06-17 09:22:08,ONGC,—,NO-TRADE,47.0,NEUTRAL ⚪,247.15,Score 47/100 below minimum 50/100. No bucket would accept this.,WEAK BULL 📈,
2026-06-17 09:22:08,IRFC,Intraday,NO-TRADE,55.0,BUY 🟢,97.86,❌ **IRFC** REJECTED for Intraday | Score: 59/100 | Votes: 1/4 Reasons: Portfolio risk gate: 🛑 Blocked: Intraday bucket drawdown: -16.7% (limit: -10.0%). Bucket paused — no new entries until losses recover. Existing positions continue unaffected.,WEAK BULL 📈,
2026-06-17 09:22:09,SBILIFE,—,NO-TRADE,46.0,SELL 🔴,1766.9,Score 46/100 below minimum 50/100. No bucket would accept this.,WEAK BULL 📈,
2026-06-17 09:22:09,COALINDIA,—,NO-TRADE,44.0,SELL 🔴,449.6,Score 44/100 below minimum 50/100. No bucket would accept this.,WEAK BULL 📈,
2026-06-17 09:22:10,ICICIPRULI,—,NO-TRADE,51.0,SELL 🔴,491.35,Signal is SELL 🔴 — not a BUY. No action taken.,WEAK BULL 📈,
2026-06-17 09:22:11,DIVISLAB,—,NO-TRADE,54.0,STRONG BUY 🟢🟢,6732.0,"No suitable bucket for DIVISLAB. Score 54/100, 2/4 strategies agree — signal is too weak for any bucket. Wait for a stronger setup.",WEAK BULL 📈,
2026-06-17 09:22:12,PIDILITIND,—,NO-TRADE,53.0,SELL 🔴,1571.1,Signal is SELL 🔴 — not a BUY. No action taken.,WEAK BULL 📈,
2026-06-17 09:22:12,HAVELLS,Intraday,NO-TRADE,55.0,BUY 🟢,1189.3,❌ **HAVELLS** REJECTED for Intraday | Score: 59/100 | Votes: 1/4 Reasons: Portfolio risk gate: 🛑 Blocked: Intraday bucket drawdown: -16.7% (limit: -10.0%). Bucket paused — no new entries until losses recover. Existing positions continue unaffected.,WEAK BULL 📈,
2026-06-17 09:22:13,TMCV,Intraday,NO-TRADE,58.0,BUY 🟢,402.25,❌ **TMCV** REJECTED for Intraday | Score: 66/100 | Votes: 1/4 Reasons: Portfolio risk gate: 🛑 Blocked: Intraday bucket drawdown: -16.7% (limit: -10.0%). Bucket paused — no new entries until losses recover. Existing positions continue unaffected.,WEAK BULL 📈,
2026-06-17 09:22:13,CIPLA,—,NO-TRADE,50.0,SELL 🔴,1366.3,Signal is SELL 🔴 — not a BUY. No action taken.,WEAK BULL 📈,
2026-06-17 09:22:14,TATASTEEL,—,NO-TRADE,47.0,NEUTRAL ⚪,195.97,Score 47/100 below minimum 50/100. No bucket would accept this.,WEAK BULL 📈,
2026-06-17 09:22:15,APOLLOHOSP,—,NO-TRADE,53.0,BUY 🟢,8426.0,"No suitable bucket for APOLLOHOSP. Score 53/100, 1/4 strategies agree — signal is too weak for any bucket. Wait for a stronger setup.",WEAK BULL 📈,
2026-06-17 09:22:16,BAJAJ-AUTO,—,NO-TRADE,48.0,NEUTRAL ⚪,9970.0,Score 48/100 below minimum 50/100. No bucket would accept this.,WEAK BULL 📈,
2026-06-17 09:22:16,TRENT,Intraday,NO-TRADE,59.0,BUY 🟢,2933.1,❌ **TRENT** REJECTED for Intraday | Score: 69/100 | Votes: 1/4 Reasons: Portfolio risk gate: 🛑 Blocked: Intraday bucket drawdown: -16.7% (limit: -10.0%). Bucket paused — no new entries until losses recover. Existing positions continue unaffected.,WEAK BULL 📈,
2026-06-17 09:22:18,HCLTECH,Intraday,NO-TRADE,55.0,BUY 🟢,1165.6,❌ **HCLTECH** REJECTED for Intraday | Score: 57/100 | Votes: 1/4 Reasons: Portfolio risk gate: 🛑 Blocked: Intraday bucket drawdown: -16.7% (limit: -10.0%). Bucket paused — no new entries until losses recover. Existing positions continue unaffected.,WEAK BULL 📈,
2026-06-17 09:22:18,JSWSTEEL,—,NO-TRADE,44.0,STRONG SELL 🔴🔴,1273.9,Score 44/100 below minimum 50/100. No bucket would accept this.,WEAK BULL 📈,
2026-06-17 09:22:19,PAGEIND,Intraday,NO-TRADE,58.0,BUY 🟢,39135.0,❌ **PAGEIND** REJECTED for Intraday | Score: 66/100 | Votes: 1/4 Reasons: Portfolio risk gate: 🛑 Blocked: Intraday bucket drawdown: -16.7% (limit: -10.0%). Bucket paused — no new entries until losses recover. Existing positions continue unaffected.,WEAK BULL 📈,
2026-06-17 09:22:19,HEROMOTOCO,Intraday,NO-TRADE,55.0,BUY 🟢,5001.2,❌ **HEROMOTOCO** REJECTED for Intraday | Score: 59/100 | Votes: 1/4 Reasons: Portfolio risk gate: 🛑 Blocked: Intraday bucket drawdown: -16.7% (limit: -10.0%). Bucket paused — no new entries until losses recover. Existing positions continue unaffected.,WEAK BULL 📈,
2026-06-17 09:22:20,POLYCAB,—,NO-TRADE,53.0,BUY 🟢,9666.5,"No suitable bucket for POLYCAB. Score 53/100, 1/4 strategies agree — signal is too weak for any bucket. Wait for a stronger setup.",WEAK BULL 📈,
2026-06-17 09:22:21,RELIANCE,Intraday,NO-TRADE,56.0,BUY 🟢,1321.7,❌ **RELIANCE** REJECTED for Intraday | Score: 59/100 | Votes: 1/4 Reasons: Portfolio risk gate: 🛑 Blocked: Intraday bucket drawdown: -16.7% (limit: -10.0%). Bucket paused — no new entries until losses recover. Existing positions continue unaffected.,WEAK BULL 📈,
2026-06-17 09:22:21,VOLTAS,—,NO-TRADE,54.0,NEUTRAL ⚪,1357.0,Signal is NEUTRAL ⚪ — not a BUY. No action taken.,WEAK BULL 📈,
2026-06-17 09:22:22,TCS,—,NO-TRADE,50.0,NEUTRAL ⚪,2222.2,Signal is NEUTRAL ⚪ — not a BUY. No action taken.,WEAK BULL 📈,
2026-06-17 09:22:22,BAJAJFINSV,Intraday,NO-TRADE,55.0,BUY 🟢,1784.0,❌ **BAJAJFINSV** REJECTED for Intraday | Score: 59/100 | Votes: 1/4 Reasons: Portfolio risk gate: 🛑 Blocked: Intraday bucket drawdown: -16.7% (limit: -10.0%). Bucket paused — no new entries until losses recover. Existing positions continue unaffected.,WEAK BULL 📈,
2026-06-17 09:22:23,EICHERMOT,Intraday,NO-TRADE,60.0,BUY 🟢,7522.5,❌ **EICHERMOT** REJECTED for Intraday | Score: 69/100 | Votes: 1/4 Reasons: Portfolio risk gate: 🛑 Blocked: Intraday bucket drawdown: -16.7% (limit: -10.0%). Bucket paused — no new entries until losses recover. Existing positions continue unaffected.,WEAK BULL 📈,
2026-06-17 09:22:23,TATACONSUM,—,NO-TRADE,48.0,NEUTRAL ⚪,1124.7,Score 48/100 below minimum 50/100. No bucket would accept this.,WEAK BULL 📈,
2026-06-17 09:22:24,UBL,Intraday,NO-TRADE,56.0,BUY 🟢,1332.5,❌ **UBL** REJECTED for Intraday | Score: 59/100 | Votes: 1/4 Reasons: Portfolio risk gate: 🛑 Blocked: Intraday bucket drawdown: -16.7% (limit: -10.0%). Bucket paused — no new entries until losses recover. Existing positions continue unaffected.,WEAK BULL 📈,
2026-06-17 09:22:25,LT,Intraday,NO-TRADE,59.0,BUY 🟢,4181.9,❌ **LT** REJECTED for Intraday | Score: 69/100 | Votes: 1/4 Reasons: Portfolio risk gate: 🛑 Blocked: Intraday bucket drawdown: -16.7% (limit: -10.0%). Bucket paused — no new entries until losses recover. Existing positions continue unaffected.,WEAK BULL 📈,
2026-06-17 09:22:26,HDFCBANK,Intraday,NO-TRADE,57.0,BUY 🟢,785.8,❌ **HDFCBANK** REJECTED for Intraday | Score: 64/100 | Votes: 1/4 Reasons: Portfolio risk gate: 🛑 Blocked: Intraday bucket drawdown: -16.7% (limit: -10.0%). Bucket paused — no new entries until losses recover. Existing positions continue unaffected.,WEAK BULL 📈,
2026-06-17 09:22:27,BRITANNIA,Intraday,NO-TRADE,58.0,BUY 🟢,5201.5,❌ **BRITANNIA** REJECTED for Intraday | Score: 65/100 | Votes: 1/4 Reasons: Portfolio risk gate: 🛑 Blocked: Intraday bucket drawdown: -16.7% (limit: -10.0%). Bucket paused — no new entries until losses recover. Existing positions continue unaffected.,WEAK BULL 📈,
2026-06-17 09:22:27,INFY,—,NO-TRADE,51.0,BUY 🟢,1156.8,"No suitable bucket for INFY. Score 51/100, 1/4 strategies agree — signal is too weak for any bucket. Wait for a stronger setup.",WEAK BULL 📈,
2026-06-17 09:22:27,DRREDDY,—,NO-TRADE,49.0,NEUTRAL ⚪,1271.3,Score 49/100 below minimum 50/100. No bucket would accept this.,WEAK BULL 📈,
2026-06-17 09:22:27,BATAINDIA,Intraday,NO-TRADE,56.0,BUY 🟢,677.55,❌ **BATAINDIA** REJECTED for Intraday | Score: 59/100 | Votes: 1/4 Reasons: Portfolio risk gate: 🛑 Blocked: Intraday bucket drawdown: -16.7% (limit: -10.0%). Bucket paused — no new entries until losses recover. Existing positions continue unaffected.,WEAK BULL 📈,
2026-06-17 09:22:28,SIEMENS,—,NO-TRADE,49.0,NEUTRAL ⚪,3643.0,Score 49/100 below minimum 50/100. No bucket would accept this.,WEAK BULL 📈,
2026-06-17 09:22:28,M&M,Intraday,NO-TRADE,59.0,STRONG BUY 🟢🟢,3129.0,❌ **M&M** REJECTED for Intraday | Score: 64/100 | Votes: 2/4 Reasons: Portfolio risk gate: 🛑 Blocked: Intraday bucket drawdown: -16.7% (limit: -10.0%). Bucket paused — no new entries until losses recover. Existing positions continue unaffected.,WEAK BULL 📈,
2026-06-17 09:22:28,TECHM,—,NO-TRADE,44.0,SELL 🔴,1464.7,Score 44/100 below minimum 50/100. No bucket would accept this.,WEAK BULL 📈,
2026-06-17 09:22:29,Jindal Stainless,—,NO-TRADE,54.0,BUY 🟢,711.7,"No suitable bucket for Jindal Stainless. Score 54/100, 1/4 strategies agree — signal is too weak for any bucket. Wait for a stronger setup.",WEAK BULL 📈,
2026-06-17 09:22:30,HDFCLIFE,—,NO-TRADE,52.0,NEUTRAL ⚪,575.4,Signal is NEUTRAL ⚪ — not a BUY. No action taken.,WEAK BULL 📈,
2026-06-17 09:22:31,ICICIBANK,Intraday,NO-TRADE,58.0,BUY 🟢,1339.6,❌ **ICICIBANK** REJECTED for Intraday | Score: 66/100 | Votes: 1/4 Reasons: Portfolio risk gate: 🛑 Blocked: Intraday bucket drawdown: -16.7% (limit: -10.0%). Bucket paused — no new entries until losses recover. Existing positions continue unaffected.,WEAK BULL 📈,
2026-06-17 09:22:31,RailTel,Intraday,NO-TRADE,57.0,BUY 🟢,325.8,❌ **RailTel** REJECTED for Intraday | Score: 62/100 | Votes: 1/4 Reasons: Portfolio risk gate: 🛑 Blocked: Intraday bucket drawdown: -16.7% (limit: -10.0%). Bucket paused — no new entries until losses recover. Existing positions continue unaffected.,WEAK BULL 📈,
2026-06-17 09:22:32,Mazagon Dock,Intraday,NO-TRADE,55.0,BUY 🟢,2487.6,❌ **Mazagon Dock** REJECTED for Intraday | Score: 59/100 | Votes: 1/4 Reasons: Portfolio risk gate: 🛑 Blocked: Intraday bucket drawdown: -16.7% (limit: -10.0%). Bucket paused — no new entries until losses recover. Existing positions continue unaffected.,WEAK BULL 📈,
2026-06-17 09:22:33,PFC,Intraday,NO-TRADE,56.0,BUY 🟢,427.8,❌ **PFC** REJECTED for Intraday | Score: 59/100 | Votes: 1/4 Reasons: Portfolio risk gate: 🛑 Blocked: Intraday bucket drawdown: -16.7% (limit: -10.0%). Bucket paused — no new entries until losses recover. Existing positions continue unaffected.,WEAK BULL 📈,
2026-06-17 09:22:33,TMPV,—,NO-TRADE,54.0,BUY 🟢,391.5,"No suitable bucket for TMPV. Score 54/100, 1/4 strategies agree — signal is too weak for any bucket. Wait for a stronger setup.",WEAK BULL 📈,
2026-06-17 09:22:34,HINDUNILVR,Intraday,NO-TRADE,55.0,BUY 🟢,2204.1,❌ **HINDUNILVR** REJECTED for Intraday | Score: 59/100 | Votes: 1/4 Reasons: Portfolio risk gate: 🛑 Blocked: Intraday bucket drawdown: -16.7% (limit: -10.0%). Bucket paused — no new entries until losses recover. Existing positions continue unaffected.,WEAK BULL 📈,
2026-06-17 09:22:34,JINDAL STEEL,—,NO-TRADE,47.0,NEUTRAL ⚪,1127.4,Score 47/100 below minimum 50/100. No bucket would accept this.,WEAK BULL 📈,
2026-06-17 09:22:35,Lupin,Intraday,NO-TRADE,55.0,BUY 🟢,2277.8,❌ **Lupin** REJECTED for Intraday | Score: 59/100 | Votes: 1/4 Reasons: Portfolio risk gate: 🛑 Blocked: Intraday bucket drawdown: -16.7% (limit: -10.0%). Bucket paused — no new entries until losses recover. Existing positions continue unaffected.,WEAK BULL 📈,
2026-06-17 09:22:35,SBIN,—,NO-TRADE,56.0,NEUTRAL ⚪,1015.75,Signal is NEUTRAL ⚪ — not a BUY. No action taken.,WEAK BULL 📈,
2026-06-17 09:22:35,Rail Vikas Nigam,—,NO-TRADE,49.0,SELL 🔴,240.37,Score 49/100 below minimum 50/100. No bucket would accept this.,WEAK BULL 📈,
2026-06-17 09:22:36,RECLTD,Intraday,NO-TRADE,59.0,BUY 🟢,355.2,❌ **RECLTD** REJECTED for Intraday | Score: 67/100 | Votes: 1/4 Reasons: Portfolio risk gate: 🛑 Blocked: Intraday bucket drawdown: -16.7% (limit: -10.0%). Bucket paused — no new entries until losses recover. Existing positions continue unaffected.,WEAK BULL 📈,
2026-06-17 09:22:36,Torrent Pharma,—,NO-TRADE,45.0,STRONG SELL 🔴🔴,4446.0,Score 45/100 below minimum 50/100. No bucket would accept this.,WEAK BULL 📈,
2026-06-17 09:22:37,Cochin Shipyard,—,NO-TRADE,53.0,NEUTRAL ⚪,1438.2,Signal is NEUTRAL ⚪ — not a BUY. No action taken.,WEAK BULL 📈,
2026-06-17 09:22:39,BHARTIARTL,Intraday,NO-TRADE,55.0,BUY 🟢,1845.4,❌ **BHARTIARTL** REJECTED for Intraday | Score: 59/100 | Votes: 1/4 Reasons: Portfolio risk gate: 🛑 Blocked: Intraday bucket drawdown: -16.7% (limit: -10.0%). Bucket paused — no new entries until losses recover. Existing positions continue unaffected.,WEAK BULL 📈,
2026-06-17 09:22:40,SHRIRAMFIN,Intraday,NO-TRADE,59.0,BUY 🟢,1009.0,❌ **SHRIRAMFIN** REJECTED for Intraday | Score: 69/100 | Votes: 1/4 Reasons: Portfolio risk gate: 🛑 Blocked: Intraday bucket drawdown: -16.7% (limit: -10.0%). Bucket paused — no new entries until losses recover. Existing positions continue unaffected.,WEAK BULL 📈,
2026-06-17 09:22:40,Gujarat Pipavav Port,Intraday,NO-TRADE,57.0,STRONG BUY 🟢🟢,156.48,❌ **Gujarat Pipavav Port** REJECTED for Intraday | Score: 59/100 | Votes: 2/4 Reasons: Portfolio risk gate: 🛑 Blocked: Intraday bucket drawdown: -16.7% (limit: -10.0%). Bucket paused — no new entries until losses recover. Existing positions continue unaffected.,WEAK BULL 📈,
2026-06-17 09:22:40,Bharat Dynamics,Intraday,NO-TRADE,55.0,BUY 🟢,1238.6,❌ **Bharat Dynamics** REJECTED for Intraday | Score: 57/100 | Votes: 1/4 Reasons: Portfolio risk gate: 🛑 Blocked: Intraday bucket drawdown: -16.7% (limit: -10.0%). Bucket paused — no new entries until losses recover. Existing positions continue unaffected.,WEAK BULL 📈,
2026-06-17 09:22:41,Amara Raja Energy,—,NO-TRADE,52.0,BUY 🟢,854.6,"No suitable bucket for Amara Raja Energy. Score 52/100, 1/4 strategies agree — signal is too weak for any bucket. Wait for a stronger setup.",WEAK BULL 📈,
2026-06-17 09:22:43,ITC,Intraday,NO-TRADE,55.0,BUY 🟢,290.5,❌ **ITC** REJECTED for Intraday | Score: 59/100 | Votes: 1/4 Reasons: Portfolio risk gate: 🛑 Blocked: Intraday bucket drawdown: -16.7% (limit: -10.0%). Bucket paused — no new entries until losses recover. Existing positions continue unaffected.,WEAK BULL 📈,
2026-06-17 09:22:43,CHOLAFIN,Intraday,NO-TRADE,58.0,BUY 🟢,1686.2,❌ **CHOLAFIN** REJECTED for Intraday | Score: 66/100 | Votes: 1/4 Reasons: Portfolio risk gate: 🛑 Blocked: Intraday bucket drawdown: -16.7% (limit: -10.0%). Bucket paused — no new entries until losses recover. Existing positions continue unaffected.,WEAK BULL 📈,
2026-06-17 09:22:44,MUTHOOTFIN,—,NO-TRADE,49.0,SELL 🔴,3152.0,Score 49/100 below minimum 50/100. No bucket would accept this.,WEAK BULL 📈,
2026-06-17 09:22:44,TVS Motors,Intraday,NO-TRADE,55.0,BUY 🟢,3444.1,❌ **TVS Motors** REJECTED for Intraday | Score: 59/100 | Votes: 1/4 Reasons: Portfolio risk gate: 🛑 Blocked: Intraday bucket drawdown: -16.7% (limit: -10.0%). Bucket paused — no new entries until losses recover. Existing positions continue unaffected.,WEAK BULL 📈,
2026-06-17 09:22:45,Bank of India,Intraday,NO-TRADE,59.0,BUY 🟢,145.46,❌ **Bank of India** REJECTED for Intraday | Score: 66/100 | Votes: 1/4 Reasons: Portfolio risk gate: 🛑 Blocked: Intraday bucket drawdown: -16.7% (limit: -10.0%). Bucket paused — no new entries until losses recover. Existing positions continue unaffected.,WEAK BULL 📈,
2026-06-17 09:22:45,IRCTC,—,NO-TRADE,50.0,SELL 🔴,520.35,Signal is SELL 🔴 — not a BUY. No action taken.,WEAK BULL 📈,
2026-06-17 09:22:46,KOTAKBANK,Intraday,NO-TRADE,58.0,BUY 🟢,407.9,❌ **KOTAKBANK** REJECTED for Intraday | Score: 66/100 | Votes: 1/4 Reasons: Portfolio risk gate: 🛑 Blocked: Intraday bucket drawdown: -16.7% (limit: -10.0%). Bucket paused — no new entries until losses recover. Existing positions continue unaffected.,WEAK BULL 📈,
2026-06-17 09:22:46,Credo Brands,—,NO-TRADE,54.0,BUY 🟢,88.04,"No suitable bucket for Credo Brands. Score 54/100, 1/4 strategies agree — signal is too weak for any bucket. Wait for a stronger setup.",WEAK BULL 📈,
2026-06-17 09:22:47,Tata Communications,—,NO-TRADE,49.0,SELL 🔴,1913.9,Score 49/100 below minimum 50/100. No bucket would accept this.,WEAK BULL 📈,
2026-06-17 09:22:47,CANBK,Intraday,NO-TRADE,60.0,BUY 🟢,132.73,❌ **CANBK** REJECTED for Intraday | Score: 69/100 | Votes: 1/4 Reasons: Portfolio risk gate: 🛑 Blocked: Intraday bucket drawdown: -16.7% (limit: -10.0%). Bucket paused — no new entries until losses recover. Existing positions continue unaffected.,WEAK BULL 📈,
2026-06-17 09:22:48,Container Corp,—,NO-TRADE,49.0,SELL 🔴,464.2,Score 49/100 below minimum 50/100. No bucket would accept this.,WEAK BULL 📈,
2026-06-17 09:22:49,PERSISTENT,—,NO-TRADE,44.0,SELL 🔴,5062.0,Score 44/100 below minimum 50/100. No bucket would accept this.,WEAK BULL 📈,
2026-06-17 09:22:49,BAJFINANCE,Intraday,NO-TRADE,59.0,BUY 🟢,953.2,❌ **BAJFINANCE** REJECTED for Intraday | Score: 67/100 | Votes: 1/4 Reasons: Portfolio risk gate: 🛑 Blocked: Intraday bucket drawdown: -16.7% (limit: -10.0%). Bucket paused — no new entries until losses recover. Existing positions continue unaffected.,WEAK BULL 📈,
2026-06-17 09:22:49,DMART,Intraday,NO-TRADE,55.0,BUY 🟢,4236.1,❌ **DMART** REJECTED for Intraday | Score: 62/100 | Votes: 1/4 Reasons: Portfolio risk gate: 🛑 Blocked: Intraday bucket drawdown: -16.7% (limit: -10.0%). Bucket paused — no new entries until losses recover. Existing positions continue unaffected.,WEAK BULL 📈,
2026-06-17 09:22:50,VEDL,—,NO-TRADE,53.0,NEUTRAL ⚪,297.95,Signal is NEUTRAL ⚪ — not a BUY. No action taken.,WEAK BULL 📈,
2026-06-17 09:22:50,WIPRO,—,NO-TRADE,44.0,SELL 🔴,184.7,Score 44/100 below minimum 50/100. No bucket would accept this.,WEAK BULL 📈,
2026-06-17 09:22:51,IDEA,—,NO-TRADE,53.0,BUY 🟢,14.55,"No suitable bucket for IDEA. Score 53/100, 1/4 strategies agree — signal is too weak for any bucket. Wait for a stronger setup.",WEAK BULL 📈,
2026-06-17 09:22:52,BANKBARODA,Intraday,NO-TRADE,59.0,BUY 🟢,274.55,❌ **BANKBARODA** REJECTED for Intraday | Score: 66/100 | Votes: 1/4 Reasons: Portfolio risk gate: 🛑 Blocked: Intraday bucket drawdown: -16.7% (limit: -10.0%). Bucket paused — no new entries until losses recover. Existing positions continue unaffected.,WEAK BULL 📈,
2026-06-17 09:22:54,AXISBANK,Intraday,NO-TRADE,59.0,BUY 🟢,1357.5,❌ **AXISBANK** REJECTED for Intraday | Score: 66/100 | Votes: 1/4 Reasons: Portfolio risk gate: 🛑 Blocked: Intraday bucket drawdown: -16.7% (limit: -10.0%). Bucket paused — no new entries until losses recover. Existing positions continue unaffected.,WEAK BULL 📈,
2026-06-17 09:22:54,GAIL,Intraday,NO-TRADE,58.0,BUY 🟢,175.68,❌ **GAIL** REJECTED for Intraday | Score: 66/100 | Votes: 1/4 Reasons: Portfolio risk gate: 🛑 Blocked: Intraday bucket drawdown: -16.7% (limit: -10.0%). Bucket paused — no new entries until losses recover. Existing positions continue unaffected.,WEAK BULL 📈,
2026-06-17 09:22:55,HINDALCO,—,NO-TRADE,48.0,NEUTRAL ⚪,974.1,Score 48/100 below minimum 50/100. No bucket would accept this.,WEAK BULL 📈,
2026-06-17 09:22:55,Garden Reach Shipbuilders,Intraday,NO-TRADE,55.0,BUY 🟢,2698.0,❌ **Garden Reach Shipbuilders** REJECTED for Intraday | Score: 59/100 | Votes: 1/4 Reasons: Portfolio risk gate: 🛑 Blocked: Intraday bucket drawdown: -16.7% (limit: -10.0%). Bucket paused — no new entries until losses recover. Existing positions continue unaffected.,WEAK BULL 📈,
2026-06-17 09:22:56,PNB,Intraday,NO-TRADE,60.0,BUY 🟢,107.53,❌ **PNB** REJECTED for Intraday | Score: 69/100 | Votes: 1/4 Reasons: Portfolio risk gate: 🛑 Blocked: Intraday bucket drawdown: -16.7% (limit: -10.0%). Bucket paused — no new entries until losses recover. Existing positions continue unaffected.,WEAK BULL 📈,
2026-06-17 09:22:56,HAL,—,NO-TRADE,46.0,SELL 🔴,4273.0,Score 46/100 below minimum 50/100. No bucket would accept this.,WEAK BULL 📈,
2026-06-17 09:22:57,IDFCFIRSTB,—,NO-TRADE,55.0,NEUTRAL ⚪,77.32,Signal is NEUTRAL ⚪ — not a BUY. No action taken.,WEAK BULL 📈,
2026-06-17 09:22:57,ASIANPAINT,Intraday,NO-TRADE,56.0,BUY 🟢,2755.1,❌ **ASIANPAINT** REJECTED for Intraday | Score: 63/100 | Votes: 1/4 Reasons: Portfolio risk gate: 🛑 Blocked: Intraday bucket drawdown: -16.7% (limit: -10.0%). Bucket paused — no new entries until losses recover. Existing positions continue unaffected.,WEAK BULL 📈,
2026-06-17 09:22:58,BEL,—,NO-TRADE,51.0,SELL 🔴,406.4,Signal is SELL 🔴 — not a BUY. No action taken.,WEAK BULL 📈,
2026-06-17 09:22:58,FEDERALBNK,—,NO-TRADE,56.0,NEUTRAL ⚪,320.25,Signal is NEUTRAL ⚪ — not a BUY. No action taken.,WEAK BULL 📈,
2026-06-17 09:22:59,BPCL,Intraday,NO-TRADE,59.0,BUY 🟢,315.8,❌ **BPCL** REJECTED for Intraday | Score: 69/100 | Votes: 1/4 Reasons: Portfolio risk gate: 🛑 Blocked: Intraday bucket drawdown: -16.7% (limit: -10.0%). Bucket paused — no new entries until losses recover. Existing positions continue unaffected.,WEAK BULL 📈,
2026-06-17 09:23:00,NMDC,—,NO-TRADE,44.0,SELL 🔴,87.63,Score 44/100 below minimum 50/100. No bucket would accept this.,WEAK BULL 📈,
2026-06-17 09:23:01,MARUTI,Intraday,NO-TRADE,59.0,BUY 🟢,13662.0,❌ **MARUTI** REJECTED for Intraday | Score: 69/100 | Votes: 1/4 Reasons: Portfolio risk gate: 🛑 Blocked: Intraday bucket drawdown: -16.7% (limit: -10.0%). Bucket paused — no new entries until losses recover. Existing positions continue unaffected.,WEAK BULL 📈,
2026-06-17 09:23:01,IREDA,Intraday,NO-TRADE,58.0,STRONG BUY 🟢🟢,125.65,❌ **IREDA** REJECTED for Intraday | Score: 59/100 | Votes: 2/4 Reasons: Portfolio risk gate: 🛑 Blocked: Intraday bucket drawdown: -16.7% (limit: -10.0%). Bucket paused — no new entries until losses recover. Existing positions continue unaffected.,WEAK BULL 📈,
2026-06-17 09:23:02,BANDHANBNK,Intraday,NO-TRADE,59.0,BUY 🟢,215.01,❌ **BANDHANBNK** REJECTED for Intraday | Score: 69/100 | Votes: 1/4 Reasons: Portfolio risk gate: 🛑 Blocked: Intraday bucket drawdown: -16.7% (limit: -10.0%). Bucket paused — no new entries until losses recover. Existing positions continue unaffected.,WEAK BULL 📈,
2026-06-17 09:23:02,Oil India,—,NO-TRADE,48.0,NEUTRAL ⚪,416.3,Score 48/100 below minimum 50/100. No bucket would accept this.,WEAK BULL 📈,
2026-06-17 09:23:04,IOC,Intraday,NO-TRADE,58.0,BUY 🟢,146.48,❌ **IOC** REJECTED for Intraday | Score: 67/100 | Votes: 1/4 Reasons: Portfolio risk gate: 🛑 Blocked: Intraday bucket drawdown: -16.7% (limit: -10.0%). Bucket paused — no new entries until losses recover. Existing positions continue unaffected.,WEAK BULL 📈,
2026-06-17 09:23:04,TITAN,Intraday,NO-TRADE,57.0,BUY 🟢,4329.8,❌ **TITAN** REJECTED for Intraday | Score: 64/100 | Votes: 1/4 Reasons: Portfolio risk gate: 🛑 Blocked: Intraday bucket drawdown: -16.7% (limit: -10.0%). Bucket paused — no new entries until losses recover. Existing positions continue unaffected.,WEAK BULL 📈,
2026-06-17 09:23:05,SAIL,—,NO-TRADE,47.0,NEUTRAL ⚪,178.54,Score 47/100 below minimum 50/100. No bucket would accept this.,WEAK BULL 📈,
2026-06-17 09:23:05,INDUSINDBK,Intraday,NO-TRADE,58.0,BUY 🟢,924.2,❌ **INDUSINDBK** REJECTED for Intraday | Score: 64/100 | Votes: 1/4 Reasons: Portfolio risk gate: 🛑 Blocked: Intraday bucket drawdown: -16.7% (limit: -10.0%). Bucket paused — no new entries until losses recover. Existing positions continue unaffected.,WEAK BULL 📈,
2026-06-17 09:23:06,Eternal (formerly Zomato),Intraday,NO-TRADE,59.0,STRONG BUY 🟢🟢,253.65,❌ **Eternal (formerly Zomato)** REJECTED for Intraday | Score: 64/100 | Votes: 2/4 Reasons: Portfolio risk gate: 🛑 Blocked: Intraday bucket drawdown: -16.7% (limit: -10.0%). Bucket paused — no new entries until losses recover. Existing positions continue unaffected.,WEAK BULL 📈,
2026-06-17 09:23:06,SUNPHARMA,—,NO-TRADE,52.0,BUY 🟢,1811.0,"No suitable bucket for SUNPHARMA. Score 52/100, 1/4 strategies agree — signal is too weak for any bucket. Wait for a stronger setup.",WEAK BULL 📈,
2026-06-17 09:23:07,GRASIM,—,NO-TRADE,53.0,BUY 🟢,3145.7,"No suitable bucket for GRASIM. Score 53/100, 1/4 strategies agree — signal is too weak for any bucket. Wait for a stronger setup.",WEAK BULL 📈,
2026-06-17 09:23:08,BERGEPAINT,—,NO-TRADE,52.0,BUY 🟢,518.0,"No suitable bucket for BERGEPAINT. Score 52/100, 1/4 strategies agree — signal is too weak for any bucket. Wait for a stronger setup.",WEAK BULL 📈,
2026-06-17 09:23:09,Delhivery,Intraday,NO-TRADE,55.0,BUY 🟢,450.4,❌ **Delhivery** REJECTED for Intraday | Score: 59/100 | Votes: 1/4 Reasons: Portfolio risk gate: 🛑 Blocked: Intraday bucket drawdown: -16.7% (limit: -10.0%). Bucket paused — no new entries until losses recover. Existing positions continue unaffected.,WEAK BULL 📈,
2026-06-17 09:23:09,BHEL,—,NO-TRADE,45.0,SELL 🔴,384.75,Score 45/100 below minimum 50/100. No bucket would accept this.,WEAK BULL 📈,
2026-06-17 09:23:10,COLPAL,Intraday,NO-TRADE,59.0,STRONG BUY 🟢🟢,2075.6,❌ **COLPAL** REJECTED for Intraday | Score: 64/100 | Votes: 2/4 Reasons: Portfolio risk gate: 🛑 Blocked: Intraday bucket drawdown: -16.7% (limit: -10.0%). Bucket paused — no new entries until losses recover. Existing positions continue unaffected.,WEAK BULL 📈,
2026-06-17 09:23:10,Hindustan Copper,—,NO-TRADE,44.0,SELL 🔴,509.0,Score 44/100 below minimum 50/100. No bucket would accept this.,WEAK BULL 📈,
2026-06-17 09:23:10,ULTRACEMCO,Intraday,NO-TRADE,56.0,BUY 🟢,11358.0,❌ **ULTRACEMCO** REJECTED for Intraday | Score: 59/100 | Votes: 1/4 Reasons: Portfolio risk gate: 🛑 Blocked: Intraday bucket drawdown: -16.7% (limit: -10.0%). Bucket paused — no new entries until losses recover. Existing positions continue unaffected.,WEAK BULL 📈,
2026-06-17 09:23:11,ABB,—,NO-TRADE,53.0,BUY 🟢,7043.0,"No suitable bucket for ABB. Score 53/100, 1/4 strategies agree — signal is too weak for any bucket. Wait for a stronger setup.",WEAK BULL 📈,
2026-06-17 09:23:11,SBILIFE,—,NO-TRADE,46.0,SELL 🔴,1765.5,Score 46/100 below minimum 50/100. No bucket would accept this.,WEAK BULL 📈,
2026-06-17 09:23:11,DEEPAKNTR,—,NO-TRADE,46.0,SELL 🔴,1649.3,Score 46/100 below minimum 50/100. No bucket would accept this.,WEAK BULL 📈,
2026-06-17 09:23:11,NESTLEIND,—,NO-TRADE,45.0,SELL 🔴,1391.7,Score 45/100 below minimum 50/100. No bucket would accept this.,WEAK BULL 📈,
2026-06-17 09:23:12,TORNTPOWER,—,NO-TRADE,51.0,NEUTRAL ⚪,1405.6,Signal is NEUTRAL ⚪ — not a BUY. No action taken.,WEAK BULL 📈,
2026-06-17 09:23:13,DALBHARAT,—,NO-TRADE,51.0,SELL 🔴,1710.8,Signal is SELL 🔴 — not a BUY. No action taken.,WEAK BULL 📈,
2026-06-17 09:23:13,ADANIENT,—,NO-TRADE,54.0,BUY 🟢,2941.7,"No suitable bucket for ADANIENT. Score 54/100, 1/4 strategies agree — signal is too weak for any bucket. Wait for a stronger setup.",WEAK BULL 📈,
2026-06-17 09:23:13,TATAPOWER,—,NO-TRADE,48.0,NEUTRAL ⚪,400.75,Score 48/100 below minimum 50/100. No bucket would accept this.,WEAK BULL 📈,
2026-06-17 09:23:15,ADANIPORTS,—,NO-TRADE,53.0,BUY 🟢,1814.0,"No suitable bucket for ADANIPORTS. Score 53/100, 1/4 strategies agree — signal is too weak for any bucket. Wait for a stronger setup.",WEAK BULL 📈,
2026-06-17 09:23:15,ICICIPRULI,Intraday,NO-TRADE,57.0,BUY 🟢,491.8,❌ **ICICIPRULI** REJECTED for Intraday | Score: 62/100 | Votes: 1/4 Reasons: Portfolio risk gate: 🛑 Blocked: Intraday bucket drawdown: -16.7% (limit: -10.0%). Bucket paused — no new entries until losses recover. Existing positions continue unaffected.,WEAK BULL 📈,
2026-06-17 09:23:15,POWERGRID,—,NO-TRADE,53.0,NEUTRAL ⚪,284.65,Signal is NEUTRAL ⚪ — not a BUY. No action taken.,WEAK BULL 📈,
2026-06-17 09:23:16,DIVISLAB,—,NO-TRADE,54.0,STRONG BUY 🟢🟢,6745.5,"No suitable bucket for DIVISLAB. Score 54/100, 2/4 strategies agree — signal is too weak for any bucket. Wait for a stronger setup.",WEAK BULL 📈,
2026-06-17 09:23:16,NTPC,—,NO-TRADE,46.0,NEUTRAL ⚪,353.35,Score 46/100 below minimum 50/100. No bucket would accept this.,WEAK BULL 📈,
2026-06-17 09:23:17,CUMMINSIND,Intraday,NO-TRADE,55.0,BUY 🟢,5760.5,❌ **CUMMINSIND** REJECTED for Intraday | Score: 54/100 | Votes: 1/4 Reasons: Portfolio risk gate: 🛑 Blocked: Intraday bucket drawdown: -16.7% (limit: -10.0%). Bucket paused — no new entries until losses recover. Existing positions continue unaffected.,WEAK BULL 📈,
2026-06-17 09:23:17,PIDILITIND,—,NO-TRADE,53.0,SELL 🔴,1572.3,Signal is SELL 🔴 — not a BUY. No action taken.,WEAK BULL 📈,
2026-06-17 09:23:17,ONGC,—,NO-TRADE,47.0,NEUTRAL ⚪,246.8,Score 47/100 below minimum 50/100. No bucket would accept this.,WEAK BULL 📈,
2026-06-17 09:23:18,CGPOWER,—,NO-TRADE,54.0,BUY 🟢,944.95,"No suitable bucket for CGPOWER. Score 54/100, 1/4 strategies agree — signal is too weak for any bucket. Wait for a stronger setup.",WEAK BULL 📈,
2026-06-17 09:23:18,CIPLA,—,NO-TRADE,50.0,SELL 🔴,1368.6,Signal is SELL 🔴 — not a BUY. No action taken.,WEAK BULL 📈,
2026-06-17 09:23:19,COALINDIA,—,NO-TRADE,44.0,SELL 🔴,449.8,Score 44/100 below minimum 50/100. No bucket would accept this.,WEAK BULL 📈,
2026-06-17 09:23:19,BOSCHLTD,—,NO-TRADE,56.0,NEUTRAL ⚪,38905.0,Signal is NEUTRAL ⚪ — not a BUY. No action taken.,WEAK BULL 📈,
2026-06-17 09:23:20,APOLLOHOSP,—,NO-TRADE,53.0,BUY 🟢,8438.0,"No suitable bucket for APOLLOHOSP. Score 53/100, 1/4 strategies agree — signal is too weak for any bucket. Wait for a stronger setup.",WEAK BULL 📈,
2026-06-17 09:23:20,BIOCON,—,NO-TRADE,49.0,SELL 🔴,415.9,Score 49/100 below minimum 50/100. No bucket would accept this.,WEAK BULL 📈,
2026-06-17 09:23:21,BAJAJ-AUTO,—,NO-TRADE,48.0,NEUTRAL ⚪,9948.0,Score 48/100 below minimum 50/100. No bucket would accept this.,WEAK BULL 📈,
2026-06-17 09:23:22,TMCV,Intraday,NO-TRADE,58.0,BUY 🟢,401.55,❌ **TMCV** REJECTED for Intraday | Score: 64/100 | Votes: 1/4 Reasons: Portfolio risk gate: 🛑 Blocked: Intraday bucket drawdown: -16.7% (limit: -10.0%). Bucket paused — no new entries until losses recover. Existing positions continue unaffected.,WEAK BULL 📈,
2026-06-17 09:23:23,TATASTEEL,—,NO-TRADE,47.0,NEUTRAL ⚪,196.07,Score 47/100 below minimum 50/100. No bucket would accept this.,WEAK BULL 📈,
2026-06-17 09:23:24,HEROMOTOCO,Intraday,NO-TRADE,55.0,BUY 🟢,5005.5,❌ **HEROMOTOCO** REJECTED for Intraday | Score: 59/100 | Votes: 1/4 Reasons: Portfolio risk gate: 🛑 Blocked: Intraday bucket drawdown: -16.7% (limit: -10.0%). Bucket paused — no new entries until losses recover. Existing positions continue unaffected.,WEAK BULL 📈,
2026-06-17 09:23:25,BAJAJHLDNG,Swing,NO-TRADE,61.0,STRONG BUY 🟢🟢,10460.0,❌ **BAJAJHLDNG** REJECTED for Swing | Score: 69/100 | Votes: 3/4 Reasons: Portfolio risk gate: 🛑 Blocked: Swing bucket drawdown: -16.9% (limit: -10.0%). Bucket paused — no new entries until losses recover. Existing positions continue unaffected.,WEAK BULL 📈,
2026-06-17 09:23:26,HCLTECH,Intraday,NO-TRADE,55.0,BUY 🟢,1165.4,❌ **HCLTECH** REJECTED for Intraday | Score: 57/100 | Votes: 1/4 Reasons: Portfolio risk gate: 🛑 Blocked: Intraday bucket drawdown: -16.7% (limit: -10.0%). Bucket paused — no new entries until losses recover. Existing positions continue unaffected.,WEAK BULL 📈,
2026-06-17 09:23:27,JSWSTEEL,—,NO-TRADE,45.0,STRONG SELL 🔴🔴,1271.6,Score 45/100 below minimum 50/100. No bucket would accept this.,WEAK BULL 📈,
2026-06-17 09:23:27,EICHERMOT,Intraday,NO-TRADE,60.0,BUY 🟢,7516.5,❌ **EICHERMOT** REJECTED for Intraday | Score: 69/100 | Votes: 1/4 Reasons: Portfolio risk gate: 🛑 Blocked: Intraday bucket drawdown: -16.7% (limit: -10.0%). Bucket paused — no new entries until losses recover. Existing positions continue unaffected.,WEAK BULL 📈,
2026-06-17 09:23:28,Carborundum Universal Limited,Intraday,NO-TRADE,59.0,STRONG BUY 🟢🟢,1078.5,❌ **Carborundum Universal Limited** REJECTED for Intraday | Score: 66/100 | Votes: 2/4 Reasons: Portfolio risk gate: 🛑 Blocked: Intraday bucket drawdown: -16.7% (limit: -10.0%). Bucket paused — no new entries until losses recover. Existing positions continue unaffected.,WEAK BULL 📈,
2026-06-17 09:23:28,TATACONSUM,—,NO-TRADE,48.0,NEUTRAL ⚪,1126.5,Score 48/100 below minimum 50/100. No bucket would accept this.,WEAK BULL 📈,
2026-06-17 09:23:29,NHPC,—,NO-TRADE,53.0,NEUTRAL ⚪,74.67,Signal is NEUTRAL ⚪ — not a BUY. No action taken.,WEAK BULL 📈,
2026-06-17 09:23:31,BAJAJFINSV,Intraday,NO-TRADE,55.0,BUY 🟢,1781.6,❌ **BAJAJFINSV** REJECTED for Intraday | Score: 59/100 | Votes: 1/4 Reasons: Portfolio risk gate: 🛑 Blocked: Intraday bucket drawdown: -16.7% (limit: -10.0%). Bucket paused — no new entries until losses recover. Existing positions continue unaffected.,WEAK BULL 📈,
2026-06-17 09:23:32,HPCL,Intraday,NO-TRADE,60.0,BUY 🟢,402.1,❌ **HPCL** REJECTED for Intraday | Score: 69/100 | Votes: 1/4 Reasons: Portfolio risk gate: 🛑 Blocked: Intraday bucket drawdown: -16.7% (limit: -10.0%). Bucket paused — no new entries until losses recover. Existing positions continue unaffected.,WEAK BULL 📈,
2026-06-17 09:23:33,BRITANNIA,Intraday,NO-TRADE,58.0,BUY 🟢,5208.5,❌ **BRITANNIA** REJECTED for Intraday | Score: 65/100 | Votes: 1/4 Reasons: Portfolio risk gate: 🛑 Blocked: Intraday bucket drawdown: -16.7% (limit: -10.0%). Bucket paused — no new entries until losses recover. Existing positions continue unaffected.,WEAK BULL 📈,
2026-06-17 09:23:33,DRREDDY,—,NO-TRADE,49.0,NEUTRAL ⚪,1271.6,Score 49/100 below minimum 50/100. No bucket would accept this.,WEAK BULL 📈,
2026-06-17 09:23:34,TECHM,—,NO-TRADE,44.0,SELL 🔴,1464.7,Score 44/100 below minimum 50/100. No bucket would accept this.,WEAK BULL 📈,
2026-06-17 09:23:35,LT,Intraday,NO-TRADE,59.0,BUY 🟢,4175.0,❌ **LT** REJECTED for Intraday | Score: 69/100 | Votes: 1/4 Reasons: Portfolio risk gate: 🛑 Blocked: Intraday bucket drawdown: -16.7% (limit: -10.0%). Bucket paused — no new entries until losses recover. Existing positions continue unaffected.,WEAK BULL 📈,
2026-06-17 09:23:35,HDFCLIFE,—,NO-TRADE,46.0,SELL 🔴,573.75,Score 46/100 below minimum 50/100. No bucket would accept this.,WEAK BULL 📈,
2026-06-17 09:23:36,GODREJCP,Intraday,NO-TRADE,59.0,STRONG BUY 🟢🟢,1037.1,❌ **GODREJCP** REJECTED for Intraday | Score: 64/100 | Votes: 2/4 Reasons: Portfolio risk gate: 🛑 Blocked: Intraday bucket drawdown: -16.7% (limit: -10.0%). Bucket paused — no new entries until losses recover. Existing positions continue unaffected.,WEAK BULL 📈,
2026-06-17 09:23:36,MPHASIS,Intraday,BUY,57.0,BUY 🟢,2329.1,"=======================================================
DECISION: BUY
Stock: MPHASIS  |  Bucket: Intraday
Confidence: 36/100  |  Score: 0/100
Regime: WEAK BULL 📈

REASONS FOR:
  🟡 Weak bull regime — market trending cautiously upward (WEAK BULL 📈)
  ✅ Market regime favorable (WEAK BULL 📈)

RISK ASSESSMENT:
  Entry:  ₹2329.1
  Stop:   ₹2189.35  (-6.0% = -₹139.75)
  Target: ₹2678.47  (+15.0% = +₹349.37)
  Risk:Reward = 1:2.5
  Position Size: 3.3% of bucket

PORTFOLIO IMPACT:
  Deployment:  20.4% → ",WEAK BULL 📈,
2026-06-17 09:23:37,DABUR,—,NO-TRADE,49.0,SELL 🔴,432.4,Score 49/100 below minimum 50/100. No bucket would accept this.,WEAK BULL 📈,
2026-06-17 09:23:38,VBL,—,NO-TRADE,52.0,BUY 🟢,545.3,"No suitable bucket for VBL. Score 52/100, 1/4 strategies agree — signal is too weak for any bucket. Wait for a stronger setup.",WEAK BULL 📈,
2026-06-17 09:23:38,MARICO,—,NO-TRADE,47.0,SELL 🔴,808.1,Score 47/100 below minimum 50/100. No bucket would accept this.,WEAK BULL 📈,
2026-06-17 09:23:38,M&M,Intraday,NO-TRADE,59.0,STRONG BUY 🟢🟢,3132.1,❌ **M&M** REJECTED for Intraday | Score: 64/100 | Votes: 2/4 Reasons: Portfolio risk gate: 🛑 Blocked: Intraday bucket drawdown: -16.7% (limit: -10.0%). Bucket paused — no new entries until losses recover. Existing positions continue unaffected.,WEAK BULL 📈,
2026-06-17 09:23:39,AUROPHARMA,—,NO-TRADE,45.0,SELL 🔴,1425.0,Score 45/100 below minimum 50/100. No bucket would accept this.,WEAK BULL 📈,
2026-06-17 09:23:39,PFC,Intraday,NO-TRADE,56.0,BUY 🟢,427.9,❌ **PFC** REJECTED for Intraday | Score: 59/100 | Votes: 1/4 Reasons: Portfolio risk gate: 🛑 Blocked: Intraday bucket drawdown: -16.7% (limit: -10.0%). Bucket paused — no new entries until losses recover. Existing positions continue unaffected.,WEAK BULL 📈,
2026-06-17 09:23:40,Jindal Stainless,—,NO-TRADE,54.0,BUY 🟢,711.0,"No suitable bucket for Jindal Stainless. Score 54/100, 1/4 strategies agree — signal is too weak for any bucket. Wait for a stronger setup.",WEAK BULL 📈,
2026-06-17 09:23:40,TATACHEM,—,NO-TRADE,46.0,SELL 🔴,731.1,Score 46/100 below minimum 50/100. No bucket would accept this.,WEAK BULL 📈,
2026-06-17 09:23:41,INDIGO,Intraday,NO-TRADE,58.0,BUY 🟢,4868.3,❌ **INDIGO** REJECTED for Intraday | Score: 66/100 | Votes: 1/4 Reasons: Portfolio risk gate: 🛑 Blocked: Intraday bucket drawdown: -16.7% (limit: -10.0%). Bucket paused — no new entries until losses recover. Existing positions continue unaffected.,WEAK BULL 📈,
2026-06-17 09:23:41,UPL,—,NO-TRADE,46.0,NEUTRAL ⚪,611.4,Score 46/100 below minimum 50/100. No bucket would accept this.,WEAK BULL 📈,
2026-06-17 09:23:42,ADANIGREEN,—,NO-TRADE,54.0,BUY 🟢,1469.8,"No suitable bucket for ADANIGREEN. Score 54/100, 1/4 strategies agree — signal is too weak for any bucket. Wait for a stronger setup.",WEAK BULL 📈,
2026-06-17 09:23:43,RECLTD,Intraday,NO-TRADE,59.0,BUY 🟢,354.7,❌ **RECLTD** REJECTED for Intraday | Score: 67/100 | Votes: 1/4 Reasons: Portfolio risk gate: 🛑 Blocked: Intraday bucket drawdown: -16.7% (limit: -10.0%). Bucket paused — no new entries until losses recover. Existing positions continue unaffected.,WEAK BULL 📈,
2026-06-17 09:23:44,Mazagon Dock,Intraday,NO-TRADE,55.0,BUY 🟢,2484.5,❌ **Mazagon Dock** REJECTED for Intraday | Score: 59/100 | Votes: 1/4 Reasons: Portfolio risk gate: 🛑 Blocked: Intraday bucket drawdown: -16.7% (limit: -10.0%). Bucket paused — no new entries until losses recover. Existing positions continue unaffected.,WEAK BULL 📈,
2026-06-17 09:23:45,YESBANK,Intraday,NO-TRADE,59.0,STRONG BUY 🟢🟢,24.19,❌ **YESBANK** REJECTED for Intraday | Score: 66/100 | Votes: 2/4 Reasons: Portfolio risk gate: 🛑 Blocked: Intraday bucket drawdown: -16.7% (limit: -10.0%). Bucket paused — no new entries until losses recover. Existing positions continue unaffected.,WEAK BULL 📈,
2026-06-17 09:23:45,TMPV,—,NO-TRADE,54.0,BUY 🟢,390.7,"No suitable bucket for TMPV. Score 54/100, 1/4 strategies agree — signal is too weak for any bucket. Wait for a stronger setup.",WEAK BULL 📈,
2026-06-17 09:23:46,NYKAA,Intraday,NO-TRADE,57.0,BUY 🟢,278.5,❌ **NYKAA** REJECTED for Intraday | Score: 64/100 | Votes: 1/4 Reasons: Portfolio risk gate: 🛑 Blocked: Intraday bucket drawdown: -16.7% (limit: -10.0%). Bucket paused — no new entries until losses recover. Existing positions continue unaffected.,WEAK BULL 📈,
2026-06-17 09:23:46,ACC,—,NO-TRADE,52.0,SELL 🔴,1350.2,Signal is SELL 🔴 — not a BUY. No action taken.,WEAK BULL 📈,
2026-06-17 09:23:46,JINDAL STEEL,—,NO-TRADE,47.0,NEUTRAL ⚪,1127.3,Score 47/100 below minimum 50/100. No bucket would accept this.,WEAK BULL 📈,
2026-06-17 09:23:47,SHRIRAMFIN,Intraday,NO-TRADE,59.0,BUY 🟢,1008.0,❌ **SHRIRAMFIN** REJECTED for Intraday | Score: 69/100 | Votes: 1/4 Reasons: Portfolio risk gate: 🛑 Blocked: Intraday bucket drawdown: -16.7% (limit: -10.0%). Bucket paused — no new entries until losses recover. Existing positions continue unaffected.,WEAK BULL 📈,
2026-06-17 09:23:47,AMBUJACEM,—,NO-TRADE,53.0,NEUTRAL ⚪,425.3,Signal is NEUTRAL ⚪ — not a BUY. No action taken.,WEAK BULL 📈,
2026-06-17 09:23:47,Rail Vikas Nigam,—,NO-TRADE,49.0,SELL 🔴,240.51,Score 49/100 below minimum 50/100. No bucket would accept this.,WEAK BULL 📈,
2026-06-17 09:23:49,Cochin Shipyard,—,NO-TRADE,46.0,SELL 🔴,1435.6,Score 46/100 below minimum 50/100. No bucket would accept this.,WEAK BULL 📈,
2026-06-17 09:23:50,IRFC,Intraday,NO-TRADE,55.0,BUY 🟢,98.05,❌ **IRFC** REJECTED for Intraday | Score: 59/100 | Votes: 1/4 Reasons: Portfolio risk gate: 🛑 Blocked: Intraday bucket drawdown: -16.7% (limit: -10.0%). Bucket paused — no new entries until losses recover. Existing positions continue unaffected.,WEAK BULL 📈,
2026-06-17 09:23:51,CHOLAFIN,Intraday,NO-TRADE,58.0,BUY 🟢,1685.7,❌ **CHOLAFIN** REJECTED for Intraday | Score: 66/100 | Votes: 1/4 Reasons: Portfolio risk gate: 🛑 Blocked: Intraday bucket drawdown: -16.7% (limit: -10.0%). Bucket paused — no new entries until losses recover. Existing positions continue unaffected.,WEAK BULL 📈,
2026-06-17 09:23:51,MUTHOOTFIN,—,NO-TRADE,49.0,SELL 🔴,3157.5,Score 49/100 below minimum 50/100. No bucket would accept this.,WEAK BULL 📈,
2026-06-17 09:23:51,ASHOKLEY,Swing,NO-TRADE,61.0,STRONG BUY 🟢🟢,158.56,❌ **ASHOKLEY** REJECTED for Swing | Score: 65/100 | Votes: 2/4 Reasons: Portfolio risk gate: 🛑 Blocked: Swing bucket drawdown: -16.9% (limit: -10.0%). Bucket paused — no new entries until losses recover. Existing positions continue unaffected.,WEAK BULL 📈,
2026-06-17 09:23:53,Bharat Dynamics,Intraday,NO-TRADE,55.0,BUY 🟢,1238.2,❌ **Bharat Dynamics** REJECTED for Intraday | Score: 57/100 | Votes: 1/4 Reasons: Portfolio risk gate: 🛑 Blocked: Intraday bucket drawdown: -16.7% (limit: -10.0%). Bucket paused — no new entries until losses recover. Existing positions continue unaffected.,WEAK BULL 📈,
2026-06-17 09:23:53,HAVELLS,Intraday,NO-TRADE,55.0,BUY 🟢,1189.5,❌ **HAVELLS** REJECTED for Intraday | Score: 59/100 | Votes: 1/4 Reasons: Portfolio risk gate: 🛑 Blocked: Intraday bucket drawdown: -16.7% (limit: -10.0%). Bucket paused — no new entries until losses recover. Existing positions continue unaffected.,WEAK BULL 📈,
2026-06-17 09:23:55,CANBK,Intraday,NO-TRADE,60.0,BUY 🟢,132.9,❌ **CANBK** REJECTED for Intraday | Score: 69/100 | Votes: 1/4 Reasons: Portfolio risk gate: 🛑 Blocked: Intraday bucket drawdown: -16.7% (limit: -10.0%). Bucket paused — no new entries until losses recover. Existing positions continue unaffected.,WEAK BULL 📈,
2026-06-17 09:23:55,ASTRAL,Intraday,NO-TRADE,55.0,BUY 🟢,1553.3,❌ **ASTRAL** REJECTED for Intraday | Score: 59/100 | Votes: 1/4 Reasons: Portfolio risk gate: 🛑 Blocked: Intraday bucket drawdown: -16.7% (limit: -10.0%). Bucket paused — no new entries until losses recover. Existing positions continue unaffected.,WEAK BULL 📈,
2026-06-17 09:23:56,TVS Motors,Intraday,NO-TRADE,55.0,BUY 🟢,3442.7,❌ **TVS Motors** REJECTED for Intraday | Score: 59/100 | Votes: 1/4 Reasons: Portfolio risk gate: 🛑 Blocked: Intraday bucket drawdown: -16.7% (limit: -10.0%). Bucket paused — no new entries until losses recover. Existing positions continue unaffected.,WEAK BULL 📈,
2026-06-17 09:23:56,TATA ELXSI,—,NO-TRADE,45.0,SELL 🔴,4124.7,Score 45/100 below minimum 50/100. No bucket would accept this.,WEAK BULL 📈,
2026-06-17 09:23:57,IRCTC,—,NO-TRADE,50.0,SELL 🔴,520.0,Signal is SELL 🔴 — not a BUY. No action taken.,WEAK BULL 📈,
2026-06-17 09:23:57,ABFRL,—,NO-TRADE,45.0,SELL 🔴,61.36,Score 45/100 below minimum 50/100. No bucket would accept this.,WEAK BULL 📈,
2026-06-17 09:23:58,TRENT,Intraday,NO-TRADE,58.0,BUY 🟢,2954.0,❌ **TRENT** REJECTED for Intraday | Score: 66/100 | Votes: 1/4 Reasons: Portfolio risk gate: 🛑 Blocked: Intraday bucket drawdown: -16.7% (limit: -10.0%). Bucket paused — no new entries until losses recover. Existing positions continue unaffected.,WEAK BULL 📈,
2026-06-17 09:23:59,BANKBARODA,Intraday,NO-TRADE,59.0,BUY 🟢,274.5,❌ **BANKBARODA** REJECTED for Intraday | Score: 66/100 | Votes: 1/4 Reasons: Portfolio risk gate: 🛑 Blocked: Intraday bucket drawdown: -16.7% (limit: -10.0%). Bucket paused — no new entries until losses recover. Existing positions continue unaffected.,WEAK BULL 📈,
2026-06-17 09:24:01,DMART,Intraday,NO-TRADE,55.0,BUY 🟢,4242.0,❌ **DMART** REJECTED for Intraday | Score: 62/100 | Votes: 1/4 Reasons: Portfolio risk gate: 🛑 Blocked: Intraday bucket drawdown: -16.7% (limit: -10.0%). Bucket paused — no new entries until losses recover. Existing positions continue unaffected.,WEAK BULL 📈,
2026-06-17 09:24:01,AARTIIND,Swing,NO-TRADE,61.0,STRONG BUY 🟢🟢,492.4,❌ **AARTIIND** REJECTED for Swing | Score: 65/100 | Votes: 2/4 Reasons: Portfolio risk gate: 🛑 Blocked: Swing bucket drawdown: -16.9% (limit: -10.0%). Bucket paused — no new entries until losses recover. Existing positions continue unaffected.,WEAK BULL 📈,
2026-06-17 09:24:02,IDEA,—,NO-TRADE,53.0,BUY 🟢,14.53,"No suitable bucket for IDEA. Score 53/100, 1/4 strategies agree — signal is too weak for any bucket. Wait for a stronger setup.",WEAK BULL 📈,
2026-06-17 09:24:02,PAGEIND,Intraday,NO-TRADE,58.0,BUY 🟢,39075.0,❌ **PAGEIND** REJECTED for Intraday | Score: 66/100 | Votes: 1/4 Reasons: Portfolio risk gate: 🛑 Blocked: Intraday bucket drawdown: -16.7% (limit: -10.0%). Bucket paused — no new entries until losses recover. Existing positions continue unaffected.,WEAK BULL 📈,
2026-06-17 09:24:03,PNB,Intraday,NO-TRADE,60.0,BUY 🟢,107.51,❌ **PNB** REJECTED for Intraday | Score: 69/100 | Votes: 1/4 Reasons: Portfolio risk gate: 🛑 Blocked: Intraday bucket drawdown: -16.7% (limit: -10.0%). Bucket paused — no new entries until losses recover. Existing positions continue unaffected.,WEAK BULL 📈,
2026-06-17 09:24:03,POLYCAB,—,NO-TRADE,53.0,BUY 🟢,9669.0,"No suitable bucket for POLYCAB. Score 53/100, 1/4 strategies agree — signal is too weak for any bucket. Wait for a stronger setup.",WEAK BULL 📈,
2026-06-17 09:24:04,IDFCFIRSTB,—,NO-TRADE,55.0,NEUTRAL ⚪,77.24,Signal is NEUTRAL ⚪ — not a BUY. No action taken.,WEAK BULL 📈,
2026-06-17 09:24:04,VOLTAS,—,NO-TRADE,54.0,NEUTRAL ⚪,1365.4,Signal is NEUTRAL ⚪ — not a BUY. No action taken.,WEAK BULL 📈,
2026-06-17 09:24:05,INDIAMART,Intraday,NO-TRADE,57.0,BUY 🟢,2080.0,❌ **INDIAMART** REJECTED for Intraday | Score: 64/100 | Votes: 1/4 Reasons: Portfolio risk gate: 🛑 Blocked: Intraday bucket drawdown: -16.7% (limit: -10.0%). Bucket paused — no new entries until losses recover. Existing positions continue unaffected.,WEAK BULL 📈,
2026-06-17 09:24:05,FEDERALBNK,—,NO-TRADE,56.0,NEUTRAL ⚪,320.1,Signal is NEUTRAL ⚪ — not a BUY. No action taken.,WEAK BULL 📈,
2026-06-17 09:24:05,Garden Reach Shipbuilders,Intraday,NO-TRADE,55.0,BUY 🟢,2692.2,❌ **Garden Reach Shipbuilders** REJECTED for Intraday | Score: 59/100 | Votes: 1/4 Reasons: Portfolio risk gate: 🛑 Blocked: Intraday bucket drawdown: -16.7% (limit: -10.0%). Bucket paused — no new entries until losses recover. Existing positions continue unaffected.,WEAK BULL 📈,
2026-06-17 09:24:06,AFFLE INDIA,—,NO-TRADE,53.0,BUY 🟢,1477.5,"No suitable bucket for AFFLE INDIA. Score 53/100, 1/4 strategies agree — signal is too weak for any bucket. Wait for a stronger setup.",WEAK BULL 📈,
2026-06-17 09:24:07,HAL,—,NO-TRADE,46.0,SELL 🔴,4279.0,Score 46/100 below minimum 50/100. No bucket would accept this.,WEAK BULL 📈,
2026-06-17 09:24:08,BEL,—,NO-TRADE,51.0,SELL 🔴,406.65,Signal is SELL 🔴 — not a BUY. No action taken.,WEAK BULL 📈,
2026-06-17 09:24:08,UBL,Intraday,NO-TRADE,56.0,BUY 🟢,1332.6,❌ **UBL** REJECTED for Intraday | Score: 59/100 | Votes: 1/4 Reasons: Portfolio risk gate: 🛑 Blocked: Intraday bucket drawdown: -16.7% (limit: -10.0%). Bucket paused — no new entries until losses recover. Existing positions continue unaffected.,WEAK BULL 📈,
2026-06-17 09:24:09,BANDHANBNK,Intraday,NO-TRADE,59.0,BUY 🟢,215.59,❌ **BANDHANBNK** REJECTED for Intraday | Score: 69/100 | Votes: 1/4 Reasons: Portfolio risk gate: 🛑 Blocked: Intraday bucket drawdown: -16.7% (limit: -10.0%). Bucket paused — no new entries until losses recover. Existing positions continue unaffected.,WEAK BULL 📈,
2026-06-17 09:24:10,DLF,Intraday,NO-TRADE,58.0,BUY 🟢,626.45,❌ **DLF** REJECTED for Intraday | Score: 66/100 | Votes: 1/4 Reasons: Portfolio risk gate: 🛑 Blocked: Intraday bucket drawdown: -16.7% (limit: -10.0%). Bucket paused — no new entries until losses recover. Existing positions continue unaffected.,WEAK BULL 📈,
2026-06-17 09:24:12,IREDA,Intraday,NO-TRADE,58.0,STRONG BUY 🟢🟢,125.72,❌ **IREDA** REJECTED for Intraday | Score: 59/100 | Votes: 2/4 Reasons: Portfolio risk gate: 🛑 Blocked: Intraday bucket drawdown: -16.7% (limit: -10.0%). Bucket paused — no new entries until losses recover. Existing positions continue unaffected.,WEAK BULL 📈,
2026-06-17 09:24:12,Oil India,—,NO-TRADE,48.0,NEUTRAL ⚪,416.15,Score 48/100 below minimum 50/100. No bucket would accept this.,WEAK BULL 📈,
2026-06-17 09:24:12,BATAINDIA,Intraday,NO-TRADE,56.0,BUY 🟢,678.35,❌ **BATAINDIA** REJECTED for Intraday | Score: 59/100 | Votes: 1/4 Reasons: Portfolio risk gate: 🛑 Blocked: Intraday bucket drawdown: -16.7% (limit: -10.0%). Bucket paused — no new entries until losses recover. Existing positions continue unaffected.,WEAK BULL 📈,
2026-06-17 09:24:13,INDUSINDBK,Intraday,NO-TRADE,58.0,BUY 🟢,923.15,❌ **INDUSINDBK** REJECTED for Intraday | Score: 64/100 | Votes: 1/4 Reasons: Portfolio risk gate: 🛑 Blocked: Intraday bucket drawdown: -16.7% (limit: -10.0%). Bucket paused — no new entries until losses recover. Existing positions continue unaffected.,WEAK BULL 📈,
2026-06-17 09:24:13,SIEMENS,—,NO-TRADE,49.0,NEUTRAL ⚪,3646.9,Score 49/100 below minimum 50/100. No bucket would accept this.,WEAK BULL 📈,
2026-06-17 09:24:14,ESCORTS,Intraday,NO-TRADE,55.0,BUY 🟢,2852.8,❌ **ESCORTS** REJECTED for Intraday | Score: 57/100 | Votes: 1/4 Reasons: Portfolio risk gate: 🛑 Blocked: Intraday bucket drawdown: -16.7% (limit: -10.0%). Bucket paused — no new entries until losses recover. Existing positions continue unaffected.,WEAK BULL 📈,
2026-06-17 09:24:14,GRASIM,—,NO-TRADE,53.0,BUY 🟢,3145.5,"No suitable bucket for GRASIM. Score 53/100, 1/4 strategies agree — signal is too weak for any bucket. Wait for a stronger setup.",WEAK BULL 📈,
2026-06-17 09:24:15,GLENMARK,—,NO-TRADE,46.0,NEUTRAL ⚪,2149.4,Score 46/100 below minimum 50/100. No bucket would accept this.,WEAK BULL 📈,
2026-06-17 09:24:16,Eternal (formerly Zomato),Intraday,NO-TRADE,59.0,STRONG BUY 🟢🟢,254.1,❌ **Eternal (formerly Zomato)** REJECTED for Intraday | Score: 64/100 | Votes: 2/4 Reasons: Portfolio risk gate: 🛑 Blocked: Intraday bucket drawdown: -16.7% (limit: -10.0%). Bucket paused — no new entries until losses recover. Existing positions continue unaffected.,WEAK BULL 📈,
2026-06-17 09:24:16,BERGEPAINT,—,NO-TRADE,52.0,BUY 🟢,517.95,"No suitable bucket for BERGEPAINT. Score 52/100, 1/4 strategies agree — signal is too weak for any bucket. Wait for a stronger setup.",WEAK BULL 📈,
2026-06-17 09:24:16,JUBLFOOD,—,NO-TRADE,50.0,SELL 🔴,422.3,Signal is SELL 🔴 — not a BUY. No action taken.,WEAK BULL 📈,
2026-06-17 09:24:17,BHEL,—,NO-TRADE,45.0,SELL 🔴,384.2,Score 45/100 below minimum 50/100. No bucket would accept this.,WEAK BULL 📈,
2026-06-17 09:24:17,KPITTECH,—,NO-TRADE,47.0,SELL 🔴,761.1,Score 47/100 below minimum 50/100. No bucket would accept this.,WEAK BULL 📈,
2026-06-17 09:24:17,RailTel,Intraday,NO-TRADE,57.0,BUY 🟢,326.3,❌ **RailTel** REJECTED for Intraday | Score: 62/100 | Votes: 1/4 Reasons: Portfolio risk gate: 🛑 Blocked: Intraday bucket drawdown: -16.7% (limit: -10.0%). Bucket paused — no new entries until losses recover. Existing positions continue unaffected.,WEAK BULL 📈,
2026-06-17 09:24:19,ABB,—,NO-TRADE,53.0,BUY 🟢,7036.0,"No suitable bucket for ABB. Score 53/100, 1/4 strategies agree — signal is too weak for any bucket. Wait for a stronger setup.",WEAK BULL 📈,
2026-06-17 09:24:19,COLPAL,Intraday,NO-TRADE,59.0,STRONG BUY 🟢🟢,2078.0,❌ **COLPAL** REJECTED for Intraday | Score: 64/100 | Votes: 2/4 Reasons: Portfolio risk gate: 🛑 Blocked: Intraday bucket drawdown: -16.7% (limit: -10.0%). Bucket paused — no new entries until losses recover. Existing positions continue unaffected.,WEAK BULL 📈,
2026-06-17 09:24:20,TORNTPOWER,—,NO-TRADE,51.0,NEUTRAL ⚪,1405.6,Signal is NEUTRAL ⚪ — not a BUY. No action taken.,WEAK BULL 📈,
2026-06-17 09:24:20,SBILIFE,—,NO-TRADE,46.0,SELL 🔴,1767.0,Score 46/100 below minimum 50/100. No bucket would accept this.,WEAK BULL 📈,
2026-06-17 09:24:21,TATAPOWER,—,NO-TRADE,48.0,NEUTRAL ⚪,400.85,Score 48/100 below minimum 50/100. No bucket would accept this.,WEAK BULL 📈,
2026-06-17 09:24:21,ICICIPRULI,—,NO-TRADE,51.0,SELL 🔴,491.45,Signal is SELL 🔴 — not a BUY. No action taken.,WEAK BULL 📈,
2026-06-17 09:24:22,LICHSGFIN,Intraday,NO-TRADE,59.0,BUY 🟢,548.4,❌ **LICHSGFIN** REJECTED for Intraday | Score: 64/100 | Votes: 1/4 Reasons: Portfolio risk gate: 🛑 Blocked: Intraday bucket drawdown: -16.7% (limit: -10.0%). Bucket paused — no new entries until losses recover. Existing positions continue unaffected.,WEAK BULL 📈,
2026-06-17 09:24:22,Lupin,Intraday,NO-TRADE,55.0,BUY 🟢,2277.2,❌ **Lupin** REJECTED for Intraday | Score: 59/100 | Votes: 1/4 Reasons: Portfolio risk gate: 🛑 Blocked: Intraday bucket drawdown: -16.7% (limit: -10.0%). Bucket paused — no new entries until losses recover. Existing positions continue unaffected.,WEAK BULL 📈,
2026-06-17 09:24:22,DIVISLAB,—,NO-TRADE,54.0,STRONG BUY 🟢🟢,6749.0,"No suitable bucket for DIVISLAB. Score 54/100, 2/4 strategies agree — signal is too weak for any bucket. Wait for a stronger setup.",WEAK BULL 📈,
2026-06-17 09:24:23,PIDILITIND,—,NO-TRADE,53.0,SELL 🔴,1573.2,Signal is SELL 🔴 — not a BUY. No action taken.,WEAK BULL 📈,
2026-06-17 09:24:23,Torrent Pharma,—,NO-TRADE,51.0,NEUTRAL ⚪,4457.5,Signal is NEUTRAL ⚪ — not a BUY. No action taken.,WEAK BULL 📈,
2026-06-17 09:24:24,CIPLA,—,NO-TRADE,50.0,SELL 🔴,1369.0,Signal is SELL 🔴 — not a BUY. No action taken.,WEAK BULL 📈,
2026-06-17 09:24:25,APOLLOHOSP,—,NO-TRADE,53.0,BUY 🟢,8440.0,"No suitable bucket for APOLLOHOSP. Score 53/100, 1/4 strategies agree — signal is too weak for any bucket. Wait for a stronger setup.",WEAK BULL 📈,
2026-06-17 09:24:25,MPHASIS,Intraday,NO-TRADE,57.0,BUY 🟢,2332.0,❌ **MPHASIS** REJECTED for Intraday | Score: 61/100 | Votes: 1/4 Reasons: Portfolio risk gate: 🛑 Blocked: Intraday bucket drawdown: -16.7% (limit: -10.0%). Bucket paused — no new entries until losses recover. Existing positions continue unaffected.,WEAK BULL 📈,
2026-06-17 09:24:25,BAJAJ-AUTO,—,NO-TRADE,48.0,NEUTRAL ⚪,9947.0,Score 48/100 below minimum 50/100. No bucket would accept this.,WEAK BULL 📈,
2026-06-17 09:24:26,LICI,Swing,NO-TRADE,60.0,STRONG BUY 🟢🟢,409.2,❌ **LICI** REJECTED for Swing | Score: 65/100 | Votes: 2/4 Reasons: Portfolio risk gate: 🛑 Blocked: Swing bucket drawdown: -16.9% (limit: -10.0%). Bucket paused — no new entries until losses recover. Existing positions continue unaffected.,WEAK BULL 📈,
2026-06-17 09:24:26,VBL,—,NO-TRADE,52.0,BUY 🟢,544.75,"No suitable bucket for VBL. Score 52/100, 1/4 strategies agree — signal is too weak for any bucket. Wait for a stronger setup.",WEAK BULL 📈,
2026-06-17 09:24:27,Gujarat Pipavav Port,Intraday,NO-TRADE,57.0,STRONG BUY 🟢🟢,156.85,❌ **Gujarat Pipavav Port** REJECTED for Intraday | Score: 59/100 | Votes: 2/4 Reasons: Portfolio risk gate: 🛑 Blocked: Intraday bucket drawdown: -16.7% (limit: -10.0%). Bucket paused — no new entries until losses recover. Existing positions continue unaffected.,WEAK BULL 📈,
2026-06-17 09:24:28,Amara Raja Energy,—,NO-TRADE,52.0,BUY 🟢,857.85,"No suitable bucket for Amara Raja Energy. Score 52/100, 1/4 strategies agree — signal is too weak for any bucket. Wait for a stronger setup.",WEAK BULL 📈,
2026-06-17 09:24:29,HEROMOTOCO,Intraday,NO-TRADE,55.0,BUY 🟢,5007.1,❌ **HEROMOTOCO** REJECTED for Intraday | Score: 59/100 | Votes: 1/4 Reasons: Portfolio risk gate: 🛑 Blocked: Intraday bucket drawdown: -16.7% (limit: -10.0%). Bucket paused — no new entries until losses recover. Existing positions continue unaffected.,WEAK BULL 📈,
2026-06-17 09:24:30,NAUKRI,Swing,NO-TRADE,60.0,STRONG BUY 🟢🟢,1017.05,❌ **NAUKRI** REJECTED for Swing | Score: 65/100 | Votes: 2/4 Reasons: Portfolio risk gate: 🛑 Blocked: Swing bucket drawdown: -16.9% (limit: -10.0%). Bucket paused — no new entries until losses recover. Existing positions continue unaffected.,WEAK BULL 📈,
2026-06-17 09:24:30,INDIGO,Intraday,NO-TRADE,58.0,BUY 🟢,4873.9,❌ **INDIGO** REJECTED for Intraday | Score: 66/100 | Votes: 1/4 Reasons: Portfolio risk gate: 🛑 Blocked: Intraday bucket drawdown: -16.7% (limit: -10.0%). Bucket paused — no new entries until losses recover. Existing positions continue unaffected.,WEAK BULL 📈,
2026-06-17 09:24:31,MOTHERSON,—,NO-TRADE,53.0,BUY 🟢,145.37,"No suitable bucket for MOTHERSON. Score 53/100, 1/4 strategies agree — signal is too weak for any bucket. Wait for a stronger setup.",WEAK BULL 📈,
2026-06-17 09:24:31,ADANIGREEN,—,NO-TRADE,54.0,BUY 🟢,1471.0,"No suitable bucket for ADANIGREEN. Score 54/100, 1/4 strategies agree — signal is too weak for any bucket. Wait for a stronger setup.",WEAK BULL 📈,
2026-06-17 09:24:32,Bank of India,Intraday,NO-TRADE,59.0,BUY 🟢,145.53,❌ **Bank of India** REJECTED for Intraday | Score: 66/100 | Votes: 1/4 Reasons: Portfolio risk gate: 🛑 Blocked: Intraday bucket drawdown: -16.7% (limit: -10.0%). Bucket paused — no new entries until losses recover. Existing positions continue unaffected.,WEAK BULL 📈,
2026-06-17 09:24:32,EICHERMOT,Intraday,NO-TRADE,60.0,BUY 🟢,7514.5,❌ **EICHERMOT** REJECTED for Intraday | Score: 69/100 | Votes: 1/4 Reasons: Portfolio risk gate: 🛑 Blocked: Intraday bucket drawdown: -16.7% (limit: -10.0%). Bucket paused — no new entries until losses recover. Existing positions continue unaffected.,WEAK BULL 📈,
2026-06-17 09:24:33,Credo Brands,—,NO-TRADE,54.0,BUY 🟢,88.04,"No suitable bucket for Credo Brands. Score 54/100, 1/4 strategies agree — signal is too weak for any bucket. Wait for a stronger setup.",WEAK BULL 📈,
2026-06-17 09:24:33,TATACONSUM,—,NO-TRADE,48.0,NEUTRAL ⚪,1127.9,Score 48/100 below minimum 50/100. No bucket would accept this.,WEAK BULL 📈,
2026-06-17 09:24:33,Tata Communications,—,NO-TRADE,49.0,SELL 🔴,1913.6,Score 49/100 below minimum 50/100. No bucket would accept this.,WEAK BULL 📈,
2026-06-17 09:24:34,Container Corp,—,NO-TRADE,49.0,SELL 🔴,464.7,Score 49/100 below minimum 50/100. No bucket would accept this.,WEAK BULL 📈,
2026-06-17 09:24:34,OBEROIRLTY,Intraday,NO-TRADE,59.0,BUY 🟢,1663.2,❌ **OBEROIRLTY** REJECTED for Intraday | Score: 64/100 | Votes: 1/4 Reasons: Portfolio risk gate: 🛑 Blocked: Intraday bucket drawdown: -16.7% (limit: -10.0%). Bucket paused — no new entries until losses recover. Existing positions continue unaffected.,WEAK BULL 📈,
2026-06-17 09:24:35,NYKAA,Intraday,NO-TRADE,57.0,BUY 🟢,278.7,❌ **NYKAA** REJECTED for Intraday | Score: 64/100 | Votes: 1/4 Reasons: Portfolio risk gate: 🛑 Blocked: Intraday bucket drawdown: -16.7% (limit: -10.0%). Bucket paused — no new entries until losses recover. Existing positions continue unaffected.,WEAK BULL 📈,
2026-06-17 09:24:35,PERSISTENT,—,NO-TRADE,44.0,SELL 🔴,5064.5,Score 44/100 below minimum 50/100. No bucket would accept this.,WEAK BULL 📈,
2026-06-17 09:24:36,VEDL,—,NO-TRADE,53.0,NEUTRAL ⚪,297.95,Signal is NEUTRAL ⚪ — not a BUY. No action taken.,WEAK BULL 📈,
2026-06-17 09:24:37,BRITANNIA,Intraday,NO-TRADE,56.0,BUY 🟢,5212.5,❌ **BRITANNIA** REJECTED for Intraday | Score: 59/100 | Votes: 1/4 Reasons: Portfolio risk gate: 🛑 Blocked: Intraday bucket drawdown: -16.7% (limit: -10.0%). Bucket paused — no new entries until losses recover. Existing positions continue unaffected.,WEAK BULL 📈,
2026-06-17 09:24:37,DRREDDY,—,NO-TRADE,49.0,NEUTRAL ⚪,1271.1,Score 49/100 below minimum 50/100. No bucket would accept this.,WEAK BULL 📈,
2026-06-17 09:24:38,TECHM,—,NO-TRADE,44.0,SELL 🔴,1465.1,Score 44/100 below minimum 50/100. No bucket would accept this.,WEAK BULL 📈,
2026-06-17 09:24:39,IRFC,Intraday,NO-TRADE,55.0,BUY 🟢,98.1,❌ **IRFC** REJECTED for Intraday | Score: 59/100 | Votes: 1/4 Reasons: Portfolio risk gate: 🛑 Blocked: Intraday bucket drawdown: -16.7% (limit: -10.0%). Bucket paused — no new entries until losses recover. Existing positions continue unaffected.,WEAK BULL 📈,
2026-06-17 09:24:38,PETRONET,Intraday,NO-TRADE,58.0,BUY 🟢,290.75,❌ **PETRONET** REJECTED for Intraday | Score: 66/100 | Votes: 1/4 Reasons: Portfolio risk gate: 🛑 Blocked: Intraday bucket drawdown: -16.7% (limit: -10.0%). Bucket paused — no new entries until losses recover. Existing positions continue unaffected.,WEAK BULL 📈,
2026-06-17 09:24:39,HDFCLIFE,—,NO-TRADE,52.0,NEUTRAL ⚪,574.85,Signal is NEUTRAL ⚪ — not a BUY. No action taken.,WEAK BULL 📈,
2026-06-17 09:24:40,GAIL,Intraday,NO-TRADE,58.0,BUY 🟢,175.68,❌ **GAIL** REJECTED for Intraday | Score: 66/100 | Votes: 1/4 Reasons: Portfolio risk gate: 🛑 Blocked: Intraday bucket drawdown: -16.7% (limit: -10.0%). Bucket paused — no new entries until losses recover. Existing positions continue unaffected.,WEAK BULL 📈,
2026-06-17 09:24:41,HINDALCO,—,NO-TRADE,48.0,NEUTRAL ⚪,973.6,Score 48/100 below minimum 50/100. No bucket would accept this.,WEAK BULL 📈,
2026-06-17 09:24:42,PFC,Intraday,NO-TRADE,56.0,BUY 🟢,428.1,❌ **PFC** REJECTED for Intraday | Score: 59/100 | Votes: 1/4 Reasons: Portfolio risk gate: 🛑 Blocked: Intraday bucket drawdown: -16.7% (limit: -10.0%). Bucket paused — no new entries until losses recover. Existing positions continue unaffected.,WEAK BULL 📈,
2026-06-17 09:24:42,HAVELLS,Intraday,NO-TRADE,55.0,BUY 🟢,1189.7,❌ **HAVELLS** REJECTED for Intraday | Score: 59/100 | Votes: 1/4 Reasons: Portfolio risk gate: 🛑 Blocked: Intraday bucket drawdown: -16.7% (limit: -10.0%). Bucket paused — no new entries until losses recover. Existing positions continue unaffected.,WEAK BULL 📈,
2026-06-17 09:24:43,SBICARD,Intraday,NO-TRADE,57.0,BUY 🟢,625.7,❌ **SBICARD** REJECTED for Intraday | Score: 62/100 | Votes: 1/4 Reasons: Portfolio risk gate: 🛑 Blocked: Intraday bucket drawdown: -16.7% (limit: -10.0%). Bucket paused — no new entries until losses recover. Existing positions continue unaffected.,WEAK BULL 📈,
2026-06-17 09:24:44,BPCL,Intraday,NO-TRADE,59.0,BUY 🟢,316.35,❌ **BPCL** REJECTED for Intraday | Score: 69/100 | Votes: 1/4 Reasons: Portfolio risk gate: 🛑 Blocked: Intraday bucket drawdown: -16.7% (limit: -10.0%). Bucket paused — no new entries until losses recover. Existing positions continue unaffected.,WEAK BULL 📈,
2026-07-08 23:30:06,RELIANCE,—,NO-TRADE,39.0,STRONG SELL 🔴🔴,1275.9,Score 39/100 below minimum 50/100. No bucket would accept this.,SIDEWAYS ↔️,
2026-07-08 23:30:08,TCS,—,NO-TRADE,42.0,SELL 🔴,2057.5,Score 42/100 below minimum 50/100. No bucket would accept this.,SIDEWAYS ↔️,
2026-07-08 23:30:10,HDFCBANK,—,NO-TRADE,54.0,BUY 🟢,810.3,"No suitable bucket for HDFCBANK. Score 54/100, 1/4 strategies agree — signal is too weak for any bucket. Wait for a stronger setup.",SIDEWAYS ↔️,
2026-07-08 23:30:12,INFY,—,NO-TRADE,49.0,BUY 🟢,1069.3,Score 49/100 below minimum 50/100. No bucket would accept this.,SIDEWAYS ↔️,
2026-07-08 23:30:16,ICICIBANK,Intraday,NO-TRADE,55.0,BUY 🟢,1380.6,❌ **ICICIBANK** REJECTED for Intraday | Score: 52/100 | Votes: 1/4 Reasons: Portfolio risk gate: 🛑 Blocked: Intraday bucket drawdown: -20.4% (limit: -10.0%). Bucket paused — no new entries until losses recover. Existing positions continue unaffected.,SIDEWAYS ↔️,
2026-07-08 23:30:18,HINDUNILVR,—,NO-TRADE,52.0,SELL 🔴,2135.8,Signal is SELL 🔴 — not a BUY. No action taken.,SIDEWAYS ↔️,
2026-07-08 23:30:20,SBIN,—,NO-TRADE,46.0,SELL 🔴,1016.9,Score 46/100 below minimum 50/100. No bucket would accept this.,SIDEWAYS ↔️,
2026-07-08 23:30:24,BHARTIARTL,Intraday,NO-TRADE,60.0,BUY 🟢,1888.1,❌ **BHARTIARTL** REJECTED for Intraday | Score: 68/100 | Votes: 1/4 Reasons: Portfolio risk gate: 🛑 Blocked: Intraday bucket drawdown: -20.4% (limit: -10.0%). Bucket paused — no new entries until losses recover. Existing positions continue unaffected.,SIDEWAYS ↔️,
2026-07-08 23:30:26,ITC,—,NO-TRADE,43.0,SELL 🔴,280.65,Score 43/100 below minimum 50/100. No bucket would accept this.,SIDEWAYS ↔️,
2026-07-08 23:30:28,KOTAKBANK,—,NO-TRADE,47.0,BUY 🟢,370.1,Score 47/100 below minimum 50/100. No bucket would accept this.,SIDEWAYS ↔️,
2026-07-08 23:30:32,BAJFINANCE,Intraday,NO-TRADE,55.0,BUY 🟢,1010.4,❌ **BAJFINANCE** REJECTED for Intraday | Score: 55/100 | Votes: 1/4 Reasons: Portfolio risk gate: 🛑 Blocked: Intraday bucket drawdown: -20.4% (limit: -10.0%). Bucket paused — no new entries until losses recover. Existing positions continue unaffected.,SIDEWAYS ↔️,
2026-07-08 23:30:34,WIPRO,—,NO-TRADE,45.0,NEUTRAL ⚪,172.72,Score 45/100 below minimum 50/100. No bucket would accept this.,SIDEWAYS ↔️,
2026-07-08 23:30:36,AXISBANK,—,NO-TRADE,51.0,NEUTRAL ⚪,1309.5,Signal is NEUTRAL ⚪ — not a BUY. No action taken.,SIDEWAYS ↔️,
2026-07-08 23:30:38,ASIANPAINT,—,NO-TRADE,45.0,STRONG SELL 🔴🔴,2665.9,Score 45/100 below minimum 50/100. No bucket would accept this.,SIDEWAYS ↔️,
2026-07-08 23:30:42,MARUTI,Intraday,NO-TRADE,61.0,BUY 🟢,13951.0,❌ **MARUTI** REJECTED for Intraday | Score: 66/100 | Votes: 1/4 Reasons: Portfolio risk gate: 🛑 Blocked: Intraday bucket drawdown: -20.4% (limit: -10.0%). Bucket paused — no new entries until losses recover. Existing positions continue unaffected.,SIDEWAYS ↔️,
2026-07-08 23:30:46,TITAN,Intraday,NO-TRADE,64.0,BUY 🟢,4586.4,❌ **TITAN** REJECTED for Intraday | Score: 82/100 | Votes: 1/4 Reasons: Portfolio risk gate: 🛑 Blocked: Intraday bucket drawdown: -20.4% (limit: -10.0%). Bucket paused — no new entries until losses recover. Existing positions continue unaffected.,SIDEWAYS ↔️,
2026-07-08 23:30:48,SUNPHARMA,—,NO-TRADE,55.0,NEUTRAL ⚪,1888.2,Signal is NEUTRAL ⚪ — not a BUY. No action taken.,SIDEWAYS ↔️,
2026-07-08 23:30:50,ULTRACEMCO,—,NO-TRADE,48.0,SELL 🔴,11353.0,Score 48/100 below minimum 50/100. No bucket would accept this.,SIDEWAYS ↔️,
2026-07-08 23:30:54,NESTLEIND,Intraday,NO-TRADE,56.0,BUY 🟢,1450.5,❌ **NESTLEIND** REJECTED for Intraday | Score: 49/100 | Votes: 1/4 Reasons: Portfolio risk gate: 🛑 Blocked: Intraday bucket drawdown: -20.4% (limit: -10.0%). Bucket paused — no new entries until losses recover. Existing positions continue unaffected.,SIDEWAYS ↔️,
2026-07-08 23:30:56,ADANIENT,—,NO-TRADE,54.0,NEUTRAL ⚪,3046.9,Signal is NEUTRAL ⚪ — not a BUY. No action taken.,SIDEWAYS ↔️,
2026-07-08 23:30:58,ADANIPORTS,—,NO-TRADE,39.0,STRONG SELL 🔴🔴,1791.7,Score 39/100 below minimum 50/100. No bucket would accept this.,SIDEWAYS ↔️,
2026-07-08 23:31:01,POWERGRID,—,NO-TRADE,51.0,NEUTRAL ⚪,279.7,Signal is NEUTRAL ⚪ — not a BUY. No action taken.,SIDEWAYS ↔️,
2026-07-08 23:31:02,NTPC,—,NO-TRADE,44.0,SELL 🔴,348.7,Score 44/100 below minimum 50/100. No bucket would accept this.,SIDEWAYS ↔️,
2026-07-08 23:32:07,ONGC,—,NO-TRADE,52.0,BUY 🟢,247.0,"No suitable bucket for ONGC. Score 52/100, 1/4 strategies agree — signal is too weak for any bucket. Wait for a stronger setup.",SIDEWAYS ↔️,
2026-07-08 23:32:09,COALINDIA,—,NO-TRADE,40.0,NEUTRAL ⚪,429.05,Score 40/100 below minimum 50/100. No bucket would accept this.,SIDEWAYS ↔️,
2026-07-08 23:32:13,TMCV,Intraday,NO-TRADE,56.0,BUY 🟢,416.75,❌ **TMCV** REJECTED for Intraday | Score: 56/100 | Votes: 1/4 Reasons: Portfolio risk gate: 🛑 Blocked: Intraday bucket drawdown: -20.4% (limit: -10.0%). Bucket paused — no new entries until losses recover. Existing positions continue unaffected.,SIDEWAYS ↔️,
2026-07-08 23:32:14,TATASTEEL,—,NO-TRADE,44.0,NEUTRAL ⚪,188.2,Score 44/100 below minimum 50/100. No bucket would accept this.,SIDEWAYS ↔️,
2026-07-08 23:32:17,HCLTECH,—,NO-TRADE,51.0,BUY 🟢,1145.6,"No suitable bucket for HCLTECH. Score 51/100, 1/4 strategies agree — signal is too weak for any bucket. Wait for a stronger setup.",SIDEWAYS ↔️,
2026-07-08 23:32:18,JSWSTEEL,—,NO-TRADE,41.0,NEUTRAL ⚪,1219.5,Score 41/100 below minimum 50/100. No bucket would accept this.,SIDEWAYS ↔️,
2026-07-08 23:32:23,BAJAJFINSV,Intraday,NO-TRADE,59.0,BUY 🟢,1854.9,❌ **BAJAJFINSV** REJECTED for Intraday | Score: 68/100 | Votes: 1/4 Reasons: Portfolio risk gate: 🛑 Blocked: Intraday bucket drawdown: -20.4% (limit: -10.0%). Bucket paused — no new entries until losses recover. Existing positions continue unaffected.,SIDEWAYS ↔️,
2026-07-08 23:32:25,LT,—,NO-TRADE,48.0,BUY 🟢,3892.1,Score 48/100 below minimum 50/100. No bucket would accept this.,SIDEWAYS ↔️,
2026-07-08 23:32:29,M&M,Intraday,NO-TRADE,58.0,BUY 🟢,3102.5,❌ **M&M** REJECTED for Intraday | Score: 54/100 | Votes: 1/4 Reasons: Portfolio risk gate: 🛑 Blocked: Intraday bucket drawdown: -20.4% (limit: -10.0%). Bucket paused — no new entries until losses recover. Existing positions continue unaffected.,SIDEWAYS ↔️,
2026-07-08 23:32:31,Jindal Stainless,—,NO-TRADE,45.0,SELL 🔴,695.75,Score 45/100 below minimum 50/100. No bucket would accept this.,SIDEWAYS ↔️,
2026-07-08 23:32:33,Mazagon Dock,—,NO-TRADE,49.0,SELL 🔴,2450.7,Score 49/100 below minimum 50/100. No bucket would accept this.,SIDEWAYS ↔️,
2026-07-08 23:32:35,TMPV,—,NO-TRADE,37.0,NEUTRAL ⚪,332.05,Score 37/100 below minimum 50/100. No bucket would accept this.,SIDEWAYS ↔️,
2026-07-08 23:32:37,JINDAL STEEL,—,NO-TRADE,37.0,NEUTRAL ⚪,1021.5,Score 37/100 below minimum 50/100. No bucket would accept this.,SIDEWAYS ↔️,
2026-07-08 23:32:39,Rail Vikas Nigam,—,NO-TRADE,46.0,BUY 🟢,224.73,Score 46/100 below minimum 50/100. No bucket would accept this.,SIDEWAYS ↔️,
2026-07-08 23:32:40,Cochin Shipyard,—,NO-TRADE,46.0,STRONG SELL 🔴🔴,1404.1,Score 46/100 below minimum 50/100. No bucket would accept this.,SIDEWAYS ↔️,
2026-07-08 23:32:44,Bharat Dynamics,Intraday,NO-TRADE,57.0,BUY 🟢,1337.4,❌ **Bharat Dynamics** REJECTED for Intraday | Score: 58/100 | Votes: 1/4 Reasons: Portfolio risk gate: 🛑 Blocked: Intraday bucket drawdown: -20.4% (limit: -10.0%). Bucket paused — no new entries until losses recover. Existing positions continue unaffected.,SIDEWAYS ↔️,
2026-07-08 23:32:48,TVS Motors,Intraday,NO-TRADE,57.0,BUY 🟢,3639.7,❌ **TVS Motors** REJECTED for Intraday | Score: 55/100 | Votes: 1/4 Reasons: Portfolio risk gate: 🛑 Blocked: Intraday bucket drawdown: -20.4% (limit: -10.0%). Bucket paused — no new entries until losses recover. Existing positions continue unaffected.,SIDEWAYS ↔️,
2026-07-08 23:32:50,IRCTC,—,NO-TRADE,40.0,NEUTRAL ⚪,498.5,Score 40/100 below minimum 50/100. No bucket would accept this.,SIDEWAYS ↔️,
2026-07-08 23:32:52,DMART,—,NO-TRADE,39.0,SELL 🔴,4038.6,Score 39/100 below minimum 50/100. No bucket would accept this.,SIDEWAYS ↔️,
2026-07-08 23:32:54,IDEA,—,NO-TRADE,42.0,SELL 🔴,13.93,Score 42/100 below minimum 50/100. No bucket would accept this.,SIDEWAYS ↔️,
2026-07-08 23:32:56,Garden Reach Shipbuilders,—,NO-TRADE,40.0,STRONG SELL 🔴🔴,2619.6,Score 40/100 below minimum 50/100. No bucket would accept this.,SIDEWAYS ↔️,
2026-07-08 23:32:58,HAL,—,NO-TRADE,53.0,SELL 🔴,4364.7,Signal is SELL 🔴 — not a BUY. No action taken.,SIDEWAYS ↔️,
2026-07-08 23:33:00,BEL,—,NO-TRADE,45.0,STRONG SELL 🔴🔴,407.6,Score 45/100 below minimum 50/100. No bucket would accept this.,SIDEWAYS ↔️,
2026-07-08 23:33:02,IREDA,—,NO-TRADE,35.0,STRONG SELL 🔴🔴,121.17,Score 35/100 below minimum 50/100. No bucket would accept this.,SIDEWAYS ↔️,
2026-07-08 23:33:04,Oil India,—,NO-TRADE,52.0,BUY 🟢,430.35,"No suitable bucket for Oil India. Score 52/100, 1/4 strategies agree — signal is too weak for any bucket. Wait for a stronger setup.",SIDEWAYS ↔️,
2026-07-08 23:33:06,Eternal (formerly Zomato),—,NO-TRADE,59.0,NEUTRAL ⚪,286.7,Signal is NEUTRAL ⚪ — not a BUY. No action taken.,SIDEWAYS ↔️,
2026-07-08 23:33:07,COLPAL,—,NO-TRADE,42.0,SELL 🔴,2020.1,Score 42/100 below minimum 50/100. No bucket would accept this.,SIDEWAYS ↔️,
2026-07-08 23:33:09,SBILIFE,—,NO-TRADE,53.0,BUY 🟢,1789.0,"No suitable bucket for SBILIFE. Score 53/100, 1/4 strategies agree — signal is too weak for any bucket. Wait for a stronger setup.",SIDEWAYS ↔️,
2026-07-08 23:33:11,ICICIPRULI,—,NO-TRADE,41.0,SELL 🔴,480.05,Score 41/100 below minimum 50/100. No bucket would accept this.,SIDEWAYS ↔️,
2026-07-08 23:33:15,DIVISLAB,Intraday,NO-TRADE,59.0,BUY 🟢,6755.0,❌ **DIVISLAB** REJECTED for Intraday | Score: 57/100 | Votes: 1/4 Reasons: Portfolio risk gate: 🛑 Blocked: Intraday bucket drawdown: -20.4% (limit: -10.0%). Bucket paused — no new entries until losses recover. Existing positions continue unaffected.,SIDEWAYS ↔️,
2026-07-08 23:33:17,PIDILITIND,—,NO-TRADE,43.0,SELL 🔴,1570.4,Score 43/100 below minimum 50/100. No bucket would accept this.,SIDEWAYS ↔️,
2026-07-08 23:33:19,CIPLA,—,NO-TRADE,44.0,SELL 🔴,1431.8,Score 44/100 below minimum 50/100. No bucket would accept this.,SIDEWAYS ↔️,
2026-07-08 23:33:21,APOLLOHOSP,—,NO-TRADE,54.0,NEUTRAL ⚪,8753.5,Signal is NEUTRAL ⚪ — not a BUY. No action taken.,SIDEWAYS ↔️,
2026-07-08 23:33:23,BAJAJ-AUTO,—,NO-TRADE,49.0,BUY 🟢,10164.0,Score 49/100 below minimum 50/100. No bucket would accept this.,SIDEWAYS ↔️,
2026-07-08 23:33:25,HEROMOTOCO,—,NO-TRADE,43.0,SELL 🔴,4892.8,Score 43/100 below minimum 50/100. No bucket would accept this.,SIDEWAYS ↔️,
2026-07-08 23:33:27,EICHERMOT,—,NO-TRADE,45.0,SELL 🔴,7418.5,Score 45/100 below minimum 50/100. No bucket would accept this.,SIDEWAYS ↔️,
2026-07-08 23:33:29,TATACONSUM,—,NO-TRADE,46.0,SELL 🔴,1089.8,Score 46/100 below minimum 50/100. No bucket would accept this.,SIDEWAYS ↔️,
2026-07-08 23:33:33,BRITANNIA,Intraday,NO-TRADE,55.0,BUY 🟢,5315.5,❌ **BRITANNIA** REJECTED for Intraday | Score: 57/100 | Votes: 1/4 Reasons: Portfolio risk gate: 🛑 Blocked: Intraday bucket drawdown: -20.4% (limit: -10.0%). Bucket paused — no new entries until losses recover. Existing positions continue unaffected.,SIDEWAYS ↔️,
2026-07-08 23:33:35,DRREDDY,—,NO-TRADE,53.0,NEUTRAL ⚪,1349.0,Signal is NEUTRAL ⚪ — not a BUY. No action taken.,SIDEWAYS ↔️,
2026-07-08 23:33:39,TECHM,Intraday,NO-TRADE,58.0,STRONG BUY 🟢🟢,1428.8,❌ **TECHM** REJECTED for Intraday | Score: 57/100 | Votes: 2/4 Reasons: Portfolio risk gate: 🛑 Blocked: Intraday bucket drawdown: -20.4% (limit: -10.0%). Bucket paused — no new entries until losses recover. Existing positions continue unaffected.,SIDEWAYS ↔️,
2026-07-08 23:33:41,HDFCLIFE,—,NO-TRADE,39.0,NEUTRAL ⚪,555.7,Score 39/100 below minimum 50/100. No bucket would accept this.,SIDEWAYS ↔️,
2026-07-08 23:33:43,PFC,—,NO-TRADE,42.0,NEUTRAL ⚪,403.6,Score 42/100 below minimum 50/100. No bucket would accept this.,SIDEWAYS ↔️,
2026-07-08 23:33:45,RECLTD,—,NO-TRADE,44.0,SELL 🔴,348.75,Score 44/100 below minimum 50/100. No bucket would accept this.,SIDEWAYS ↔️,
2026-07-08 23:33:49,SHRIRAMFIN,Intraday,NO-TRADE,56.0,BUY 🟢,1014.4,❌ **SHRIRAMFIN** REJECTED for Intraday | Score: 58/100 | Votes: 1/4 Reasons: Portfolio risk gate: 🛑 Blocked: Intraday bucket drawdown: -20.4% (limit: -10.0%). Bucket paused — no new entries until losses recover. Existing positions continue unaffected.,SIDEWAYS ↔️,
2026-07-08 23:33:53,CHOLAFIN,Intraday,NO-TRADE,60.0,BUY 🟢,1769.4,❌ **CHOLAFIN** REJECTED for Intraday | Score: 66/100 | Votes: 1/4 Reasons: Portfolio risk gate: 🛑 Blocked: Intraday bucket drawdown: -20.4% (limit: -10.0%). Bucket paused — no new entries until losses recover. Existing positions continue unaffected.,SIDEWAYS ↔️,
2026-07-08 23:33:55,MUTHOOTFIN,—,NO-TRADE,52.0,BUY 🟢,3083.3,"No suitable bucket for MUTHOOTFIN. Score 52/100, 1/4 strategies agree — signal is too weak for any bucket. Wait for a stronger setup.",SIDEWAYS ↔️,
2026-07-08 23:33:57,CANBK,—,NO-TRADE,44.0,BUY 🟢,121.15,Score 44/100 below minimum 50/100. No bucket would accept this.,SIDEWAYS ↔️,
2026-07-08 23:33:59,BANKBARODA,—,NO-TRADE,44.0,BUY 🟢,240.45,Score 44/100 below minimum 50/100. No bucket would accept this.,SIDEWAYS ↔️,
2026-07-08 23:34:01,PNB,—,NO-TRADE,49.0,BUY 🟢,100.95,Score 49/100 below minimum 50/100. No bucket would accept this.,SIDEWAYS ↔️,
2026-07-08 23:34:02,IDFCFIRSTB,—,NO-TRADE,45.0,SELL 🔴,77.82,Score 45/100 below minimum 50/100. No bucket would accept this.,SIDEWAYS ↔️,
2026-07-08 23:34:05,FEDERALBNK,—,NO-TRADE,50.0,BUY 🟢,326.55,"No suitable bucket for FEDERALBNK. Score 50/100, 1/4 strategies agree — signal is too weak for any bucket. Wait for a stronger setup.",SIDEWAYS ↔️,
2026-07-08 23:34:06,BANDHANBNK,—,NO-TRADE,41.0,STRONG SELL 🔴🔴,196.04,Score 41/100 below minimum 50/100. No bucket would accept this.,SIDEWAYS ↔️,
2026-07-08 23:34:11,INDUSINDBK,Intraday,NO-TRADE,64.0,BUY 🟢,994.65,❌ **INDUSINDBK** REJECTED for Intraday | Score: 78/100 | Votes: 1/4 Reasons: Portfolio risk gate: 🛑 Blocked: Intraday bucket drawdown: -20.4% (limit: -10.0%). Bucket paused — no new entries until losses recover. Existing positions continue unaffected.,SIDEWAYS ↔️,
2026-07-08 23:34:13,GRASIM,—,NO-TRADE,44.0,STRONG SELL 🔴🔴,3134.8,Score 44/100 below minimum 50/100. No bucket would accept this.,SIDEWAYS ↔️,
2026-07-08 23:34:14,BERGEPAINT,—,NO-TRADE,35.0,STRONG SELL 🔴🔴,498.1,Score 35/100 below minimum 50/100. No bucket would accept this.,SIDEWAYS ↔️,
2026-07-08 23:34:16,BHEL,—,NO-TRADE,36.0,SELL 🔴,377.8,Score 36/100 below minimum 50/100. No bucket would accept this.,SIDEWAYS ↔️,
2026-07-08 23:34:18,ABB,—,NO-TRADE,42.0,SELL 🔴,6771.5,Score 42/100 below minimum 50/100. No bucket would accept this.,SIDEWAYS ↔️,
2026-07-08 23:34:20,TORNTPOWER,—,NO-TRADE,48.0,NEUTRAL ⚪,1401.0,Score 48/100 below minimum 50/100. No bucket would accept this.,SIDEWAYS ↔️,
2026-07-08 23:34:21,TATAPOWER,—,NO-TRADE,40.0,NEUTRAL ⚪,372.1,Score 40/100 below minimum 50/100. No bucket would accept this.,SIDEWAYS ↔️,
2026-07-08 23:34:26,MPHASIS,Intraday,NO-TRADE,57.0,BUY 🟢,2241.9,❌ **MPHASIS** REJECTED for Intraday | Score: 73/100 | Votes: 1/4 Reasons: Portfolio risk gate: 🛑 Blocked: Intraday bucket drawdown: -20.4% (limit: -10.0%). Bucket paused — no new entries until losses recover. Existing positions continue unaffected.,SIDEWAYS ↔️,
2026-07-08 23:34:27,VBL,—,NO-TRADE,40.0,BUY 🟢,474.55,Score 40/100 below minimum 50/100. No bucket would accept this.,SIDEWAYS ↔️,
2026-07-08 23:34:29,INDIGO,—,NO-TRADE,45.0,STRONG SELL 🔴🔴,5124.0,Score 45/100 below minimum 50/100. No bucket would accept this.,SIDEWAYS ↔️,
2026-07-08 23:34:31,ADANIGREEN,—,NO-TRADE,46.0,SELL 🔴,1504.6,Score 46/100 below minimum 50/100. No bucket would accept this.,SIDEWAYS ↔️,
2026-07-08 23:34:32,NYKAA,—,NO-TRADE,62.0,NEUTRAL ⚪,317.95,Signal is NEUTRAL ⚪ — not a BUY. No action taken.,SIDEWAYS ↔️,
2026-07-08 23:34:34,IRFC,—,NO-TRADE,38.0,NEUTRAL ⚪,87.5,Score 38/100 below minimum 50/100. No bucket would accept this.,SIDEWAYS ↔️,
2026-07-08 23:34:38,HAVELLS,Intraday,NO-TRADE,56.0,BUY 🟢,1207.8,❌ **HAVELLS** REJECTED for Intraday | Score: 64/100 | Votes: 1/4 Reasons: Portfolio risk gate: 🛑 Blocked: Intraday bucket drawdown: -20.4% (limit: -10.0%). Bucket paused — no new entries until losses recover. Existing positions continue unaffected.,SIDEWAYS ↔️,
2026-07-08 23:34:40,TRENT,—,NO-TRADE,48.0,SELL 🔴,2924.0,Score 48/100 below minimum 50/100. No bucket would accept this.,SIDEWAYS ↔️,
2026-07-08 23:34:44,PAGEIND,Intraday,NO-TRADE,60.0,BUY 🟢,41415.0,❌ **PAGEIND** REJECTED for Intraday | Score: 61/100 | Votes: 1/4 Reasons: Portfolio risk gate: 🛑 Blocked: Intraday bucket drawdown: -20.4% (limit: -10.0%). Bucket paused — no new entries until losses recover. Existing positions continue unaffected.,SIDEWAYS ↔️,
2026-07-08 23:34:46,POLYCAB,—,NO-TRADE,39.0,STRONG SELL 🔴🔴,9234.0,Score 39/100 below minimum 50/100. No bucket would accept this.,SIDEWAYS ↔️,
2026-07-08 23:34:48,VOLTAS,—,NO-TRADE,49.0,NEUTRAL ⚪,1253.6,Score 49/100 below minimum 50/100. No bucket would accept this.,SIDEWAYS ↔️,
2026-07-08 23:34:50,UBL,—,NO-TRADE,49.0,SELL 🔴,1325.2,Score 49/100 below minimum 50/100. No bucket would accept this.,SIDEWAYS ↔️,
2026-07-08 23:34:52,BATAINDIA,—,NO-TRADE,41.0,NEUTRAL ⚪,669.0,Score 41/100 below minimum 50/100. No bucket would accept this.,SIDEWAYS ↔️,
2026-07-08 23:34:54,SIEMENS,—,NO-TRADE,43.0,NEUTRAL ⚪,3446.1,Score 43/100 below minimum 50/100. No bucket would accept this.,SIDEWAYS ↔️,
2026-07-08 23:34:56,RailTel,—,NO-TRADE,39.0,NEUTRAL ⚪,298.65,Score 39/100 below minimum 50/100. No bucket would accept this.,SIDEWAYS ↔️,
2026-07-08 23:34:58,Lupin,—,NO-TRADE,56.0,NEUTRAL ⚪,2459.0,Signal is NEUTRAL ⚪ — not a BUY. No action taken.,SIDEWAYS ↔️,
2026-07-08 23:35:00,Torrent Pharma,—,NO-TRADE,59.0,NEUTRAL ⚪,4866.4,Signal is NEUTRAL ⚪ — not a BUY. No action taken.,SIDEWAYS ↔️,
2026-07-08 23:35:02,Gujarat Pipavav Port,—,NO-TRADE,39.0,STRONG SELL 🔴🔴,150.27,Score 39/100 below minimum 50/100. No bucket would accept this.,SIDEWAYS ↔️,
2026-07-08 23:35:04,Amara Raja Energy,—,NO-TRADE,47.0,STRONG SELL 🔴🔴,835.1,Score 47/100 below minimum 50/100. No bucket would accept this.,SIDEWAYS ↔️,
2026-07-08 23:35:06,Bank of India,—,NO-TRADE,51.0,BUY 🟢,135.12,"No suitable bucket for Bank of India. Score 51/100, 1/4 strategies agree — signal is too weak for any bucket. Wait for a stronger setup.",SIDEWAYS ↔️,
2026-07-08 23:35:08,Credo Brands,—,NO-TRADE,40.0,STRONG SELL 🔴🔴,84.25,Score 40/100 below minimum 50/100. No bucket would accept this.,SIDEWAYS ↔️,
2026-07-08 23:35:10,Tata Communications,—,NO-TRADE,40.0,STRONG SELL 🔴🔴,1886.2,Score 40/100 below minimum 50/100. No bucket would accept this.,SIDEWAYS ↔️,
2026-07-08 23:35:12,Container Corp,—,NO-TRADE,42.0,STRONG SELL 🔴🔴,451.4,Score 42/100 below minimum 50/100. No bucket would accept this.,SIDEWAYS ↔️,
2026-07-08 23:35:14,PERSISTENT,—,NO-TRADE,49.0,BUY 🟢,4769.5,Score 49/100 below minimum 50/100. No bucket would accept this.,SIDEWAYS ↔️,
2026-07-08 23:35:16,VEDL,—,NO-TRADE,44.0,NEUTRAL ⚪,272.3,Score 44/100 below minimum 50/100. No bucket would accept this.,SIDEWAYS ↔️,
2026-07-08 23:35:17,GAIL,—,NO-TRADE,51.0,SELL 🔴,169.24,Signal is SELL 🔴 — not a BUY. No action taken.,SIDEWAYS ↔️,
2026-07-08 23:35:19,HINDALCO,—,NO-TRADE,45.0,SELL 🔴,971.65,Score 45/100 below minimum 50/100. No bucket would accept this.,SIDEWAYS ↔️,
2026-07-08 23:35:21,BPCL,—,NO-TRADE,49.0,STRONG SELL 🔴🔴,303.55,Score 49/100 below minimum 50/100. No bucket would accept this.,SIDEWAYS ↔️,
2026-07-08 23:35:23,NMDC,—,NO-TRADE,39.0,NEUTRAL ⚪,83.74,Score 39/100 below minimum 50/100. No bucket would accept this.,SIDEWAYS ↔️,
2026-07-08 23:35:25,IOC,—,NO-TRADE,41.0,STRONG SELL 🔴🔴,137.63,Score 41/100 below minimum 50/100. No bucket would accept this.,SIDEWAYS ↔️,
2026-07-08 23:35:27,SAIL,—,NO-TRADE,38.0,NEUTRAL ⚪,162.02,Score 38/100 below minimum 50/100. No bucket would accept this.,SIDEWAYS ↔️,
2026-07-08 23:35:31,Delhivery,Intraday,NO-TRADE,55.0,BUY 🟢,501.8,❌ **Delhivery** REJECTED for Intraday | Score: 55/100 | Votes: 1/4 Reasons: Portfolio risk gate: 🛑 Blocked: Intraday bucket drawdown: -20.4% (limit: -10.0%). Bucket paused — no new entries until losses recover. Existing positions continue unaffected.,SIDEWAYS ↔️,
2026-07-08 23:35:33,Hindustan Copper,—,NO-TRADE,42.0,SELL 🔴,487.25,Score 42/100 below minimum 50/100. No bucket would accept this.,SIDEWAYS ↔️,
2026-07-08 23:35:35,DEEPAKNTR,—,NO-TRADE,46.0,SELL 🔴,1571.3,Score 46/100 below minimum 50/100. No bucket would accept this.,SIDEWAYS ↔️,
2026-07-08 23:35:39,DALBHARAT,Intraday,NO-TRADE,57.0,BUY 🟢,1718.4,❌ **DALBHARAT** REJECTED for Intraday | Score: 59/100 | Votes: 1/4 Reasons: Portfolio risk gate: 🛑 Blocked: Intraday bucket drawdown: -20.4% (limit: -10.0%). Bucket paused — no new entries until losses recover. Existing positions continue unaffected.,SIDEWAYS ↔️,
2026-07-08 23:35:41,CUMMINSIND,—,NO-TRADE,41.0,SELL 🔴,5498.5,Score 41/100 below minimum 50/100. No bucket would accept this.,SIDEWAYS ↔️,
2026-07-08 23:35:42,CGPOWER,—,NO-TRADE,44.0,STRONG SELL 🔴🔴,908.1,Score 44/100 below minimum 50/100. No bucket would accept this.,SIDEWAYS ↔️,
2026-07-08 23:35:44,BOSCHLTD,—,NO-TRADE,55.0,NEUTRAL ⚪,41610.0,Signal is NEUTRAL ⚪ — not a BUY. No action taken.,SIDEWAYS ↔️,
2026-07-08 23:35:46,BIOCON,—,NO-TRADE,38.0,STRONG SELL 🔴🔴,397.05,Score 38/100 below minimum 50/100. No bucket would accept this.,SIDEWAYS ↔️,
2026-07-08 23:35:48,BAJAJHLDNG,—,NO-TRADE,50.0,SELL 🔴,10336.0,Signal is SELL 🔴 — not a BUY. No action taken.,SIDEWAYS ↔️,
2026-07-08 23:35:50,Carborundum Universal Limited,—,NO-TRADE,42.0,SELL 🔴,1080.5,Score 42/100 below minimum 50/100. No bucket would accept this.,SIDEWAYS ↔️,
2026-07-08 23:35:52,NHPC,—,NO-TRADE,52.0,BUY 🟢,78.81,"No suitable bucket for NHPC. Score 52/100, 1/4 strategies agree — signal is too weak for any bucket. Wait for a stronger setup.",SIDEWAYS ↔️,
2026-07-08 23:35:54,HPCL,—,NO-TRADE,49.0,SELL 🔴,386.85,Score 49/100 below minimum 50/100. No bucket would accept this.,SIDEWAYS ↔️,
2026-07-08 23:35:58,GODREJCP,Intraday,NO-TRADE,59.0,BUY 🟢,1075.2,❌ **GODREJCP** REJECTED for Intraday | Score: 59/100 | Votes: 1/4 Reasons: Portfolio risk gate: 🛑 Blocked: Intraday bucket drawdown: -20.4% (limit: -10.0%). Bucket paused — no new entries until losses recover. Existing positions continue unaffected.,SIDEWAYS ↔️,
2026-07-08 23:36:02,DABUR,Intraday,NO-TRADE,55.0,BUY 🟢,436.55,❌ **DABUR** REJECTED for Intraday | Score: 64/100 | Votes: 1/4 Reasons: Portfolio risk gate: 🛑 Blocked: Intraday bucket drawdown: -20.4% (limit: -10.0%). Bucket paused — no new entries until losses recover. Existing positions continue unaffected.,SIDEWAYS ↔️,
2026-07-08 23:36:06,MARICO,Intraday,NO-TRADE,56.0,BUY 🟢,840.1,❌ **MARICO** REJECTED for Intraday | Score: 54/100 | Votes: 1/4 Reasons: Portfolio risk gate: 🛑 Blocked: Intraday bucket drawdown: -20.4% (limit: -10.0%). Bucket paused — no new entries until losses recover. Existing positions continue unaffected.,SIDEWAYS ↔️,
2026-07-08 23:36:08,AUROPHARMA,—,NO-TRADE,52.0,BUY 🟢,1557.4,"No suitable bucket for AUROPHARMA. Score 52/100, 1/4 strategies agree — signal is too weak for any bucket. Wait for a stronger setup.",SIDEWAYS ↔️,
2026-07-08 23:36:10,TATACHEM,—,NO-TRADE,37.0,SELL 🔴,710.4,Score 37/100 below minimum 50/100. No bucket would accept this.,SIDEWAYS ↔️,
2026-07-08 23:36:12,UPL,—,NO-TRADE,42.0,SELL 🔴,581.7,Score 42/100 below minimum 50/100. No bucket would accept this.,SIDEWAYS ↔️,
2026-07-08 23:36:14,YESBANK,—,NO-TRADE,45.0,NEUTRAL ⚪,23.42,Score 45/100 below minimum 50/100. No bucket would accept this.,SIDEWAYS ↔️,
2026-07-08 23:36:16,ACC,—,NO-TRADE,46.0,SELL 🔴,1335.1,Score 46/100 below minimum 50/100. No bucket would accept this.,SIDEWAYS ↔️,
2026-07-08 23:36:18,AMBUJACEM,—,NO-TRADE,46.0,SELL 🔴,421.1,Score 46/100 below minimum 50/100. No bucket would accept this.,SIDEWAYS ↔️,
2026-07-08 23:36:20,ASHOKLEY,—,NO-TRADE,47.0,SELL 🔴,156.22,Score 47/100 below minimum 50/100. No bucket would accept this.,SIDEWAYS ↔️,
2026-07-08 23:36:21,ASTRAL,—,NO-TRADE,37.0,NEUTRAL ⚪,1336.0,Score 37/100 below minimum 50/100. No bucket would accept this.,SIDEWAYS ↔️,
2026-07-08 23:36:23,TATA ELXSI,—,NO-TRADE,39.0,NEUTRAL ⚪,3623.6,Score 39/100 below minimum 50/100. No bucket would accept this.,SIDEWAYS ↔️,
2026-07-08 23:36:25,ABFRL,—,NO-TRADE,43.0,SELL 🔴,58.31,Score 43/100 below minimum 50/100. No bucket would accept this.,SIDEWAYS ↔️,
2026-07-08 23:36:27,AARTIIND,—,NO-TRADE,53.0,SELL 🔴,465.5,Signal is SELL 🔴 — not a BUY. No action taken.,SIDEWAYS ↔️,
2026-07-08 23:36:29,INDIAMART,—,NO-TRADE,40.0,NEUTRAL ⚪,1902.4,Score 40/100 below minimum 50/100. No bucket would accept this.,SIDEWAYS ↔️,
2026-07-08 23:36:31,AFFLE INDIA,—,NO-TRADE,48.0,BUY 🟢,1457.7,Score 48/100 below minimum 50/100. No bucket would accept this.,SIDEWAYS ↔️,
2026-07-08 23:36:34,DLF,Intraday,NO-TRADE,62.0,BUY 🟢,634.0,❌ **DLF** REJECTED for Intraday | Score: 68/100 | Votes: 1/4 Reasons: Portfolio risk gate: 🛑 Blocked: Intraday bucket drawdown: -20.4% (limit: -10.0%). Bucket paused — no new entries until losses recover. Existing positions continue unaffected.,SIDEWAYS ↔️,
2026-07-08 23:36:36,ESCORTS,—,NO-TRADE,52.0,BUY 🟢,2919.8,"No suitable bucket for ESCORTS. Score 52/100, 1/4 strategies agree — signal is too weak for any bucket. Wait for a stronger setup.",SIDEWAYS ↔️,
2026-07-08 23:36:38,GLENMARK,—,NO-TRADE,48.0,BUY 🟢,2223.7,Score 48/100 below minimum 50/100. No bucket would accept this.,SIDEWAYS ↔️,
2026-07-08 23:36:42,JUBLFOOD,Intraday,NO-TRADE,59.0,BUY 🟢,429.2,❌ **JUBLFOOD** REJECTED for Intraday | Score: 80/100 | Votes: 1/4 Reasons: Portfolio risk gate: 🛑 Blocked: Intraday bucket drawdown: -20.4% (limit: -10.0%). Bucket paused — no new entries until losses recover. Existing positions continue unaffected.,SIDEWAYS ↔️,
2026-07-08 23:36:44,KPITTECH,—,NO-TRADE,37.0,NEUTRAL ⚪,554.6,Score 37/100 below minimum 50/100. No bucket would accept this.,SIDEWAYS ↔️,
2026-07-08 23:36:46,LICHSGFIN,—,NO-TRADE,39.0,STRONG SELL 🔴🔴,530.6,Score 39/100 below minimum 50/100. No bucket would accept this.,SIDEWAYS ↔️,
2026-07-08 23:36:50,LICI,Intraday,NO-TRADE,58.0,BUY 🟢,427.9,❌ **LICI** REJECTED for Intraday | Score: 56/100 | Votes: 1/4 Reasons: Portfolio risk gate: 🛑 Blocked: Intraday bucket drawdown: -20.4% (limit: -10.0%). Bucket paused — no new entries until losses recover. Existing positions continue unaffected.,SIDEWAYS ↔️,
2026-07-08 23:36:52,NAUKRI,—,NO-TRADE,59.0,SELL 🔴,1179.0,Signal is SELL 🔴 — not a BUY. No action taken.,SIDEWAYS ↔️,
2026-07-08 23:36:54,MOTHERSON,—,NO-TRADE,44.0,SELL 🔴,140.65,Score 44/100 below minimum 50/100. No bucket would accept this.,SIDEWAYS ↔️,
2026-07-08 23:36:56,OBEROIRLTY,—,NO-TRADE,56.0,NEUTRAL ⚪,1870.1,Signal is NEUTRAL ⚪ — not a BUY. No action taken.,SIDEWAYS ↔️,
2026-07-08 23:36:58,PETRONET,—,NO-TRADE,45.0,SELL 🔴,271.6,Score 45/100 below minimum 50/100. No bucket would accept this.,SIDEWAYS ↔️,
2026-07-08 23:37:00,SBICARD,—,NO-TRADE,36.0,STRONG SELL 🔴🔴,585.1,Score 36/100 below minimum 50/100. No bucket would accept this.,SIDEWAYS ↔️,
2026-07-08 23:37:02,PIIND,—,NO-TRADE,37.0,NEUTRAL ⚪,2572.3,Score 37/100 below minimum 50/100. No bucket would accept this.,SIDEWAYS ↔️,
2026-07-08 23:37:06,PRESTIGE,Intraday,NO-TRADE,63.0,BUY 🟢,1635.3,❌ **PRESTIGE** REJECTED for Intraday | Score: 71/100 | Votes: 1/4 Reasons: Portfolio risk gate: 🛑 Blocked: Intraday bucket drawdown: -20.4% (limit: -10.0%). Bucket paused — no new entries until losses recover. Existing positions continue unaffected.,SIDEWAYS ↔️,
2026-07-08 23:37:08,RAMCOCEM,—,NO-TRADE,46.0,SELL 🔴,908.6,Score 46/100 below minimum 50/100. No bucket would accept this.,SIDEWAYS ↔️,
2026-07-08 23:37:09,SRF,—,NO-TRADE,51.0,SELL 🔴,2709.5,Signal is SELL 🔴 — not a BUY. No action taken.,SIDEWAYS ↔️,
2026-07-08 23:37:13,SHREECEM,Intraday,NO-TRADE,56.0,BUY 🟢,25910.0,❌ **SHREECEM** REJECTED for Intraday | Score: 49/100 | Votes: 1/4 Reasons: Portfolio risk gate: 🛑 Blocked: Intraday bucket drawdown: -20.4% (limit: -10.0%). Bucket paused — no new entries until losses recover. Existing positions continue unaffected.,SIDEWAYS ↔️,
2026-07-08 23:37:15,SUPREMEIND,—,NO-TRADE,39.0,NEUTRAL ⚪,3179.4,Score 39/100 below minimum 50/100. No bucket would accept this.,SIDEWAYS ↔️,
2026-07-08 23:37:18,SYNGENE,—,NO-TRADE,41.0,NEUTRAL ⚪,411.6,Score 41/100 below minimum 50/100. No bucket would accept this.,SIDEWAYS ↔️,
2026-07-08 23:37:20,IDBI BANK,—,NO-TRADE,46.0,SELL 🔴,80.53,Score 46/100 below minimum 50/100. No bucket would accept this.,SIDEWAYS ↔️,
2026-07-08 23:37:21,UNION BANK,—,NO-TRADE,44.0,BUY 🟢,154.39,Score 44/100 below minimum 50/100. No bucket would accept this.,SIDEWAYS ↔️,
2026-07-08 23:37:23,Gulshan Polyols,—,NO-TRADE,41.0,NEUTRAL ⚪,184.38,Score 41/100 below minimum 50/100. No bucket would accept this.,SIDEWAYS ↔️,
2026-07-08 23:37:27,UNO MINDA,Intraday,NO-TRADE,64.0,BUY 🟢,1131.9,❌ **UNO MINDA** REJECTED for Intraday | Score: 78/100 | Votes: 1/4 Reasons: Portfolio risk gate: 🛑 Blocked: Intraday bucket drawdown: -20.4% (limit: -10.0%). Bucket paused — no new entries until losses recover. Existing positions continue unaffected.,SIDEWAYS ↔️,
2026-07-08 23:37:29,PAYTM,—,NO-TRADE,53.0,NEUTRAL ⚪,1223.4,Signal is NEUTRAL ⚪ — not a BUY. No action taken.,SIDEWAYS ↔️,
2026-07-08 23:37:33,Tribhovandas Bhimji Zaveri,Intraday,NO-TRADE,58.0,BUY 🟢,201.7,❌ **Tribhovandas Bhimji Zaveri** REJECTED for Intraday | Score: 60/100 | Votes: 1/4 Reasons: Portfolio risk gate: 🛑 Blocked: Intraday bucket drawdown: -20.4% (limit: -10.0%). Bucket paused — no new entries until losses recover. Existing positions continue unaffected.,SIDEWAYS ↔️,
2026-07-08 23:37:35,GTL Infrastructure,—,NO-TRADE,45.0,NEUTRAL ⚪,1.31,Score 45/100 below minimum 50/100. No bucket would accept this.,SIDEWAYS ↔️,
2026-07-08 23:37:37,MFSL,—,NO-TRADE,41.0,NEUTRAL ⚪,1559.1,Score 41/100 below minimum 50/100. No bucket would accept this.,SIDEWAYS ↔️,
2026-07-08 23:37:39,WHIRLPOOL,—,NO-TRADE,45.0,SELL 🔴,780.2,Score 45/100 below minimum 50/100. No bucket would accept this.,SIDEWAYS ↔️,
2026-07-08 23:37:41,CROMPTON,—,NO-TRADE,40.0,SELL 🔴,258.9,Score 40/100 below minimum 50/100. No bucket would accept this.,SIDEWAYS ↔️,
2026-07-08 23:37:45,UNITDSPR,Intraday,NO-TRADE,62.0,BUY 🟢,1408.8,❌ **UNITDSPR** REJECTED for Intraday | Score: 71/100 | Votes: 1/4 Reasons: Portfolio risk gate: 🛑 Blocked: Intraday bucket drawdown: -20.4% (limit: -10.0%). Bucket paused — no new entries until losses recover. Existing positions continue unaffected.,SIDEWAYS ↔️,
2026-07-08 23:37:47,SUPRAJIT ENGINEERING,—,NO-TRADE,60.0,NEUTRAL ⚪,492.0,Signal is NEUTRAL ⚪ — not a BUY. No action taken.,SIDEWAYS ↔️,
2026-07-08 23:37:49,CESC,—,NO-TRADE,35.0,STRONG SELL 🔴🔴,163.78,Score 35/100 below minimum 50/100. No bucket would accept this.,SIDEWAYS ↔️,
2026-07-08 23:37:51,SANSERA ENGINEERING,—,NO-TRADE,53.0,BUY 🟢,3096.7,"No suitable bucket for SANSERA ENGINEERING. Score 53/100, 1/4 strategies agree — signal is too weak for any bucket. Wait for a stronger setup.",SIDEWAYS ↔️,
2026-07-08 23:37:53,COFORGE,—,NO-TRADE,47.0,SELL 🔴,1445.9,Score 47/100 below minimum 50/100. No bucket would accept this.,SIDEWAYS ↔️,
2026-07-08 23:37:57,GMR AIRPORTS,Intraday,NO-TRADE,59.0,BUY 🟢,111.01,❌ **GMR AIRPORTS** REJECTED for Intraday | Score: 58/100 | Votes: 1/4 Reasons: Portfolio risk gate: 🛑 Blocked: Intraday bucket drawdown: -20.4% (limit: -10.0%). Bucket paused — no new entries until losses recover. Existing positions continue unaffected.,SIDEWAYS ↔️,
2026-07-08 23:37:59,INTELLECT DESIGN,—,NO-TRADE,50.0,SELL 🔴,749.8,Signal is SELL 🔴 — not a BUY. No action taken.,SIDEWAYS ↔️,
2026-07-08 23:38:01,SONATA SOFTWARE,—,NO-TRADE,50.0,NEUTRAL ⚪,274.55,Signal is NEUTRAL ⚪ — not a BUY. No action taken.,SIDEWAYS ↔️,
2026-07-08 23:38:03,MASTEK,—,NO-TRADE,52.0,BUY 🟢,1606.1,"No suitable bucket for MASTEK. Score 52/100, 1/4 strategies agree — signal is too weak for any bucket. Wait for a stronger setup.",SIDEWAYS ↔️,
2026-07-08 23:38:07,TANLA PLATFORMS,Intraday,NO-TRADE,56.0,BUY 🟢,527.1,❌ **TANLA PLATFORMS** REJECTED for Intraday | Score: 66/100 | Votes: 1/4 Reasons: Portfolio risk gate: 🛑 Blocked: Intraday bucket drawdown: -20.4% (limit: -10.0%). Bucket paused — no new entries until losses recover. Existing positions continue unaffected.,SIDEWAYS ↔️,
2026-07-08 23:38:09,BIRLASOFT,—,NO-TRADE,43.0,NEUTRAL ⚪,272.2,Score 43/100 below minimum 50/100. No bucket would accept this.,SIDEWAYS ↔️,
2026-07-08 23:38:11,NEWGEN SOFTWARE,—,NO-TRADE,45.0,SELL 🔴,465.65,Score 45/100 below minimum 50/100. No bucket would accept this.,SIDEWAYS ↔️,
2026-07-08 23:38:12,HAPPIEST MINDS,—,NO-TRADE,41.0,SELL 🔴,344.35,Score 41/100 below minimum 50/100. No bucket would accept this.,SIDEWAYS ↔️,
2026-07-08 23:38:14,LATENTVIEW,—,NO-TRADE,53.0,BUY 🟢,292.8,"No suitable bucket for LATENTVIEW. Score 53/100, 1/4 strategies agree — signal is too weak for any bucket. Wait for a stronger setup.",SIDEWAYS ↔️,
2026-07-08 23:38:16,JUST DIAL,—,NO-TRADE,52.0,SELL 🔴,540.5,Signal is SELL 🔴 — not a BUY. No action taken.,SIDEWAYS ↔️,
2026-07-08 23:38:18,ROUTE MOBILE,—,NO-TRADE,54.0,SELL 🔴,533.55,Signal is SELL 🔴 — not a BUY. No action taken.,SIDEWAYS ↔️,
2026-07-08 23:38:20,NAZARA TECH,—,NO-TRADE,47.0,SELL 🔴,295.55,Score 47/100 below minimum 50/100. No bucket would accept this.,SIDEWAYS ↔️,
2026-07-08 23:38:22,CARTRADE TECH,—,NO-TRADE,54.0,BUY 🟢,2775.9,"No suitable bucket for CARTRADE TECH. Score 54/100, 1/4 strategies agree — signal is too weak for any bucket. Wait for a stronger setup.",SIDEWAYS ↔️,
2026-07-08 23:38:24,ZENSAR TECHNOLOGIES,—,NO-TRADE,43.0,STRONG SELL 🔴🔴,451.1,Score 43/100 below minimum 50/100. No bucket would accept this.,SIDEWAYS ↔️,
2026-07-08 23:38:29,LE TRAVENUES TECH,Intraday,NO-TRADE,59.0,BUY 🟢,200.42,❌ **LE TRAVENUES TECH** REJECTED for Intraday | Score: 63/100 | Votes: 1/4 Reasons: Portfolio risk gate: 🛑 Blocked: Intraday bucket drawdown: -20.4% (limit: -10.0%). Bucket paused — no new entries until losses recover. Existing positions continue unaffected.,SIDEWAYS ↔️,
2026-07-08 23:38:33,RATEGAIN,Intraday,NO-TRADE,62.0,BUY 🟢,916.85,❌ **RATEGAIN** REJECTED for Intraday | Score: 64/100 | Votes: 1/4 Reasons: Portfolio risk gate: 🛑 Blocked: Intraday bucket drawdown: -20.4% (limit: -10.0%). Bucket paused — no new entries until losses recover. Existing positions continue unaffected.,SIDEWAYS ↔️,
2026-07-08 23:38:35,CYIENT,—,NO-TRADE,39.0,SELL 🔴,834.85,Score 39/100 below minimum 50/100. No bucket would accept this.,SIDEWAYS ↔️,
2026-07-08 23:38:39,KARUR VYSYA BANK,Intraday,NO-TRADE,58.0,BUY 🟢,294.65,❌ **KARUR VYSYA BANK** REJECTED for Intraday | Score: 61/100 | Votes: 1/4 Reasons: Portfolio risk gate: 🛑 Blocked: Intraday bucket drawdown: -20.4% (limit: -10.0%). Bucket paused — no new entries until losses recover. Existing positions continue unaffected.,SIDEWAYS ↔️,
2026-07-08 23:38:41,RBL BANK,—,NO-TRADE,51.0,SELL 🔴,359.8,Signal is SELL 🔴 — not a BUY. No action taken.,SIDEWAYS ↔️,
2026-07-08 23:38:43,DCB BANK,—,NO-TRADE,43.0,STRONG SELL 🔴🔴,180.0,Score 43/100 below minimum 50/100. No bucket would accept this.,SIDEWAYS ↔️,
2026-07-08 23:38:45,CSB BANK,—,NO-TRADE,46.0,SELL 🔴,350.75,Score 46/100 below minimum 50/100. No bucket would accept this.,SIDEWAYS ↔️,
2026-07-08 23:38:47,SOUTH INDIAN BANK,—,NO-TRADE,54.0,BUY 🟢,43.7,"No suitable bucket for SOUTH INDIAN BANK. Score 54/100, 1/4 strategies agree — signal is too weak for any bucket. Wait for a stronger setup.",SIDEWAYS ↔️,
2026-07-08 23:38:49,INDIAN OVERSEAS BANK,—,NO-TRADE,43.0,SELL 🔴,33.47,Score 43/100 below minimum 50/100. No bucket would accept this.,SIDEWAYS ↔️,
2026-07-08 23:38:51,CENTRAL BANK,—,NO-TRADE,33.0,STRONG SELL 🔴🔴,31.25,Score 33/100 below minimum 50/100. No bucket would accept this.,SIDEWAYS ↔️,
2026-07-08 23:38:52,BANK OF MAHARASHTRA,—,NO-TRADE,49.0,NEUTRAL ⚪,80.6,Score 49/100 below minimum 50/100. No bucket would accept this.,SIDEWAYS ↔️,
2026-07-08 23:38:54,MOIL,—,NO-TRADE,39.0,NEUTRAL ⚪,269.0,Score 39/100 below minimum 50/100. No bucket would accept this.,SIDEWAYS ↔️,
2026-07-11 23:07:17,RELIANCE,—,NO-TRADE,42.0,SELL 🔴,1307.8,Score 42/100 below minimum 50/100. No bucket would accept this.,SIDEWAYS ↔️,
2026-07-11 23:07:21,TCS,—,NO-TRADE,46.0,SELL 🔴,2069.0,Score 46/100 below minimum 50/100. No bucket would accept this.,SIDEWAYS ↔️,
2026-07-11 23:09:12,HDFCBANK,Intraday,NO-TRADE,55.0,BUY 🟢,824.95,❌ **HDFCBANK** REJECTED for Intraday | Score: 59/100 | Votes: 1/4 Reasons: Portfolio risk gate: 🛑 Blocked: Intraday bucket drawdown: -20.4% (limit: -10.0%). Bucket paused — no new entries until losses recover. Existing positions continue unaffected.,SIDEWAYS ↔️,
2026-07-11 23:09:15,INFY,—,NO-TRADE,49.0,BUY 🟢,1068.0,Score 49/100 below minimum 50/100. No bucket would accept this.,SIDEWAYS ↔️,
2026-07-11 23:09:18,ICICIBANK,—,NO-TRADE,51.0,BUY 🟢,1401.2,"No suitable bucket for ICICIBANK. Score 51/100, 1/4 strategies agree — signal is too weak for any bucket. Wait for a stronger setup.",SIDEWAYS ↔️,
2026-07-11 23:09:21,HINDUNILVR,—,NO-TRADE,47.0,STRONG SELL 🔴🔴,2150.6,Score 47/100 below minimum 50/100. No bucket would accept this.,SIDEWAYS ↔️,
2026-07-11 23:10:09,SBIN,Intraday,NO-TRADE,55.0,BUY 🟢,1036.0,❌ **SBIN** REJECTED for Intraday | Score: 43/100 | Votes: 1/4 Reasons: Portfolio risk gate: 🛑 Blocked: Intraday bucket drawdown: -20.4% (limit: -10.0%). Bucket paused — no new entries until losses recover. Existing positions continue unaffected.,SIDEWAYS ↔️,
2026-07-11 23:10:57,BHARTIARTL,Intraday,NO-TRADE,62.0,BUY 🟢,1920.4,❌ **BHARTIARTL** REJECTED for Intraday | Score: 72/100 | Votes: 1/4 Reasons: Portfolio risk gate: 🛑 Blocked: Intraday bucket drawdown: -20.4% (limit: -10.0%). Bucket paused — no new entries until losses recover. Existing positions continue unaffected.,SIDEWAYS ↔️,
2026-07-11 23:11:02,ITC,—,NO-TRADE,46.0,BUY 🟢,281.75,Score 46/100 below minimum 50/100. No bucket would accept this.,SIDEWAYS ↔️,
2026-07-11 23:11:05,KOTAKBANK,—,NO-TRADE,46.0,SELL 🔴,377.6,Score 46/100 below minimum 50/100. No bucket would accept this.,SIDEWAYS ↔️,
2026-07-11 23:52:04,RELIANCE,—,NO-TRADE,42.0,SELL 🔴,1307.8,Score 42/100 below minimum 50/100. No bucket would accept this.,SIDEWAYS ↔️,
2026-07-11 23:52:06,TCS,—,NO-TRADE,46.0,SELL 🔴,2069.0,Score 46/100 below minimum 50/100. No bucket would accept this.,SIDEWAYS ↔️,
2026-07-11 23:52:53,HDFCBANK,Intraday,NO-TRADE,55.0,BUY 🟢,824.95,❌ **HDFCBANK** REJECTED for Intraday | Score: 59/100 | Votes: 1/4 Reasons: Portfolio risk gate: 🛑 Blocked: Intraday bucket drawdown: -20.4% (limit: -10.0%). Bucket paused — no new entries until losses recover. Existing positions continue unaffected.,SIDEWAYS ↔️,
2026-07-11 23:52:54,INFY,—,NO-TRADE,49.0,BUY 🟢,1068.0,Score 49/100 below minimum 50/100. No bucket would accept this.,SIDEWAYS ↔️,
2026-07-11 23:52:56,ICICIBANK,—,NO-TRADE,51.0,BUY 🟢,1401.2,"No suitable bucket for ICICIBANK. Score 51/100, 1/4 strategies agree — signal is too weak for any bucket. Wait for a stronger setup.",SIDEWAYS ↔️,
2026-07-11 23:52:58,HINDUNILVR,—,NO-TRADE,47.0,STRONG SELL 🔴🔴,2150.6,Score 47/100 below minimum 50/100. No bucket would accept this.,SIDEWAYS ↔️,
2026-07-11 23:53:44,SBIN,Intraday,NO-TRADE,55.0,BUY 🟢,1036.0,❌ **SBIN** REJECTED for Intraday | Score: 43/100 | Votes: 1/4 Reasons: Portfolio risk gate: 🛑 Blocked: Intraday bucket drawdown: -20.4% (limit: -10.0%). Bucket paused — no new entries until losses recover. Existing positions continue unaffected.,SIDEWAYS ↔️,
2026-07-11 23:54:30,BHARTIARTL,Intraday,NO-TRADE,62.0,BUY 🟢,1920.4,❌ **BHARTIARTL** REJECTED for Intraday | Score: 72/100 | Votes: 1/4 Reasons: Portfolio risk gate: 🛑 Blocked: Intraday bucket drawdown: -20.4% (limit: -10.0%). Bucket paused — no new entries until losses recover. Existing positions continue unaffected.,SIDEWAYS ↔️,
2026-07-11 23:54:31,ITC,—,NO-TRADE,46.0,BUY 🟢,281.75,Score 46/100 below minimum 50/100. No bucket would accept this.,SIDEWAYS ↔️,
2026-07-11 23:54:33,KOTAKBANK,—,NO-TRADE,46.0,SELL 🔴,377.6,Score 46/100 below minimum 50/100. No bucket would accept this.,SIDEWAYS ↔️,
2026-07-12 00:08:24,RELIANCE,—,NO-TRADE,42.0,SELL 🔴,1307.8,Score 42/100 below minimum 50/100. No bucket would accept this.,SIDEWAYS ↔️,
2026-07-12 00:08:26,TCS,—,NO-TRADE,46.0,SELL 🔴,2069.0,Score 46/100 below minimum 50/100. No bucket would accept this.,SIDEWAYS ↔️,
2026-07-12 00:09:14,HDFCBANK,Intraday,NO-TRADE,55.0,BUY 🟢,824.95,❌ **HDFCBANK** REJECTED for Intraday | Score: 59/100 | Votes: 1/4 Reasons: Portfolio risk gate: 🛑 Blocked: Intraday bucket drawdown: -20.4% (limit: -10.0%). Bucket paused — no new entries until losses recover. Existing positions continue unaffected.,SIDEWAYS ↔️,
2026-07-12 00:09:15,INFY,—,NO-TRADE,49.0,BUY 🟢,1068.0,Score 49/100 below minimum 50/100. No bucket would accept this.,SIDEWAYS ↔️,
2026-07-12 00:09:17,ICICIBANK,—,NO-TRADE,51.0,BUY 🟢,1401.2,"No suitable bucket for ICICIBANK. Score 51/100, 1/4 strategies agree — signal is too weak for any bucket. Wait for a stronger setup.",SIDEWAYS ↔️,
2026-07-12 00:09:19,HINDUNILVR,—,NO-TRADE,47.0,STRONG SELL 🔴🔴,2150.6,Score 47/100 below minimum 50/100. No bucket would accept this.,SIDEWAYS ↔️,
2026-07-12 00:10:06,SBIN,Intraday,NO-TRADE,55.0,BUY 🟢,1036.0,❌ **SBIN** REJECTED for Intraday | Score: 43/100 | Votes: 1/4 Reasons: Portfolio risk gate: 🛑 Blocked: Intraday bucket drawdown: -20.4% (limit: -10.0%). Bucket paused — no new entries until losses recover. Existing positions continue unaffected.,SIDEWAYS ↔️,
2026-07-12 00:10:52,BHARTIARTL,Intraday,NO-TRADE,62.0,BUY 🟢,1920.4,❌ **BHARTIARTL** REJECTED for Intraday | Score: 72/100 | Votes: 1/4 Reasons: Portfolio risk gate: 🛑 Blocked: Intraday bucket drawdown: -20.4% (limit: -10.0%). Bucket paused — no new entries until losses recover. Existing positions continue unaffected.,SIDEWAYS ↔️,
2026-07-12 00:10:55,ITC,—,NO-TRADE,46.0,BUY 🟢,281.75,Score 46/100 below minimum 50/100. No bucket would accept this.,SIDEWAYS ↔️,
2026-07-12 00:10:56,KOTAKBANK,—,NO-TRADE,46.0,SELL 🔴,377.6,Score 46/100 below minimum 50/100. No bucket would accept this.,SIDEWAYS ↔️,
2026-07-12 00:50:51,RELIANCE,—,NO-TRADE,42.0,SELL 🔴,1307.8,Score 42/100 below minimum 50/100. No bucket would accept this.,SIDEWAYS ↔️,
2026-07-12 00:50:52,TCS,—,NO-TRADE,46.0,SELL 🔴,2069.0,Score 46/100 below minimum 50/100. No bucket would accept this.,SIDEWAYS ↔️,
2026-07-12 00:51:39,HDFCBANK,Intraday,NO-TRADE,55.0,BUY 🟢,824.95,❌ **HDFCBANK** REJECTED for Intraday | Score: 59/100 | Votes: 1/4 Reasons: Portfolio risk gate: 🛑 Blocked: Intraday bucket drawdown: -20.4% (limit: -10.0%). Bucket paused — no new entries until losses recover. Existing positions continue unaffected.,SIDEWAYS ↔️,
2026-07-12 00:51:41,INFY,—,NO-TRADE,49.0,BUY 🟢,1068.0,Score 49/100 below minimum 50/100. No bucket would accept this.,SIDEWAYS ↔️,
2026-07-12 00:51:42,ICICIBANK,—,NO-TRADE,51.0,BUY 🟢,1401.2,"No suitable bucket for ICICIBANK. Score 51/100, 1/4 strategies agree — signal is too weak for any bucket. Wait for a stronger setup.",SIDEWAYS ↔️,
2026-07-12 00:51:43,HINDUNILVR,—,NO-TRADE,47.0,STRONG SELL 🔴🔴,2150.6,Score 47/100 below minimum 50/100. No bucket would accept this.,SIDEWAYS ↔️,
2026-07-12 00:52:30,SBIN,Intraday,NO-TRADE,55.0,BUY 🟢,1036.0,❌ **SBIN** REJECTED for Intraday | Score: 43/100 | Votes: 1/4 Reasons: Portfolio risk gate: 🛑 Blocked: Intraday bucket drawdown: -20.4% (limit: -10.0%). Bucket paused — no new entries until losses recover. Existing positions continue unaffected.,SIDEWAYS ↔️,
2026-07-12 00:53:17,BHARTIARTL,Intraday,NO-TRADE,62.0,BUY 🟢,1920.4,❌ **BHARTIARTL** REJECTED for Intraday | Score: 72/100 | Votes: 1/4 Reasons: Portfolio risk gate: 🛑 Blocked: Intraday bucket drawdown: -20.4% (limit: -10.0%). Bucket paused — no new entries until losses recover. Existing positions continue unaffected.,SIDEWAYS ↔️,
2026-07-12 00:53:18,ITC,—,NO-TRADE,46.0,BUY 🟢,281.75,Score 46/100 below minimum 50/100. No bucket would accept this.,SIDEWAYS ↔️,
2026-07-12 00:53:19,KOTAKBANK,—,NO-TRADE,46.0,SELL 🔴,377.6,Score 46/100 below minimum 50/100. No bucket would accept this.,SIDEWAYS ↔️,
2026-07-13 00:07:27,RELIANCE,—,NO-TRADE,42.0,SELL 🔴,1307.8,Score 42/100 below minimum 50/100. No bucket would accept this.,SIDEWAYS ↔️,
2026-07-13 00:07:29,TCS,—,NO-TRADE,46.0,SELL 🔴,2069.0,Score 46/100 below minimum 50/100. No bucket would accept this.,SIDEWAYS ↔️,
2026-07-13 00:07:32,HDFCBANK,Intraday,NO-TRADE,55.0,BUY 🟢,824.95,❌ **HDFCBANK** REJECTED for Intraday | Score: 59/100 | Votes: 1/4 Reasons: Portfolio risk gate: 🛑 Blocked: Intraday bucket drawdown: -20.4% (limit: -10.0%). Bucket paused — no new entries until losses recover. Existing positions continue unaffected.,SIDEWAYS ↔️,
2026-07-13 00:07:33,INFY,—,NO-TRADE,49.0,BUY 🟢,1068.0,Score 49/100 below minimum 50/100. No bucket would accept this.,SIDEWAYS ↔️,
2026-07-13 00:07:34,ICICIBANK,—,NO-TRADE,51.0,BUY 🟢,1401.2,"No suitable bucket for ICICIBANK. Score 51/100, 1/4 strategies agree — signal is too weak for any bucket. Wait for a stronger setup.",SIDEWAYS ↔️,
2026-07-13 00:07:35,HINDUNILVR,—,NO-TRADE,47.0,STRONG SELL 🔴🔴,2150.6,Score 47/100 below minimum 50/100. No bucket would accept this.,SIDEWAYS ↔️,
2026-07-13 00:07:39,SBIN,Intraday,NO-TRADE,55.0,BUY 🟢,1036.0,❌ **SBIN** REJECTED for Intraday | Score: 43/100 | Votes: 1/4 Reasons: Portfolio risk gate: 🛑 Blocked: Intraday bucket drawdown: -20.4% (limit: -10.0%). Bucket paused — no new entries until losses recover. Existing positions continue unaffected.,SIDEWAYS ↔️,
2026-07-13 00:07:42,BHARTIARTL,Intraday,NO-TRADE,62.0,BUY 🟢,1920.4,❌ **BHARTIARTL** REJECTED for Intraday | Score: 72/100 | Votes: 1/4 Reasons: Portfolio risk gate: 🛑 Blocked: Intraday bucket drawdown: -20.4% (limit: -10.0%). Bucket paused — no new entries until losses recover. Existing positions continue unaffected.,SIDEWAYS ↔️,
2026-07-13 00:07:43,ITC,—,NO-TRADE,46.0,BUY 🟢,281.75,Score 46/100 below minimum 50/100. No bucket would accept this.,SIDEWAYS ↔️,
2026-07-13 00:07:44,KOTAKBANK,—,NO-TRADE,46.0,SELL 🔴,377.6,Score 46/100 below minimum 50/100. No bucket would accept this.,SIDEWAYS ↔️,
2026-07-13 00:07:49,BAJFINANCE,Intraday,NO-TRADE,57.0,BUY 🟢,1020.5,❌ **BAJFINANCE** REJECTED for Intraday | Score: 59/100 | Votes: 1/4 Reasons: Portfolio risk gate: 🛑 Blocked: Intraday bucket drawdown: -20.4% (limit: -10.0%). Bucket paused — no new entries until losses recover. Existing positions continue unaffected.,SIDEWAYS ↔️,
2026-07-13 00:07:51,WIPRO,—,NO-TRADE,44.0,SELL 🔴,175.46,Score 44/100 below minimum 50/100. No bucket would accept this.,SIDEWAYS ↔️,
2026-07-13 00:07:53,AXISBANK,—,NO-TRADE,45.0,SELL 🔴,1323.7,Score 45/100 below minimum 50/100. No bucket would accept this.,SIDEWAYS ↔️,
2026-07-13 00:07:55,ASIANPAINT,—,NO-TRADE,46.0,SELL 🔴,2677.8,Score 46/100 below minimum 50/100. No bucket would accept this.,SIDEWAYS ↔️,
2026-07-13 00:07:57,MARUTI,—,NO-TRADE,52.0,NEUTRAL ⚪,13854.0,Signal is NEUTRAL ⚪ — not a BUY. No action taken.,SIDEWAYS ↔️,
2026-07-13 00:08:03,TITAN,Intraday,NO-TRADE,58.0,BUY 🟢,4584.4,❌ **TITAN** REJECTED for Intraday | Score: 55/100 | Votes: 1/4 Reasons: Portfolio risk gate: 🛑 Blocked: Intraday bucket drawdown: -20.4% (limit: -10.0%). Bucket paused — no new entries until losses recover. Existing positions continue unaffected.,SIDEWAYS ↔️,
2026-07-13 00:08:04,SUNPHARMA,—,NO-TRADE,53.0,NEUTRAL ⚪,1935.5,Signal is NEUTRAL ⚪ — not a BUY. No action taken.,SIDEWAYS ↔️,
2026-07-13 00:08:09,ULTRACEMCO,Intraday,NO-TRADE,58.0,BUY 🟢,11711.0,❌ **ULTRACEMCO** REJECTED for Intraday | Score: 57/100 | Votes: 1/4 Reasons: Portfolio risk gate: 🛑 Blocked: Intraday bucket drawdown: -20.4% (limit: -10.0%). Bucket paused — no new entries until losses recover. Existing positions continue unaffected.,SIDEWAYS ↔️,
2026-07-13 00:08:13,NESTLEIND,Intraday,NO-TRADE,56.0,BUY 🟢,1455.2,❌ **NESTLEIND** REJECTED for Intraday | Score: 49/100 | Votes: 1/4 Reasons: Portfolio risk gate: 🛑 Blocked: Intraday bucket drawdown: -20.4% (limit: -10.0%). Bucket paused — no new entries until losses recover. Existing positions continue unaffected.,SIDEWAYS ↔️,
2026-07-13 00:08:18,ADANIENT,Intraday,NO-TRADE,60.0,BUY 🟢,3157.3,❌ **ADANIENT** REJECTED for Intraday | Score: 55/100 | Votes: 1/4 Reasons: Portfolio risk gate: 🛑 Blocked: Intraday bucket drawdown: -20.4% (limit: -10.0%). Bucket paused — no new entries until losses recover. Existing positions continue unaffected.,SIDEWAYS ↔️,
2026-07-13 00:08:20,ADANIPORTS,—,NO-TRADE,52.0,BUY 🟢,1828.1,"No suitable bucket for ADANIPORTS. Score 52/100, 1/4 strategies agree — signal is too weak for any bucket. Wait for a stronger setup.",SIDEWAYS ↔️,
2026-07-13 00:08:22,POWERGRID,—,NO-TRADE,43.0,SELL 🔴,283.1,Score 43/100 below minimum 50/100. No bucket would accept this.,SIDEWAYS ↔️,
2026-07-13 00:08:24,NTPC,—,NO-TRADE,39.0,SELL 🔴,344.55,Score 39/100 below minimum 50/100. No bucket would accept this.,SIDEWAYS ↔️,
2026-07-13 00:08:27,ONGC,—,NO-TRADE,50.0,BUY 🟢,244.96,"No suitable bucket for ONGC. Score 50/100, 1/4 strategies agree — signal is too weak for any bucket. Wait for a stronger setup.",SIDEWAYS ↔️,
2026-07-13 00:08:28,COALINDIA,—,NO-TRADE,40.0,NEUTRAL ⚪,429.3,Score 40/100 below minimum 50/100. No bucket would accept this.,SIDEWAYS ↔️,
2026-07-13 00:08:31,TMCV,—,NO-TRADE,52.0,BUY 🟢,422.5,"No suitable bucket for TMCV. Score 52/100, 1/4 strategies agree — signal is too weak for any bucket. Wait for a stronger setup.",SIDEWAYS ↔️,
2026-07-13 00:08:33,TATASTEEL,—,NO-TRADE,42.0,SELL 🔴,191.19,Score 42/100 below minimum 50/100. No bucket would accept this.,SIDEWAYS ↔️,
2026-07-13 00:08:37,HCLTECH,Intraday,NO-TRADE,58.0,BUY 🟢,1164.1,❌ **HCLTECH** REJECTED for Intraday | Score: 71/100 | Votes: 1/4 Reasons: Portfolio risk gate: 🛑 Blocked: Intraday bucket drawdown: -20.4% (limit: -10.0%). Bucket paused — no new entries until losses recover. Existing positions continue unaffected.,SIDEWAYS ↔️,
2026-07-13 00:08:42,JSWSTEEL,Intraday,NO-TRADE,57.0,STRONG BUY 🟢🟢,1245.4,❌ **JSWSTEEL** REJECTED for Intraday | Score: 63/100 | Votes: 2/4 Reasons: Portfolio risk gate: 🛑 Blocked: Intraday bucket drawdown: -20.4% (limit: -10.0%). Bucket paused — no new entries until losses recover. Existing positions continue unaffected.,SIDEWAYS ↔️,
2026-07-13 00:08:44,BAJAJFINSV,—,NO-TRADE,55.0,NEUTRAL ⚪,1916.0,Signal is NEUTRAL ⚪ — not a BUY. No action taken.,SIDEWAYS ↔️,
2026-07-13 00:08:46,LT,—,NO-TRADE,44.0,NEUTRAL ⚪,3945.8,Score 44/100 below minimum 50/100. No bucket would accept this.,SIDEWAYS ↔️,
2026-07-13 00:08:50,M&M,Intraday,NO-TRADE,56.0,BUY 🟢,3129.4,❌ **M&M** REJECTED for Intraday | Score: 47/100 | Votes: 1/4 Reasons: Portfolio risk gate: 🛑 Blocked: Intraday bucket drawdown: -20.4% (limit: -10.0%). Bucket paused — no new entries until losses recover. Existing positions continue unaffected.,SIDEWAYS ↔️,
2026-07-13 00:08:55,Jindal Stainless,Intraday,NO-TRADE,58.0,STRONG BUY 🟢🟢,716.4,❌ **Jindal Stainless** REJECTED for Intraday | Score: 66/100 | Votes: 2/4 Reasons: Portfolio risk gate: 🛑 Blocked: Intraday bucket drawdown: -20.4% (limit: -10.0%). Bucket paused — no new entries until losses recover. Existing positions continue unaffected.,SIDEWAYS ↔️,
2026-07-13 00:08:57,Mazagon Dock,—,NO-TRADE,42.0,SELL 🔴,2420.1,Score 42/100 below minimum 50/100. No bucket would accept this.,SIDEWAYS ↔️,
2026-07-13 00:08:59,TMPV,—,NO-TRADE,42.0,SELL 🔴,337.95,Score 42/100 below minimum 50/100. No bucket would accept this.,SIDEWAYS ↔️,
2026-07-13 00:09:01,JINDAL STEEL,—,NO-TRADE,47.0,NEUTRAL ⚪,1051.3,Score 47/100 below minimum 50/100. No bucket would accept this.,SIDEWAYS ↔️,
2026-07-13 00:09:03,Rail Vikas Nigam,—,NO-TRADE,49.0,NEUTRAL ⚪,232.67,Score 49/100 below minimum 50/100. No bucket would accept this.,SIDEWAYS ↔️,
2026-07-13 00:09:06,Cochin Shipyard,—,NO-TRADE,36.0,SELL 🔴,1418.0,Score 36/100 below minimum 50/100. No bucket would accept this.,SIDEWAYS ↔️,
2026-07-13 00:09:07,Bharat Dynamics,—,NO-TRADE,48.0,SELL 🔴,1344.5,Score 48/100 below minimum 50/100. No bucket would accept this.,SIDEWAYS ↔️,
2026-07-13 00:09:11,TVS Motors,Intraday,NO-TRADE,55.0,BUY 🟢,3623.1,❌ **TVS Motors** REJECTED for Intraday | Score: 45/100 | Votes: 1/4 Reasons: Portfolio risk gate: 🛑 Blocked: Intraday bucket drawdown: -20.4% (limit: -10.0%). Bucket paused — no new entries until losses recover. Existing positions continue unaffected.,SIDEWAYS ↔️,
2026-07-13 00:09:13,IRCTC,—,NO-TRADE,39.0,SELL 🔴,503.25,Score 39/100 below minimum 50/100. No bucket would accept this.,SIDEWAYS ↔️,
2026-07-13 00:09:16,DMART,—,NO-TRADE,44.0,SELL 🔴,4081.1,Score 44/100 below minimum 50/100. No bucket would accept this.,SIDEWAYS ↔️,
2026-07-13 00:09:18,IDEA,—,NO-TRADE,44.0,SELL 🔴,14.19,Score 44/100 below minimum 50/100. No bucket would accept this.,SIDEWAYS ↔️,
2026-07-13 00:09:20,Garden Reach Shipbuilders,—,NO-TRADE,42.0,SELL 🔴,2662.0,Score 42/100 below minimum 50/100. No bucket would accept this.,SIDEWAYS ↔️,
2026-07-13 00:09:24,HAL,Swing,NO-TRADE,67.0,STRONG BUY 🟢🟢,4506.8,❌ **HAL** REJECTED for Swing | Score: 72/100 | Votes: 2/4 Reasons: Portfolio risk gate: 🛑 Blocked: Swing bucket drawdown: -16.9% (limit: -10.0%). Bucket paused — no new entries until losses recover. Existing positions continue unaffected.,SIDEWAYS ↔️,
2026-07-13 00:09:26,BEL,—,NO-TRADE,43.0,SELL 🔴,414.85,Score 43/100 below minimum 50/100. No bucket would accept this.,SIDEWAYS ↔️,
2026-07-13 00:09:29,IREDA,—,NO-TRADE,47.0,SELL 🔴,126.4,Score 47/100 below minimum 50/100. No bucket would accept this.,SIDEWAYS ↔️,
2026-07-13 00:09:31,Oil India,—,NO-TRADE,50.0,BUY 🟢,424.95,"No suitable bucket for Oil India. Score 50/100, 1/4 strategies agree — signal is too weak for any bucket. Wait for a stronger setup.",SIDEWAYS ↔️,
2026-07-13 00:09:33,Eternal (formerly Zomato),—,NO-TRADE,56.0,NEUTRAL ⚪,289.65,Signal is NEUTRAL ⚪ — not a BUY. No action taken.,SIDEWAYS ↔️,
2026-07-13 00:09:36,COLPAL,—,NO-TRADE,48.0,BUY 🟢,2052.4,Score 48/100 below minimum 50/100. No bucket would accept this.,SIDEWAYS ↔️,
2026-07-13 00:09:40,SBILIFE,Intraday,NO-TRADE,57.0,BUY 🟢,1862.9,❌ **SBILIFE** REJECTED for Intraday | Score: 64/100 | Votes: 1/4 Reasons: Portfolio risk gate: 🛑 Blocked: Intraday bucket drawdown: -20.4% (limit: -10.0%). Bucket paused — no new entries until losses recover. Existing positions continue unaffected.,SIDEWAYS ↔️,
2026-07-13 00:09:44,ICICIPRULI,Intraday,NO-TRADE,61.0,BUY 🟢,510.35,❌ **ICICIPRULI** REJECTED for Intraday | Score: 73/100 | Votes: 1/4 Reasons: Portfolio risk gate: 🛑 Blocked: Intraday bucket drawdown: -20.4% (limit: -10.0%). Bucket paused — no new entries until losses recover. Existing positions continue unaffected.,SIDEWAYS ↔️,
2026-07-13 00:09:48,DIVISLAB,Intraday,NO-TRADE,56.0,BUY 🟢,6836.0,❌ **DIVISLAB** REJECTED for Intraday | Score: 54/100 | Votes: 1/4 Reasons: Portfolio risk gate: 🛑 Blocked: Intraday bucket drawdown: -20.4% (limit: -10.0%). Bucket paused — no new entries until losses recover. Existing positions continue unaffected.,SIDEWAYS ↔️,
2026-07-13 00:09:50,PIDILITIND,—,NO-TRADE,53.0,BUY 🟢,1598.5,"No suitable bucket for PIDILITIND. Score 53/100, 1/4 strategies agree — signal is too weak for any bucket. Wait for a stronger setup.",SIDEWAYS ↔️,
2026-07-13 00:09:52,CIPLA,—,NO-TRADE,51.0,BUY 🟢,1439.4,"No suitable bucket for CIPLA. Score 51/100, 1/4 strategies agree — signal is too weak for any bucket. Wait for a stronger setup.",SIDEWAYS ↔️,
2026-07-13 00:09:54,APOLLOHOSP,—,NO-TRADE,55.0,NEUTRAL ⚪,8841.0,Signal is NEUTRAL ⚪ — not a BUY. No action taken.,SIDEWAYS ↔️,
2026-07-13 00:09:59,BAJAJ-AUTO,Intraday,NO-TRADE,55.0,BUY 🟢,10156.0,❌ **BAJAJ-AUTO** REJECTED for Intraday | Score: 61/100 | Votes: 1/4 Reasons: Portfolio risk gate: 🛑 Blocked: Intraday bucket drawdown: -20.4% (limit: -10.0%). Bucket paused — no new entries until losses recover. Existing positions continue unaffected.,SIDEWAYS ↔️,
2026-07-13 00:10:01,HEROMOTOCO,—,NO-TRADE,53.0,BUY 🟢,4949.1,"No suitable bucket for HEROMOTOCO. Score 53/100, 1/4 strategies agree — signal is too weak for any bucket. Wait for a stronger setup.",SIDEWAYS ↔️,
2026-07-13 00:10:03,EICHERMOT,—,NO-TRADE,45.0,SELL 🔴,7365.5,Score 45/100 below minimum 50/100. No bucket would accept this.,SIDEWAYS ↔️,
2026-07-13 00:10:06,TATACONSUM,—,NO-TRADE,51.0,BUY 🟢,1111.9,"No suitable bucket for TATACONSUM. Score 51/100, 1/4 strategies agree — signal is too weak for any bucket. Wait for a stronger setup.",SIDEWAYS ↔️,
2026-07-13 00:10:09,BRITANNIA,—,NO-TRADE,54.0,BUY 🟢,5353.0,"No suitable bucket for BRITANNIA. Score 54/100, 1/4 strategies agree — signal is too weak for any bucket. Wait for a stronger setup.",SIDEWAYS ↔️,
2026-07-13 00:10:10,DRREDDY,—,NO-TRADE,46.0,STRONG SELL 🔴🔴,1244.3,Score 46/100 below minimum 50/100. No bucket would accept this.,SIDEWAYS ↔️,
2026-07-13 00:10:15,TECHM,Intraday,NO-TRADE,57.0,BUY 🟢,1454.8,❌ **TECHM** REJECTED for Intraday | Score: 60/100 | Votes: 1/4 Reasons: Portfolio risk gate: 🛑 Blocked: Intraday bucket drawdown: -20.4% (limit: -10.0%). Bucket paused — no new entries until losses recover. Existing positions continue unaffected.,SIDEWAYS ↔️,
2026-07-13 00:10:17,HDFCLIFE,—,NO-TRADE,42.0,SELL 🔴,567.7,Score 42/100 below minimum 50/100. No bucket would accept this.,SIDEWAYS ↔️,
2026-07-13 00:10:19,PFC,—,NO-TRADE,43.0,NEUTRAL ⚪,406.5,Score 43/100 below minimum 50/100. No bucket would accept this.,SIDEWAYS ↔️,
2026-07-13 00:10:21,RECLTD,—,NO-TRADE,50.0,NEUTRAL ⚪,351.95,Signal is NEUTRAL ⚪ — not a BUY. No action taken.,SIDEWAYS ↔️,
2026-07-13 00:10:23,SHRIRAMFIN,—,NO-TRADE,50.0,NEUTRAL ⚪,1044.1,Signal is NEUTRAL ⚪ — not a BUY. No action taken.,SIDEWAYS ↔️,
2026-07-13 00:10:25,CHOLAFIN,—,NO-TRADE,53.0,BUY 🟢,1807.8,"No suitable bucket for CHOLAFIN. Score 53/100, 1/4 strategies agree — signal is too weak for any bucket. Wait for a stronger setup.",SIDEWAYS ↔️,
2026-07-13 00:10:27,MUTHOOTFIN,—,NO-TRADE,49.0,BUY 🟢,3129.4,Score 49/100 below minimum 50/100. No bucket would accept this.,SIDEWAYS ↔️,
2026-07-13 00:10:29,CANBK,—,NO-TRADE,47.0,SELL 🔴,128.78,Score 47/100 below minimum 50/100. No bucket would accept this.,SIDEWAYS ↔️,
2026-07-13 00:10:31,BANKBARODA,—,NO-TRADE,44.0,NEUTRAL ⚪,250.95,Score 44/100 below minimum 50/100. No bucket would accept this.,SIDEWAYS ↔️,
2026-07-13 00:10:34,PNB,—,NO-TRADE,49.0,SELL 🔴,105.41,Score 49/100 below minimum 50/100. No bucket would accept this.,SIDEWAYS ↔️,
2026-07-13 00:10:36,IDFCFIRSTB,—,NO-TRADE,54.0,BUY 🟢,80.83,"No suitable bucket for IDFCFIRSTB. Score 54/100, 1/4 strategies agree — signal is too weak for any bucket. Wait for a stronger setup.",SIDEWAYS ↔️,
2026-07-13 00:10:40,FEDERALBNK,Intraday,NO-TRADE,58.0,BUY 🟢,329.85,❌ **FEDERALBNK** REJECTED for Intraday | Score: 52/100 | Votes: 1/4 Reasons: Portfolio risk gate: 🛑 Blocked: Intraday bucket drawdown: -20.4% (limit: -10.0%). Bucket paused — no new entries until losses recover. Existing positions continue unaffected.,SIDEWAYS ↔️,
2026-07-13 00:10:44,BANDHANBNK,Intraday,NO-TRADE,59.0,BUY 🟢,210.0,❌ **BANDHANBNK** REJECTED for Intraday | Score: 54/100 | Votes: 1/4 Reasons: Portfolio risk gate: 🛑 Blocked: Intraday bucket drawdown: -20.4% (limit: -10.0%). Bucket paused — no new entries until losses recover. Existing positions continue unaffected.,SIDEWAYS ↔️,
2026-07-13 00:10:46,INDUSINDBK,—,NO-TRADE,56.0,NEUTRAL ⚪,1015.8,Signal is NEUTRAL ⚪ — not a BUY. No action taken.,SIDEWAYS ↔️,
2026-07-13 00:10:51,GRASIM,Swing,NO-TRADE,61.0,STRONG BUY 🟢🟢,3213.6,❌ **GRASIM** REJECTED for Swing | Score: 65/100 | Votes: 2/4 Reasons: Portfolio risk gate: 🛑 Blocked: Swing bucket drawdown: -16.9% (limit: -10.0%). Bucket paused — no new entries until losses recover. Existing positions continue unaffected.,SIDEWAYS ↔️,
2026-07-13 00:10:53,BERGEPAINT,—,NO-TRADE,41.0,NEUTRAL ⚪,497.25,Score 41/100 below minimum 50/100. No bucket would accept this.,SIDEWAYS ↔️,
2026-07-13 00:10:55,BHEL,—,NO-TRADE,42.0,SELL 🔴,395.25,Score 42/100 below minimum 50/100. No bucket would accept this.,SIDEWAYS ↔️,
2026-07-13 00:10:57,ABB,—,NO-TRADE,41.0,SELL 🔴,6836.0,Score 41/100 below minimum 50/100. No bucket would accept this.,SIDEWAYS ↔️,
2026-07-13 00:11:01,TORNTPOWER,Intraday,NO-TRADE,56.0,BUY 🟢,1419.4,❌ **TORNTPOWER** REJECTED for Intraday | Score: 66/100 | Votes: 1/4 Reasons: Portfolio risk gate: 🛑 Blocked: Intraday bucket drawdown: -20.4% (limit: -10.0%). Bucket paused — no new entries until losses recover. Existing positions continue unaffected.,SIDEWAYS ↔️,
2026-07-13 00:11:03,TATAPOWER,—,NO-TRADE,41.0,NEUTRAL ⚪,381.3,Score 41/100 below minimum 50/100. No bucket would accept this.,SIDEWAYS ↔️,
2026-07-13 00:11:07,MPHASIS,Intraday,NO-TRADE,60.0,BUY 🟢,2321.9,❌ **MPHASIS** REJECTED for Intraday | Score: 74/100 | Votes: 1/4 Reasons: Portfolio risk gate: 🛑 Blocked: Intraday bucket drawdown: -20.4% (limit: -10.0%). Bucket paused — no new entries until losses recover. Existing positions continue unaffected.,SIDEWAYS ↔️,
2026-07-13 00:11:09,VBL,—,NO-TRADE,40.0,SELL 🔴,478.1,Score 40/100 below minimum 50/100. No bucket would accept this.,SIDEWAYS ↔️,
2026-07-13 00:11:12,INDIGO,—,NO-TRADE,54.0,BUY 🟢,5312.0,"No suitable bucket for INDIGO. Score 54/100, 1/4 strategies agree — signal is too weak for any bucket. Wait for a stronger setup.",SIDEWAYS ↔️,
2026-07-13 00:11:14,ADANIGREEN,—,NO-TRADE,54.0,BUY 🟢,1536.6,"No suitable bucket for ADANIGREEN. Score 54/100, 1/4 strategies agree — signal is too weak for any bucket. Wait for a stronger setup.",SIDEWAYS ↔️,
2026-07-13 00:11:16,NYKAA,—,NO-TRADE,59.0,NEUTRAL ⚪,330.1,Signal is NEUTRAL ⚪ — not a BUY. No action taken.,SIDEWAYS ↔️,
2026-07-13 00:11:18,IRFC,—,NO-TRADE,39.0,NEUTRAL ⚪,89.9,Score 39/100 below minimum 50/100. No bucket would accept this.,SIDEWAYS ↔️,
2026-07-13 00:11:22,HAVELLS,Intraday,NO-TRADE,59.0,BUY 🟢,1188.4,❌ **HAVELLS** REJECTED for Intraday | Score: 62/100 | Votes: 1/4 Reasons: Portfolio risk gate: 🛑 Blocked: Intraday bucket drawdown: -20.4% (limit: -10.0%). Bucket paused — no new entries until losses recover. Existing positions continue unaffected.,SIDEWAYS ↔️,
2026-07-13 00:11:24,TRENT,—,NO-TRADE,41.0,STRONG SELL 🔴🔴,2902.8,Score 41/100 below minimum 50/100. No bucket would accept this.,SIDEWAYS ↔️,
2026-07-13 00:11:26,PAGEIND,—,NO-TRADE,45.0,SELL 🔴,39395.0,Score 45/100 below minimum 50/100. No bucket would accept this.,SIDEWAYS ↔️,
2026-07-13 00:11:28,POLYCAB,—,NO-TRADE,45.0,NEUTRAL ⚪,9210.5,Score 45/100 below minimum 50/100. No bucket would accept this.,SIDEWAYS ↔️,
2026-07-13 00:11:30,VOLTAS,—,NO-TRADE,45.0,SELL 🔴,1286.7,Score 45/100 below minimum 50/100. No bucket would accept this.,SIDEWAYS ↔️,
2026-07-13 00:11:32,UBL,—,NO-TRADE,48.0,SELL 🔴,1329.3,Score 48/100 below minimum 50/100. No bucket would accept this.,SIDEWAYS ↔️,
2026-07-13 00:11:34,BATAINDIA,—,NO-TRADE,47.0,SELL 🔴,690.7,Score 47/100 below minimum 50/100. No bucket would accept this.,SIDEWAYS ↔️,
2026-07-13 00:11:37,SIEMENS,—,NO-TRADE,45.0,NEUTRAL ⚪,3496.5,Score 45/100 below minimum 50/100. No bucket would accept this.,SIDEWAYS ↔️,
2026-07-13 00:11:40,RailTel,—,NO-TRADE,41.0,SELL 🔴,307.5,Score 41/100 below minimum 50/100. No bucket would accept this.,SIDEWAYS ↔️,
2026-07-13 00:11:42,Lupin,—,NO-TRADE,54.0,NEUTRAL ⚪,2496.3,Signal is NEUTRAL ⚪ — not a BUY. No action taken.,SIDEWAYS ↔️,
2026-07-13 00:11:44,Torrent Pharma,—,NO-TRADE,62.0,NEUTRAL ⚪,4901.5,Signal is NEUTRAL ⚪ — not a BUY. No action taken.,SIDEWAYS ↔️,
2026-07-13 00:11:49,Gujarat Pipavav Port,Intraday,NO-TRADE,58.0,STRONG BUY 🟢🟢,154.3,❌ **Gujarat Pipavav Port** REJECTED for Intraday | Score: 56/100 | Votes: 2/4 Reasons: Portfolio risk gate: 🛑 Blocked: Intraday bucket drawdown: -20.4% (limit: -10.0%). Bucket paused — no new entries until losses recover. Existing positions continue unaffected.,SIDEWAYS ↔️,
2026-07-13 00:11:53,Amara Raja Energy,Intraday,NO-TRADE,65.0,BUY 🟢,890.05,❌ **Amara Raja Energy** REJECTED for Intraday | Score: 83/100 | Votes: 1/4 Reasons: Portfolio risk gate: 🛑 Blocked: Intraday bucket drawdown: -20.4% (limit: -10.0%). Bucket paused — no new entries until losses recover. Existing positions continue unaffected.,SIDEWAYS ↔️,
2026-07-13 00:11:57,Bank of India,Intraday,NO-TRADE,58.0,BUY 🟢,144.9,❌ **Bank of India** REJECTED for Intraday | Score: 54/100 | Votes: 1/4 Reasons: Portfolio risk gate: 🛑 Blocked: Intraday bucket drawdown: -20.4% (limit: -10.0%). Bucket paused — no new entries until losses recover. Existing positions continue unaffected.,SIDEWAYS ↔️,
2026-07-13 00:11:59,Credo Brands,—,NO-TRADE,48.0,SELL 🔴,85.62,Score 48/100 below minimum 50/100. No bucket would accept this.,SIDEWAYS ↔️,
2026-07-13 00:12:01,Tata Communications,—,NO-TRADE,43.0,NEUTRAL ⚪,1856.2,Score 43/100 below minimum 50/100. No bucket would accept this.,SIDEWAYS ↔️,
2026-07-13 00:12:03,Container Corp,—,NO-TRADE,46.0,SELL 🔴,463.75,Score 46/100 below minimum 50/100. No bucket would accept this.,SIDEWAYS ↔️,
2026-07-13 00:12:07,PERSISTENT,Intraday,NO-TRADE,56.0,BUY 🟢,5053.9,❌ **PERSISTENT** REJECTED for Intraday | Score: 68/100 | Votes: 1/4 Reasons: Portfolio risk gate: 🛑 Blocked: Intraday bucket drawdown: -20.4% (limit: -10.0%). Bucket paused — no new entries until losses recover. Existing positions continue unaffected.,SIDEWAYS ↔️,
2026-07-13 00:12:09,VEDL,—,NO-TRADE,44.0,NEUTRAL ⚪,272.55,Score 44/100 below minimum 50/100. No bucket would accept this.,SIDEWAYS ↔️,
2026-07-13 00:12:11,GAIL,—,NO-TRADE,49.0,SELL 🔴,173.73,Score 49/100 below minimum 50/100. No bucket would accept this.,SIDEWAYS ↔️,
2026-07-13 00:12:13,HINDALCO,—,NO-TRADE,46.0,SELL 🔴,967.45,Score 46/100 below minimum 50/100. No bucket would accept this.,SIDEWAYS ↔️,
2026-07-13 00:12:16,BPCL,—,NO-TRADE,54.0,BUY 🟢,309.75,"No suitable bucket for BPCL. Score 54/100, 1/4 strategies agree — signal is too weak for any bucket. Wait for a stronger setup.",SIDEWAYS ↔️,
2026-07-13 00:12:18,NMDC,—,NO-TRADE,39.0,SELL 🔴,84.92,Score 39/100 below minimum 50/100. No bucket would accept this.,SIDEWAYS ↔️,
2026-07-13 00:12:20,IOC,—,NO-TRADE,44.0,SELL 🔴,138.96,Score 44/100 below minimum 50/100. No bucket would accept this.,SIDEWAYS ↔️,
2026-07-13 00:12:22,SAIL,—,NO-TRADE,37.0,SELL 🔴,167.95,Score 37/100 below minimum 50/100. No bucket would accept this.,SIDEWAYS ↔️,
2026-07-13 00:12:26,Delhivery,Intraday,NO-TRADE,63.0,BUY 🟢,520.3,❌ **Delhivery** REJECTED for Intraday | Score: 83/100 | Votes: 1/4 Reasons: Portfolio risk gate: 🛑 Blocked: Intraday bucket drawdown: -20.4% (limit: -10.0%). Bucket paused — no new entries until losses recover. Existing positions continue unaffected.,SIDEWAYS ↔️,
2026-07-13 00:12:28,Hindustan Copper,—,NO-TRADE,45.0,SELL 🔴,498.65,Score 45/100 below minimum 50/100. No bucket would accept this.,SIDEWAYS ↔️,
2026-07-13 00:12:31,DEEPAKNTR,—,NO-TRADE,51.0,BUY 🟢,1644.0,"No suitable bucket for DEEPAKNTR. Score 51/100, 1/4 strategies agree — signal is too weak for any bucket. Wait for a stronger setup.",SIDEWAYS ↔️,
2026-07-13 00:12:36,DALBHARAT,Intraday,NO-TRADE,59.0,BUY 🟢,1786.5,❌ **DALBHARAT** REJECTED for Intraday | Score: 60/100 | Votes: 1/4 Reasons: Portfolio risk gate: 🛑 Blocked: Intraday bucket drawdown: -20.4% (limit: -10.0%). Bucket paused — no new entries until losses recover. Existing positions continue unaffected.,SIDEWAYS ↔️,
2026-07-13 00:12:38,CUMMINSIND,—,NO-TRADE,44.0,SELL 🔴,5621.5,Score 44/100 below minimum 50/100. No bucket would accept this.,SIDEWAYS ↔️,
2026-07-13 00:12:41,CGPOWER,—,NO-TRADE,45.0,SELL 🔴,916.6,Score 45/100 below minimum 50/100. No bucket would accept this.,SIDEWAYS ↔️,
2026-07-13 00:12:45,BOSCHLTD,Intraday,NO-TRADE,55.0,BUY 🟢,41815.0,❌ **BOSCHLTD** REJECTED for Intraday | Score: 45/100 | Votes: 1/4 Reasons: Portfolio risk gate: 🛑 Blocked: Intraday bucket drawdown: -20.4% (limit: -10.0%). Bucket paused — no new entries until losses recover. Existing positions continue unaffected.,SIDEWAYS ↔️,
2026-07-13 00:12:47,BIOCON,—,NO-TRADE,53.0,BUY 🟢,418.5,"No suitable bucket for BIOCON. Score 53/100, 1/4 strategies agree — signal is too weak for any bucket. Wait for a stronger setup.",SIDEWAYS ↔️,
2026-07-13 00:12:53,BAJAJHLDNG,Intraday,NO-TRADE,55.0,BUY 🟢,10654.0,❌ **BAJAJHLDNG** REJECTED for Intraday | Score: 40/100 | Votes: 1/4 Reasons: Portfolio risk gate: 🛑 Blocked: Intraday bucket drawdown: -20.4% (limit: -10.0%). Bucket paused — no new entries until losses recover. Existing positions continue unaffected.,SIDEWAYS ↔️,
2026-07-13 00:12:54,Carborundum Universal Limited,—,NO-TRADE,43.0,SELL 🔴,1091.2,Score 43/100 below minimum 50/100. No bucket would accept this.,SIDEWAYS ↔️,
2026-07-13 00:12:59,NHPC,Intraday,NO-TRADE,55.0,BUY 🟢,79.82,❌ **NHPC** REJECTED for Intraday | Score: 54/100 | Votes: 1/4 Reasons: Portfolio risk gate: 🛑 Blocked: Intraday bucket drawdown: -20.4% (limit: -10.0%). Bucket paused — no new entries until losses recover. Existing positions continue unaffected.,SIDEWAYS ↔️,
2026-07-13 00:13:02,HPCL,—,NO-TRADE,46.0,SELL 🔴,395.3,Score 46/100 below minimum 50/100. No bucket would accept this.,SIDEWAYS ↔️,
2026-07-13 00:13:03,GODREJCP,—,NO-TRADE,55.0,NEUTRAL ⚪,1088.4,Signal is NEUTRAL ⚪ — not a BUY. No action taken.,SIDEWAYS ↔️,
2026-07-13 00:13:08,DABUR,Intraday,NO-TRADE,58.0,BUY 🟢,443.5,❌ **DABUR** REJECTED for Intraday | Score: 64/100 | Votes: 1/4 Reasons: Portfolio risk gate: 🛑 Blocked: Intraday bucket drawdown: -20.4% (limit: -10.0%). Bucket paused — no new entries until losses recover. Existing positions continue unaffected.,SIDEWAYS ↔️,
2026-07-13 00:13:13,MARICO,Intraday,NO-TRADE,58.0,BUY 🟢,852.5,❌ **MARICO** REJECTED for Intraday | Score: 56/100 | Votes: 1/4 Reasons: Portfolio risk gate: 🛑 Blocked: Intraday bucket drawdown: -20.4% (limit: -10.0%). Bucket paused — no new entries until losses recover. Existing positions continue unaffected.,SIDEWAYS ↔️,
2026-07-13 00:13:17,AUROPHARMA,Intraday,NO-TRADE,56.0,BUY 🟢,1564.7,❌ **AUROPHARMA** REJECTED for Intraday | Score: 52/100 | Votes: 1/4 Reasons: Portfolio risk gate: 🛑 Blocked: Intraday bucket drawdown: -20.4% (limit: -10.0%). Bucket paused — no new entries until losses recover. Existing positions continue unaffected.,SIDEWAYS ↔️,
2026-07-13 00:13:19,TATACHEM,—,NO-TRADE,54.0,STRONG BUY 🟢🟢,721.05,"No suitable bucket for TATACHEM. Score 54/100, 2/4 strategies agree — signal is too weak for any bucket. Wait for a stronger setup.",SIDEWAYS ↔️,
2026-07-13 00:13:21,UPL,—,NO-TRADE,41.0,SELL 🔴,594.75,Score 41/100 below minimum 50/100. No bucket would accept this.,SIDEWAYS ↔️,
2026-07-13 00:13:23,YESBANK,—,NO-TRADE,49.0,SELL 🔴,23.94,Score 49/100 below minimum 50/100. No bucket would accept this.,SIDEWAYS ↔️,
2026-07-13 00:13:29,ACC,Intraday,NO-TRADE,57.0,BUY 🟢,1384.5,❌ **ACC** REJECTED for Intraday | Score: 64/100 | Votes: 1/4 Reasons: Portfolio risk gate: 🛑 Blocked: Intraday bucket drawdown: -20.4% (limit: -10.0%). Bucket paused — no new entries until losses recover. Existing positions continue unaffected.,SIDEWAYS ↔️,
2026-07-13 00:13:33,AMBUJACEM,Intraday,NO-TRADE,55.0,BUY 🟢,436.45,❌ **AMBUJACEM** REJECTED for Intraday | Score: 61/100 | Votes: 1/4 Reasons: Portfolio risk gate: 🛑 Blocked: Intraday bucket drawdown: -20.4% (limit: -10.0%). Bucket paused — no new entries until losses recover. Existing positions continue unaffected.,SIDEWAYS ↔️,
2026-07-13 00:13:35,ASHOKLEY,—,NO-TRADE,45.0,SELL 🔴,157.49,Score 45/100 below minimum 50/100. No bucket would accept this.,SIDEWAYS ↔️,
2026-07-13 00:13:37,ASTRAL,—,NO-TRADE,37.0,NEUTRAL ⚪,1333.8,Score 37/100 below minimum 50/100. No bucket would accept this.,SIDEWAYS ↔️,
2026-07-13 00:13:39,TATA ELXSI,—,NO-TRADE,42.0,NEUTRAL ⚪,3690.3,Score 42/100 below minimum 50/100. No bucket would accept this.,SIDEWAYS ↔️,
2026-07-13 00:13:41,ABFRL,—,NO-TRADE,45.0,NEUTRAL ⚪,60.02,Score 45/100 below minimum 50/100. No bucket would accept this.,SIDEWAYS ↔️,
2026-07-13 00:13:45,AARTIIND,Intraday,NO-TRADE,59.0,BUY 🟢,484.1,❌ **AARTIIND** REJECTED for Intraday | Score: 64/100 | Votes: 1/4 Reasons: Portfolio risk gate: 🛑 Blocked: Intraday bucket drawdown: -20.4% (limit: -10.0%). Bucket paused — no new entries until losses recover. Existing positions continue unaffected.,SIDEWAYS ↔️,
2026-07-13 00:13:48,INDIAMART,—,NO-TRADE,39.0,SELL 🔴,1924.0,Score 39/100 below minimum 50/100. No bucket would accept this.,SIDEWAYS ↔️,
2026-07-13 00:13:52,AFFLE INDIA,Intraday,NO-TRADE,58.0,STRONG BUY 🟢🟢,1480.4,❌ **AFFLE INDIA** REJECTED for Intraday | Score: 66/100 | Votes: 2/4 Reasons: Portfolio risk gate: 🛑 Blocked: Intraday bucket drawdown: -20.4% (limit: -10.0%). Bucket paused — no new entries until losses recover. Existing positions continue unaffected.,SIDEWAYS ↔️,
2026-07-13 00:13:54,DLF,—,NO-TRADE,63.0,NEUTRAL ⚪,685.75,Signal is NEUTRAL ⚪ — not a BUY. No action taken.,SIDEWAYS ↔️,
2026-07-13 00:13:56,ESCORTS,—,NO-TRADE,54.0,BUY 🟢,2941.8,"No suitable bucket for ESCORTS. Score 54/100, 1/4 strategies agree — signal is too weak for any bucket. Wait for a stronger setup.",SIDEWAYS ↔️,
2026-07-13 00:14:01,GLENMARK,Intraday,NO-TRADE,58.0,BUY 🟢,2282.9,❌ **GLENMARK** REJECTED for Intraday | Score: 72/100 | Votes: 1/4 Reasons: Portfolio risk gate: 🛑 Blocked: Intraday bucket drawdown: -20.4% (limit: -10.0%). Bucket paused — no new entries until losses recover. Existing positions continue unaffected.,SIDEWAYS ↔️,
2026-07-13 00:14:06,JUBLFOOD,Intraday,NO-TRADE,56.0,BUY 🟢,438.05,❌ **JUBLFOOD** REJECTED for Intraday | Score: 61/100 | Votes: 1/4 Reasons: Portfolio risk gate: 🛑 Blocked: Intraday bucket drawdown: -20.4% (limit: -10.0%). Bucket paused — no new entries until losses recover. Existing positions continue unaffected.,SIDEWAYS ↔️,
2026-07-13 00:14:07,KPITTECH,—,NO-TRADE,42.0,NEUTRAL ⚪,561.75,Score 42/100 below minimum 50/100. No bucket would accept this.,SIDEWAYS ↔️,
2026-07-13 00:14:10,LICHSGFIN,—,NO-TRADE,49.0,SELL 🔴,549.15,Score 49/100 below minimum 50/100. No bucket would accept this.,SIDEWAYS ↔️,
2026-07-13 00:14:14,LICI,Intraday,NO-TRADE,63.0,BUY 🟢,443.05,❌ **LICI** REJECTED for Intraday | Score: 71/100 | Votes: 1/4 Reasons: Portfolio risk gate: 🛑 Blocked: Intraday bucket drawdown: -20.4% (limit: -10.0%). Bucket paused — no new entries until losses recover. Existing positions continue unaffected.,SIDEWAYS ↔️,
2026-07-13 00:14:16,NAUKRI,—,NO-TRADE,54.0,SELL 🔴,1204.05,Signal is SELL 🔴 — not a BUY. No action taken.,SIDEWAYS ↔️,
2026-07-13 00:14:18,MOTHERSON,—,NO-TRADE,42.0,STRONG SELL 🔴🔴,143.19,Score 42/100 below minimum 50/100. No bucket would accept this.,SIDEWAYS ↔️,
2026-07-13 00:14:20,OBEROIRLTY,—,NO-TRADE,59.0,NEUTRAL ⚪,1924.8,Signal is NEUTRAL ⚪ — not a BUY. No action taken.,SIDEWAYS ↔️,
2026-07-13 00:14:22,PETRONET,—,NO-TRADE,46.0,SELL 🔴,278.95,Score 46/100 below minimum 50/100. No bucket would accept this.,SIDEWAYS ↔️,
2026-07-13 00:14:24,SBICARD,—,NO-TRADE,50.0,BUY 🟢,611.65,"No suitable bucket for SBICARD. Score 50/100, 1/4 strategies agree — signal is too weak for any bucket. Wait for a stronger setup.",SIDEWAYS ↔️,
2026-07-13 00:14:26,PIIND,—,NO-TRADE,36.0,SELL 🔴,2607.4,Score 36/100 below minimum 50/100. No bucket would accept this.,SIDEWAYS ↔️,
2026-07-13 00:14:28,PRESTIGE,—,NO-TRADE,60.0,NEUTRAL ⚪,1733.2,Signal is NEUTRAL ⚪ — not a BUY. No action taken.,SIDEWAYS ↔️,
2026-07-13 00:14:32,RAMCOCEM,Intraday,NO-TRADE,59.0,BUY 🟢,942.1,❌ **RAMCOCEM** REJECTED for Intraday | Score: 59/100 | Votes: 1/4 Reasons: Portfolio risk gate: 🛑 Blocked: Intraday bucket drawdown: -20.4% (limit: -10.0%). Bucket paused — no new entries until losses recover. Existing positions continue unaffected.,SIDEWAYS ↔️,
2026-07-13 00:14:35,SRF,—,NO-TRADE,50.0,BUY 🟢,2774.6,"No suitable bucket for SRF. Score 50/100, 1/4 strategies agree — signal is too weak for any bucket. Wait for a stronger setup.",SIDEWAYS ↔️,
2026-07-13 00:14:39,SHREECEM,Intraday,NO-TRADE,59.0,BUY 🟢,26615.0,❌ **SHREECEM** REJECTED for Intraday | Score: 59/100 | Votes: 1/4 Reasons: Portfolio risk gate: 🛑 Blocked: Intraday bucket drawdown: -20.4% (limit: -10.0%). Bucket paused — no new entries until losses recover. Existing positions continue unaffected.,SIDEWAYS ↔️,
2026-07-13 00:14:41,SUPREMEIND,—,NO-TRADE,39.0,SELL 🔴,3319.6,Score 39/100 below minimum 50/100. No bucket would accept this.,SIDEWAYS ↔️,
2026-07-13 00:14:44,SYNGENE,—,NO-TRADE,40.0,SELL 🔴,420.35,Score 40/100 below minimum 50/100. No bucket would accept this.,SIDEWAYS ↔️,
2026-07-13 00:14:46,IDBI BANK,—,NO-TRADE,50.0,SELL 🔴,82.89,Signal is SELL 🔴 — not a BUY. No action taken.,SIDEWAYS ↔️,
2026-07-13 00:14:48,UNION BANK,—,NO-TRADE,52.0,SELL 🔴,164.51,Signal is SELL 🔴 — not a BUY. No action taken.,SIDEWAYS ↔️,
2026-07-13 00:14:50,Gulshan Polyols,—,NO-TRADE,40.0,SELL 🔴,190.06,Score 40/100 below minimum 50/100. No bucket would accept this.,SIDEWAYS ↔️,
2026-07-13 00:14:54,UNO MINDA,Intraday,NO-TRADE,62.0,BUY 🟢,1166.1,❌ **UNO MINDA** REJECTED for Intraday | Score: 69/100 | Votes: 1/4 Reasons: Portfolio risk gate: 🛑 Blocked: Intraday bucket drawdown: -20.4% (limit: -10.0%). Bucket paused — no new entries until losses recover. Existing positions continue unaffected.,SIDEWAYS ↔️,
2026-07-13 00:14:56,PAYTM,—,NO-TRADE,58.0,SELL 🔴,1341.8,Signal is SELL 🔴 — not a BUY. No action taken.,SIDEWAYS ↔️,
2026-07-13 00:14:58,Tribhovandas Bhimji Zaveri,—,NO-TRADE,60.0,SELL 🔴,228.34,Signal is SELL 🔴 — not a BUY. No action taken.,SIDEWAYS ↔️,
2026-07-13 00:15:00,GTL Infrastructure,—,NO-TRADE,41.0,NEUTRAL ⚪,1.33,Score 41/100 below minimum 50/100. No bucket would accept this.,SIDEWAYS ↔️,
2026-07-13 00:15:03,MFSL,—,NO-TRADE,51.0,BUY 🟢,1633.1,"No suitable bucket for MFSL. Score 51/100, 1/4 strategies agree — signal is too weak for any bucket. Wait for a stronger setup.",SIDEWAYS ↔️,
2026-07-13 00:15:05,WHIRLPOOL,—,NO-TRADE,50.0,SELL 🔴,795.15,Signal is SELL 🔴 — not a BUY. No action taken.,SIDEWAYS ↔️,
2026-07-13 00:15:07,CROMPTON,—,NO-TRADE,42.0,SELL 🔴,261.7,Score 42/100 below minimum 50/100. No bucket would accept this.,SIDEWAYS ↔️,
2026-07-13 00:15:11,UNITDSPR,Intraday,NO-TRADE,56.0,BUY 🟢,1385.7,❌ **UNITDSPR** REJECTED for Intraday | Score: 52/100 | Votes: 1/4 Reasons: Portfolio risk gate: 🛑 Blocked: Intraday bucket drawdown: -20.4% (limit: -10.0%). Bucket paused — no new entries until losses recover. Existing positions continue unaffected.,SIDEWAYS ↔️,
2026-07-13 00:15:13,SUPRAJIT ENGINEERING,—,NO-TRADE,56.0,SELL 🔴,509.0,Signal is SELL 🔴 — not a BUY. No action taken.,SIDEWAYS ↔️,
2026-07-13 00:15:15,CESC,—,NO-TRADE,40.0,NEUTRAL ⚪,163.93,Score 40/100 below minimum 50/100. No bucket would accept this.,SIDEWAYS ↔️,
2026-07-13 00:15:16,SANSERA ENGINEERING,—,NO-TRADE,58.0,NEUTRAL ⚪,3304.0,Signal is NEUTRAL ⚪ — not a BUY. No action taken.,SIDEWAYS ↔️,
2026-07-13 00:15:20,COFORGE,Intraday,NO-TRADE,57.0,BUY 🟢,1503.8,❌ **COFORGE** REJECTED for Intraday | Score: 49/100 | Votes: 1/4 Reasons: Portfolio risk gate: 🛑 Blocked: Intraday bucket drawdown: -20.4% (limit: -10.0%). Bucket paused — no new entries until losses recover. Existing positions continue unaffected.,SIDEWAYS ↔️,
2026-07-13 00:15:23,GMR AIRPORTS,—,NO-TRADE,53.0,BUY 🟢,112.51,"No suitable bucket for GMR AIRPORTS. Score 53/100, 1/4 strategies agree — signal is too weak for any bucket. Wait for a stronger setup.",SIDEWAYS ↔️,
2026-07-13 00:15:28,INTELLECT DESIGN,Intraday,NO-TRADE,56.0,BUY 🟢,758.75,❌ **INTELLECT DESIGN** REJECTED for Intraday | Score: 52/100 | Votes: 1/4 Reasons: Portfolio risk gate: 🛑 Blocked: Intraday bucket drawdown: -20.4% (limit: -10.0%). Bucket paused — no new entries until losses recover. Existing positions continue unaffected.,SIDEWAYS ↔️,
2026-07-13 00:15:32,SONATA SOFTWARE,Intraday,NO-TRADE,58.0,STRONG BUY 🟢🟢,285.35,❌ **SONATA SOFTWARE** REJECTED for Intraday | Score: 50/100 | Votes: 2/4 Reasons: Portfolio risk gate: 🛑 Blocked: Intraday bucket drawdown: -20.4% (limit: -10.0%). Bucket paused — no new entries until losses recover. Existing positions continue unaffected.,SIDEWAYS ↔️,
2026-07-13 00:15:36,MASTEK,Swing,NO-TRADE,63.0,STRONG BUY 🟢🟢,1680.1,❌ **MASTEK** REJECTED for Swing | Score: 74/100 | Votes: 2/4 Reasons: Portfolio risk gate: 🛑 Blocked: Swing bucket drawdown: -16.9% (limit: -10.0%). Bucket paused — no new entries until losses recover. Existing positions continue unaffected.,SIDEWAYS ↔️,
2026-07-13 00:15:41,TANLA PLATFORMS,Intraday,NO-TRADE,64.0,BUY 🟢,550.2,❌ **TANLA PLATFORMS** REJECTED for Intraday | Score: 76/100 | Votes: 1/4 Reasons: Portfolio risk gate: 🛑 Blocked: Intraday bucket drawdown: -20.4% (limit: -10.0%). Bucket paused — no new entries until losses recover. Existing positions continue unaffected.,SIDEWAYS ↔️,
2026-07-13 00:15:43,BIRLASOFT,—,NO-TRADE,42.0,SELL 🔴,290.15,Score 42/100 below minimum 50/100. No bucket would accept this.,SIDEWAYS ↔️,
2026-07-13 00:15:47,NEWGEN SOFTWARE,Swing,NO-TRADE,67.0,STRONG BUY 🟢🟢,517.2,❌ **NEWGEN SOFTWARE** REJECTED for Swing | Score: 74/100 | Votes: 3/4 Reasons: Portfolio risk gate: 🛑 Blocked: Swing bucket drawdown: -16.9% (limit: -10.0%). Bucket paused — no new entries until losses recover. Existing positions continue unaffected.,SIDEWAYS ↔️,
2026-07-13 00:15:50,HAPPIEST MINDS,—,NO-TRADE,56.0,NEUTRAL ⚪,386.3,Signal is NEUTRAL ⚪ — not a BUY. No action taken.,SIDEWAYS ↔️,
2026-07-13 00:15:52,LATENTVIEW,—,NO-TRADE,52.0,BUY 🟢,301.15,"No suitable bucket for LATENTVIEW. Score 52/100, 1/4 strategies agree — signal is too weak for any bucket. Wait for a stronger setup.",SIDEWAYS ↔️,
2026-07-13 00:15:56,JUST DIAL,Intraday,NO-TRADE,67.0,BUY 🟢,564.05,❌ **JUST DIAL** REJECTED for Intraday | Score: 81/100 | Votes: 1/4 Reasons: Portfolio risk gate: 🛑 Blocked: Intraday bucket drawdown: -20.4% (limit: -10.0%). Bucket paused — no new entries until losses recover. Existing positions continue unaffected.,SIDEWAYS ↔️,
2026-07-13 00:16:01,ROUTE MOBILE,Intraday,NO-TRADE,59.0,BUY 🟢,546.25,❌ **ROUTE MOBILE** REJECTED for Intraday | Score: 54/100 | Votes: 1/4 Reasons: Portfolio risk gate: 🛑 Blocked: Intraday bucket drawdown: -20.4% (limit: -10.0%). Bucket paused — no new entries until losses recover. Existing positions continue unaffected.,SIDEWAYS ↔️,
2026-07-13 00:16:03,NAZARA TECH,—,NO-TRADE,54.0,BUY 🟢,304.3,"No suitable bucket for NAZARA TECH. Score 54/100, 1/4 strategies agree — signal is too weak for any bucket. Wait for a stronger setup.",SIDEWAYS ↔️,
2026-07-13 00:16:05,CARTRADE TECH,—,NO-TRADE,54.0,BUY 🟢,2809.9,"No suitable bucket for CARTRADE TECH. Score 54/100, 1/4 strategies agree — signal is too weak for any bucket. Wait for a stronger setup.",SIDEWAYS ↔️,
2026-07-13 00:16:09,ZENSAR TECHNOLOGIES,Swing,NO-TRADE,64.0,STRONG BUY 🟢🟢,508.25,❌ **ZENSAR TECHNOLOGIES** REJECTED for Swing | Score: 74/100 | Votes: 2/4 Reasons: Portfolio risk gate: 🛑 Blocked: Swing bucket drawdown: -16.9% (limit: -10.0%). Bucket paused — no new entries until losses recover. Existing positions continue unaffected.,SIDEWAYS ↔️,
2026-07-13 00:16:11,LE TRAVENUES TECH,—,NO-TRADE,57.0,NEUTRAL ⚪,207.18,Signal is NEUTRAL ⚪ — not a BUY. No action taken.,SIDEWAYS ↔️,
2026-07-13 00:16:13,RATEGAIN,—,NO-TRADE,55.0,NEUTRAL ⚪,944.7,Signal is NEUTRAL ⚪ — not a BUY. No action taken.,SIDEWAYS ↔️,
2026-07-13 00:16:15,CYIENT,—,NO-TRADE,41.0,SELL 🔴,841.15,Score 41/100 below minimum 50/100. No bucket would accept this.,SIDEWAYS ↔️,
2026-07-13 00:16:20,KARUR VYSYA BANK,Intraday,NO-TRADE,63.0,BUY 🟢,305.65,❌ **KARUR VYSYA BANK** REJECTED for Intraday | Score: 71/100 | Votes: 1/4 Reasons: Portfolio risk gate: 🛑 Blocked: Intraday bucket drawdown: -20.4% (limit: -10.0%). Bucket paused — no new entries until losses recover. Existing positions continue unaffected.,SIDEWAYS ↔️,
2026-07-13 00:16:24,RBL BANK,Intraday,NO-TRADE,61.0,BUY 🟢,380.65,❌ **RBL BANK** REJECTED for Intraday | Score: 62/100 | Votes: 1/4 Reasons: Portfolio risk gate: 🛑 Blocked: Intraday bucket drawdown: -20.4% (limit: -10.0%). Bucket paused — no new entries until losses recover. Existing positions continue unaffected.,SIDEWAYS ↔️,
2026-07-13 00:16:26,DCB BANK,—,NO-TRADE,54.0,BUY 🟢,188.67,"No suitable bucket for DCB BANK. Score 54/100, 1/4 strategies agree — signal is too weak for any bucket. Wait for a stronger setup.",SIDEWAYS ↔️,
2026-07-13 00:16:31,CSB BANK,Intraday,NO-TRADE,57.0,BUY 🟢,360.4,❌ **CSB BANK** REJECTED for Intraday | Score: 61/100 | Votes: 1/4 Reasons: Portfolio risk gate: 🛑 Blocked: Intraday bucket drawdown: -20.4% (limit: -10.0%). Bucket paused — no new entries until losses recover. Existing positions continue unaffected.,SIDEWAYS ↔️,
2026-07-13 00:16:33,SOUTH INDIAN BANK,—,NO-TRADE,50.0,SELL 🔴,45.81,Signal is SELL 🔴 — not a BUY. No action taken.,SIDEWAYS ↔️,
2026-07-13 00:16:37,INDIAN OVERSEAS BANK,Intraday,NO-TRADE,55.0,BUY 🟢,34.58,❌ **INDIAN OVERSEAS BANK** REJECTED for Intraday | Score: 49/100 | Votes: 1/4 Reasons: Portfolio risk gate: 🛑 Blocked: Intraday bucket drawdown: -20.4% (limit: -10.0%). Bucket paused — no new entries until losses recover. Existing positions continue unaffected.,SIDEWAYS ↔️,
2026-07-13 00:16:39,CENTRAL BANK,—,NO-TRADE,49.0,BUY 🟢,32.6,Score 49/100 below minimum 50/100. No bucket would accept this.,SIDEWAYS ↔️,
2026-07-13 00:16:41,BANK OF MAHARASHTRA,—,NO-TRADE,51.0,SELL 🔴,84.25,Signal is SELL 🔴 — not a BUY. No action taken.,SIDEWAYS ↔️,
2026-07-13 00:16:43,MOIL,—,NO-TRADE,40.0,NEUTRAL ⚪,274.0,Score 40/100 below minimum 50/100. No bucket would accept this.,SIDEWAYS ↔️,
