Timestamp,Stock,Symbol,Bucket,Decision,Bucket_Score,Composite_Score,Confluence_Count,Confluence_Level,Buy_Votes,Regime,Routing_Reason,Rejection_Reason,Summary
2026-06-17 09:19:16,RELIANCE,RELIANCE.NS,Intraday,REJECT,59,56,1,NONE ⚪,1,WEAK BULL 📈,"Score 56/100 and 1/4 strategies agree — signal is not strong enough for overnight hold, but may work as an intraday trade.",Portfolio risk gate: 🛑 Blocked: Intraday bucket drawdown: -16.7% (limit: -10.0%). Bucket paused — no new entries until losses recover. Existing positions continue unaffected.,❌ **RELIANCE** REJECTED for Intraday | Score: 59/100 | Votes: 1/4 Reasons: Portfolio risk gate: 🛑 Blocked: Intraday bucket drawdown: -16.7% (limit: -10.0%). Bucket paused — no new entries until losses recover. Existing positions continue unaffected.
2026-06-17 09:19:20,HDFCBANK,HDFCBANK.NS,Intraday,REJECT,64,58,1,NONE ⚪,1,WEAK BULL 📈,"Score 58/100 and 1/4 strategies agree — signal is not strong enough for overnight hold, but may work as an intraday trade.",Portfolio risk gate: 🛑 Blocked: Intraday bucket drawdown: -16.7% (limit: -10.0%). Bucket paused — no new entries until losses recover. Existing positions continue unaffected.,❌ **HDFCBANK** REJECTED for Intraday | Score: 64/100 | Votes: 1/4 Reasons: Portfolio risk gate: 🛑 Blocked: Intraday bucket drawdown: -16.7% (limit: -10.0%). Bucket paused — no new entries until losses recover. Existing positions continue unaffected.
2026-06-17 09:19:21,INFY,INFY.NS,—,REJECT,0,51,0,NONE ⚪,1,WEAK BULL 📈,"Score 51/100, 1/4 strategies agree — signal is too weak for any bucket. Wait for a stronger setup.","Score 51/100, 1/4 strategies agree — signal is too weak for any bucket. Wait for a stronger setup.","No suitable bucket for INFY. Score 51/100, 1/4 strategies agree — signal is too weak for any bucket. Wait for a stronger setup."
2026-06-17 09:19:24,ICICIBANK,ICICIBANK.NS,Intraday,REJECT,66,58,1,NONE ⚪,1,WEAK BULL 📈,"Score 58/100 and 1/4 strategies agree — signal is not strong enough for overnight hold, but may work as an intraday trade.",Portfolio risk gate: 🛑 Blocked: Intraday bucket drawdown: -16.7% (limit: -10.0%). Bucket paused — no new entries until losses recover. Existing positions continue unaffected.,❌ **ICICIBANK** REJECTED for Intraday | Score: 66/100 | Votes: 1/4 Reasons: Portfolio risk gate: 🛑 Blocked: Intraday bucket drawdown: -16.7% (limit: -10.0%). Bucket paused — no new entries until losses recover. Existing positions continue unaffected.
2026-06-17 09:19:27,HINDUNILVR,HINDUNILVR.NS,Intraday,REJECT,59,55,1,NONE ⚪,1,WEAK BULL 📈,"Score 55/100 and 1/4 strategies agree — signal is not strong enough for overnight hold, but may work as an intraday trade.",Portfolio risk gate: 🛑 Blocked: Intraday bucket drawdown: -16.7% (limit: -10.0%). Bucket paused — no new entries until losses recover. Existing positions continue unaffected.,❌ **HINDUNILVR** REJECTED for Intraday | Score: 59/100 | Votes: 1/4 Reasons: Portfolio risk gate: 🛑 Blocked: Intraday bucket drawdown: -16.7% (limit: -10.0%). Bucket paused — no new entries until losses recover. Existing positions continue unaffected.
2026-06-17 09:19:30,BHARTIARTL,BHARTIARTL.NS,Intraday,REJECT,59,55,1,NONE ⚪,1,WEAK BULL 📈,"Score 55/100 and 1/4 strategies agree — signal is not strong enough for overnight hold, but may work as an intraday trade.",Portfolio risk gate: 🛑 Blocked: Intraday bucket drawdown: -16.7% (limit: -10.0%). Bucket paused — no new entries until losses recover. Existing positions continue unaffected.,❌ **BHARTIARTL** REJECTED for Intraday | Score: 59/100 | Votes: 1/4 Reasons: Portfolio risk gate: 🛑 Blocked: Intraday bucket drawdown: -16.7% (limit: -10.0%). Bucket paused — no new entries until losses recover. Existing positions continue unaffected.
2026-06-17 09:19:33,ITC,ITC.NS,Intraday,REJECT,59,55,1,NONE ⚪,1,WEAK BULL 📈,"Score 55/100 and 1/4 strategies agree — signal is not strong enough for overnight hold, but may work as an intraday trade.",Portfolio risk gate: 🛑 Blocked: Intraday bucket drawdown: -16.7% (limit: -10.0%). Bucket paused — no new entries until losses recover. Existing positions continue unaffected.,❌ **ITC** REJECTED for Intraday | Score: 59/100 | Votes: 1/4 Reasons: Portfolio risk gate: 🛑 Blocked: Intraday bucket drawdown: -16.7% (limit: -10.0%). Bucket paused — no new entries until losses recover. Existing positions continue unaffected.
2026-06-17 09:19:36,KOTAKBANK,KOTAKBANK.NS,Intraday,REJECT,66,58,1,NONE ⚪,1,WEAK BULL 📈,"Score 58/100 and 1/4 strategies agree — signal is not strong enough for overnight hold, but may work as an intraday trade.",Portfolio risk gate: 🛑 Blocked: Intraday bucket drawdown: -16.7% (limit: -10.0%). Bucket paused — no new entries until losses recover. Existing positions continue unaffected.,❌ **KOTAKBANK** REJECTED for Intraday | Score: 66/100 | Votes: 1/4 Reasons: Portfolio risk gate: 🛑 Blocked: Intraday bucket drawdown: -16.7% (limit: -10.0%). Bucket paused — no new entries until losses recover. Existing positions continue unaffected.
2026-06-17 09:19:39,BAJFINANCE,BAJFINANCE.NS,Intraday,REJECT,67,59,1,NONE ⚪,1,WEAK BULL 📈,"Score 59/100 and 1/4 strategies agree — signal is not strong enough for overnight hold, but may work as an intraday trade.",Portfolio risk gate: 🛑 Blocked: Intraday bucket drawdown: -16.7% (limit: -10.0%). Bucket paused — no new entries until losses recover. Existing positions continue unaffected.,❌ **BAJFINANCE** REJECTED for Intraday | Score: 67/100 | Votes: 1/4 Reasons: Portfolio risk gate: 🛑 Blocked: Intraday bucket drawdown: -16.7% (limit: -10.0%). Bucket paused — no new entries until losses recover. Existing positions continue unaffected.
2026-06-17 09:19:42,AXISBANK,AXISBANK.NS,Intraday,REJECT,66,59,1,NONE ⚪,1,WEAK BULL 📈,"Score 59/100 and 1/4 strategies agree — signal is not strong enough for overnight hold, but may work as an intraday trade.",Portfolio risk gate: 🛑 Blocked: Intraday bucket drawdown: -16.7% (limit: -10.0%). Bucket paused — no new entries until losses recover. Existing positions continue unaffected.,❌ **AXISBANK** REJECTED for Intraday | Score: 66/100 | Votes: 1/4 Reasons: Portfolio risk gate: 🛑 Blocked: Intraday bucket drawdown: -16.7% (limit: -10.0%). Bucket paused — no new entries until losses recover. Existing positions continue unaffected.
2026-06-17 09:19:45,ASIANPAINT,ASIANPAINT.NS,Intraday,REJECT,63,56,1,NONE ⚪,1,WEAK BULL 📈,"Score 56/100 and 1/4 strategies agree — signal is not strong enough for overnight hold, but may work as an intraday trade.",Portfolio risk gate: 🛑 Blocked: Intraday bucket drawdown: -16.7% (limit: -10.0%). Bucket paused — no new entries until losses recover. Existing positions continue unaffected.,❌ **ASIANPAINT** REJECTED for Intraday | Score: 63/100 | Votes: 1/4 Reasons: Portfolio risk gate: 🛑 Blocked: Intraday bucket drawdown: -16.7% (limit: -10.0%). Bucket paused — no new entries until losses recover. Existing positions continue unaffected.
2026-06-17 09:19:48,MARUTI,MARUTI.NS,Intraday,REJECT,67,58,1,NONE ⚪,1,WEAK BULL 📈,"Score 58/100 and 1/4 strategies agree — signal is not strong enough for overnight hold, but may work as an intraday trade.",Portfolio risk gate: 🛑 Blocked: Intraday bucket drawdown: -16.7% (limit: -10.0%). Bucket paused — no new entries until losses recover. Existing positions continue unaffected.,❌ **MARUTI** REJECTED for Intraday | Score: 67/100 | Votes: 1/4 Reasons: Portfolio risk gate: 🛑 Blocked: Intraday bucket drawdown: -16.7% (limit: -10.0%). Bucket paused — no new entries until losses recover. Existing positions continue unaffected.
2026-06-17 09:19:51,TITAN,TITAN.NS,Intraday,REJECT,64,57,1,NONE ⚪,1,WEAK BULL 📈,"Score 57/100 and 1/4 strategies agree — signal is not strong enough for overnight hold, but may work as an intraday trade.",Portfolio risk gate: 🛑 Blocked: Intraday bucket drawdown: -16.7% (limit: -10.0%). Bucket paused — no new entries until losses recover. Existing positions continue unaffected.,❌ **TITAN** REJECTED for Intraday | Score: 64/100 | Votes: 1/4 Reasons: Portfolio risk gate: 🛑 Blocked: Intraday bucket drawdown: -16.7% (limit: -10.0%). Bucket paused — no new entries until losses recover. Existing positions continue unaffected.
2026-06-17 09:19:52,SUNPHARMA,SUNPHARMA.NS,—,REJECT,0,52,0,NONE ⚪,1,WEAK BULL 📈,"Score 52/100, 1/4 strategies agree — signal is too weak for any bucket. Wait for a stronger setup.","Score 52/100, 1/4 strategies agree — signal is too weak for any bucket. Wait for a stronger setup.","No suitable bucket for SUNPHARMA. Score 52/100, 1/4 strategies agree — signal is too weak for any bucket. Wait for a stronger setup."
2026-06-17 09:19:55,ULTRACEMCO,ULTRACEMCO.NS,Intraday,REJECT,59,56,1,NONE ⚪,1,WEAK BULL 📈,"Score 56/100 and 1/4 strategies agree — signal is not strong enough for overnight hold, but may work as an intraday trade.",Portfolio risk gate: 🛑 Blocked: Intraday bucket drawdown: -16.7% (limit: -10.0%). Bucket paused — no new entries until losses recover. Existing positions continue unaffected.,❌ **ULTRACEMCO** REJECTED for Intraday | Score: 59/100 | Votes: 1/4 Reasons: Portfolio risk gate: 🛑 Blocked: Intraday bucket drawdown: -16.7% (limit: -10.0%). Bucket paused — no new entries until losses recover. Existing positions continue unaffected.
2026-06-17 09:19:56,ADANIENT,ADANIENT.NS,—,REJECT,0,54,0,NONE ⚪,1,WEAK BULL 📈,"Score 54/100, 1/4 strategies agree — signal is too weak for any bucket. Wait for a stronger setup.","Score 54/100, 1/4 strategies agree — signal is too weak for any bucket. Wait for a stronger setup.","No suitable bucket for ADANIENT. Score 54/100, 1/4 strategies agree — signal is too weak for any bucket. Wait for a stronger setup."
2026-06-17 09:19:57,ADANIPORTS,ADANIPORTS.NS,—,REJECT,0,53,0,NONE ⚪,1,WEAK BULL 📈,"Score 53/100, 1/4 strategies agree — signal is too weak for any bucket. Wait for a stronger setup.","Score 53/100, 1/4 strategies agree — signal is too weak for any bucket. Wait for a stronger setup.","No suitable bucket for ADANIPORTS. Score 53/100, 1/4 strategies agree — signal is too weak for any bucket. Wait for a stronger setup."
2026-06-17 09:20:03,TMCV,TMCV.NS,Intraday,REJECT,64,58,1,NONE ⚪,1,WEAK BULL 📈,"Score 58/100 and 1/4 strategies agree — signal is not strong enough for overnight hold, but may work as an intraday trade.",Portfolio risk gate: 🛑 Blocked: Intraday bucket drawdown: -16.7% (limit: -10.0%). Bucket paused — no new entries until losses recover. Existing positions continue unaffected.,❌ **TMCV** REJECTED for Intraday | Score: 64/100 | Votes: 1/4 Reasons: Portfolio risk gate: 🛑 Blocked: Intraday bucket drawdown: -16.7% (limit: -10.0%). Bucket paused — no new entries until losses recover. Existing positions continue unaffected.
2026-06-17 09:20:06,HCLTECH,HCLTECH.NS,Intraday,REJECT,57,55,1,NONE ⚪,1,WEAK BULL 📈,"Score 55/100 and 1/4 strategies agree — signal is not strong enough for overnight hold, but may work as an intraday trade.",Portfolio risk gate: 🛑 Blocked: Intraday bucket drawdown: -16.7% (limit: -10.0%). Bucket paused — no new entries until losses recover. Existing positions continue unaffected.,❌ **HCLTECH** REJECTED for Intraday | Score: 57/100 | Votes: 1/4 Reasons: Portfolio risk gate: 🛑 Blocked: Intraday bucket drawdown: -16.7% (limit: -10.0%). Bucket paused — no new entries until losses recover. Existing positions continue unaffected.
2026-06-17 09:20:10,BAJAJFINSV,BAJAJFINSV.NS,Intraday,REJECT,59,55,1,NONE ⚪,1,WEAK BULL 📈,"Score 55/100 and 1/4 strategies agree — signal is not strong enough for overnight hold, but may work as an intraday trade.",Portfolio risk gate: 🛑 Blocked: Intraday bucket drawdown: -16.7% (limit: -10.0%). Bucket paused — no new entries until losses recover. Existing positions continue unaffected.,❌ **BAJAJFINSV** REJECTED for Intraday | Score: 59/100 | Votes: 1/4 Reasons: Portfolio risk gate: 🛑 Blocked: Intraday bucket drawdown: -16.7% (limit: -10.0%). Bucket paused — no new entries until losses recover. Existing positions continue unaffected.
2026-06-17 09:20:13,LT,LT.NS,Intraday,REJECT,66,58,1,NONE ⚪,1,WEAK BULL 📈,"Score 58/100 and 1/4 strategies agree — signal is not strong enough for overnight hold, but may work as an intraday trade.",Portfolio risk gate: 🛑 Blocked: Intraday bucket drawdown: -16.7% (limit: -10.0%). Bucket paused — no new entries until losses recover. Existing positions continue unaffected.,❌ **LT** REJECTED for Intraday | Score: 66/100 | Votes: 1/4 Reasons: Portfolio risk gate: 🛑 Blocked: Intraday bucket drawdown: -16.7% (limit: -10.0%). Bucket paused — no new entries until losses recover. Existing positions continue unaffected.
2026-06-17 09:20:16,M&M,M&M.NS,Intraday,REJECT,64,59,2,LOW 🟡,2,WEAK BULL 📈,"Score 59/100 and 2/4 strategies agree — signal is not strong enough for overnight hold, but may work as an intraday trade.",Portfolio risk gate: 🛑 Blocked: Intraday bucket drawdown: -16.7% (limit: -10.0%). Bucket paused — no new entries until losses recover. Existing positions continue unaffected.,❌ **M&M** REJECTED for Intraday | Score: 64/100 | Votes: 2/4 Reasons: Portfolio risk gate: 🛑 Blocked: Intraday bucket drawdown: -16.7% (limit: -10.0%). Bucket paused — no new entries until losses recover. Existing positions continue unaffected.
2026-06-17 09:20:17,RELIANCE,RELIANCE.NS,Intraday,REJECT,59,56,1,NONE ⚪,1,WEAK BULL 📈,"Score 56/100 and 1/4 strategies agree — signal is not strong enough for overnight hold, but may work as an intraday trade.",Portfolio risk gate: 🛑 Blocked: Intraday bucket drawdown: -16.7% (limit: -10.0%). Bucket paused — no new entries until losses recover. Existing positions continue unaffected.,❌ **RELIANCE** REJECTED for Intraday | Score: 59/100 | Votes: 1/4 Reasons: Portfolio risk gate: 🛑 Blocked: Intraday bucket drawdown: -16.7% (limit: -10.0%). Bucket paused — no new entries until losses recover. Existing positions continue unaffected.
2026-06-17 09:20:17,Jindal Stainless,JSL.NS,—,REJECT,0,54,0,NONE ⚪,1,WEAK BULL 📈,"Score 54/100, 1/4 strategies agree — signal is too weak for any bucket. Wait for a stronger setup.","Score 54/100, 1/4 strategies agree — signal is too weak for any bucket. Wait for a stronger setup.","No suitable bucket for Jindal Stainless. Score 54/100, 1/4 strategies agree — signal is too weak for any bucket. Wait for a stronger setup."
2026-06-17 09:20:21,Mazagon Dock,MAZDOCK.NS,Intraday,REJECT,59,55,1,NONE ⚪,1,WEAK BULL 📈,"Score 55/100 and 1/4 strategies agree — signal is not strong enough for overnight hold, but may work as an intraday trade.",Portfolio risk gate: 🛑 Blocked: Intraday bucket drawdown: -16.7% (limit: -10.0%). Bucket paused — no new entries until losses recover. Existing positions continue unaffected.,❌ **Mazagon Dock** REJECTED for Intraday | Score: 59/100 | Votes: 1/4 Reasons: Portfolio risk gate: 🛑 Blocked: Intraday bucket drawdown: -16.7% (limit: -10.0%). Bucket paused — no new entries until losses recover. Existing positions continue unaffected.
2026-06-17 09:20:21,HDFCBANK,HDFCBANK.NS,Intraday,REJECT,64,58,1,NONE ⚪,1,WEAK BULL 📈,"Score 58/100 and 1/4 strategies agree — signal is not strong enough for overnight hold, but may work as an intraday trade.",Portfolio risk gate: 🛑 Blocked: Intraday bucket drawdown: -16.7% (limit: -10.0%). Bucket paused — no new entries until losses recover. Existing positions continue unaffected.,❌ **HDFCBANK** REJECTED for Intraday | Score: 64/100 | Votes: 1/4 Reasons: Portfolio risk gate: 🛑 Blocked: Intraday bucket drawdown: -16.7% (limit: -10.0%). Bucket paused — no new entries until losses recover. Existing positions continue unaffected.
2026-06-17 09:20:21,TMPV,TMPV.NS,—,REJECT,0,54,0,NONE ⚪,1,WEAK BULL 📈,"Score 54/100, 1/4 strategies agree — signal is too weak for any bucket. Wait for a stronger setup.","Score 54/100, 1/4 strategies agree — signal is too weak for any bucket. Wait for a stronger setup.","No suitable bucket for TMPV. Score 54/100, 1/4 strategies agree — signal is too weak for any bucket. Wait for a stronger setup."
2026-06-17 09:20:22,INFY,INFY.NS,—,REJECT,0,51,0,NONE ⚪,1,WEAK BULL 📈,"Score 51/100, 1/4 strategies agree — signal is too weak for any bucket. Wait for a stronger setup.","Score 51/100, 1/4 strategies agree — signal is too weak for any bucket. Wait for a stronger setup.","No suitable bucket for INFY. Score 51/100, 1/4 strategies agree — signal is too weak for any bucket. Wait for a stronger setup."
2026-06-17 09:20:25,ICICIBANK,ICICIBANK.NS,Intraday,REJECT,66,58,1,NONE ⚪,1,WEAK BULL 📈,"Score 58/100 and 1/4 strategies agree — signal is not strong enough for overnight hold, but may work as an intraday trade.",Portfolio risk gate: 🛑 Blocked: Intraday bucket drawdown: -16.7% (limit: -10.0%). Bucket paused — no new entries until losses recover. Existing positions continue unaffected.,❌ **ICICIBANK** REJECTED for Intraday | Score: 66/100 | Votes: 1/4 Reasons: Portfolio risk gate: 🛑 Blocked: Intraday bucket drawdown: -16.7% (limit: -10.0%). Bucket paused — no new entries until losses recover. Existing positions continue unaffected.
2026-06-17 09:20:26,Bharat Dynamics,BDL.NS,Intraday,REJECT,57,55,1,NONE ⚪,1,WEAK BULL 📈,"Score 55/100 and 1/4 strategies agree — signal is not strong enough for overnight hold, but may work as an intraday trade.",Portfolio risk gate: 🛑 Blocked: Intraday bucket drawdown: -16.7% (limit: -10.0%). Bucket paused — no new entries until losses recover. Existing positions continue unaffected.,❌ **Bharat Dynamics** REJECTED for Intraday | Score: 57/100 | Votes: 1/4 Reasons: Portfolio risk gate: 🛑 Blocked: Intraday bucket drawdown: -16.7% (limit: -10.0%). Bucket paused — no new entries until losses recover. Existing positions continue unaffected.
2026-06-17 09:20:28,HINDUNILVR,HINDUNILVR.NS,Intraday,REJECT,59,55,1,NONE ⚪,1,WEAK BULL 📈,"Score 55/100 and 1/4 strategies agree — signal is not strong enough for overnight hold, but may work as an intraday trade.",Portfolio risk gate: 🛑 Blocked: Intraday bucket drawdown: -16.7% (limit: -10.0%). Bucket paused — no new entries until losses recover. Existing positions continue unaffected.,❌ **HINDUNILVR** REJECTED for Intraday | Score: 59/100 | Votes: 1/4 Reasons: Portfolio risk gate: 🛑 Blocked: Intraday bucket drawdown: -16.7% (limit: -10.0%). Bucket paused — no new entries until losses recover. Existing positions continue unaffected.
2026-06-17 09:20:30,TVS Motors,TVSMOTOR.NS,Intraday,REJECT,59,55,1,NONE ⚪,1,WEAK BULL 📈,"Score 55/100 and 1/4 strategies agree — signal is not strong enough for overnight hold, but may work as an intraday trade.",Portfolio risk gate: 🛑 Blocked: Intraday bucket drawdown: -16.7% (limit: -10.0%). Bucket paused — no new entries until losses recover. Existing positions continue unaffected.,❌ **TVS Motors** REJECTED for Intraday | Score: 59/100 | Votes: 1/4 Reasons: Portfolio risk gate: 🛑 Blocked: Intraday bucket drawdown: -16.7% (limit: -10.0%). Bucket paused — no new entries until losses recover. Existing positions continue unaffected.
2026-06-17 09:20:31,BHARTIARTL,BHARTIARTL.NS,Intraday,REJECT,59,55,1,NONE ⚪,1,WEAK BULL 📈,"Score 55/100 and 1/4 strategies agree — signal is not strong enough for overnight hold, but may work as an intraday trade.",Portfolio risk gate: 🛑 Blocked: Intraday bucket drawdown: -16.7% (limit: -10.0%). Bucket paused — no new entries until losses recover. Existing positions continue unaffected.,❌ **BHARTIARTL** REJECTED for Intraday | Score: 59/100 | Votes: 1/4 Reasons: Portfolio risk gate: 🛑 Blocked: Intraday bucket drawdown: -16.7% (limit: -10.0%). Bucket paused — no new entries until losses recover. Existing positions continue unaffected.
2026-06-17 09:20:34,DMART,DMART.NS,Intraday,REJECT,62,55,1,NONE ⚪,1,WEAK BULL 📈,"Score 55/100 and 1/4 strategies agree — signal is not strong enough for overnight hold, but may work as an intraday trade.",Portfolio risk gate: 🛑 Blocked: Intraday bucket drawdown: -16.7% (limit: -10.0%). Bucket paused — no new entries until losses recover. Existing positions continue unaffected.,❌ **DMART** REJECTED for Intraday | Score: 62/100 | Votes: 1/4 Reasons: Portfolio risk gate: 🛑 Blocked: Intraday bucket drawdown: -16.7% (limit: -10.0%). Bucket paused — no new entries until losses recover. Existing positions continue unaffected.
2026-06-17 09:20:35,IDEA,IDEA.NS,—,REJECT,0,53,0,NONE ⚪,1,WEAK BULL 📈,"Score 53/100, 1/4 strategies agree — signal is too weak for any bucket. Wait for a stronger setup.","Score 53/100, 1/4 strategies agree — signal is too weak for any bucket. Wait for a stronger setup.","No suitable bucket for IDEA. Score 53/100, 1/4 strategies agree — signal is too weak for any bucket. Wait for a stronger setup."
2026-06-17 09:20:38,Garden Reach Shipbuilders,GRSE.NS,Intraday,REJECT,59,55,1,NONE ⚪,1,WEAK BULL 📈,"Score 55/100 and 1/4 strategies agree — signal is not strong enough for overnight hold, but may work as an intraday trade.",Portfolio risk gate: 🛑 Blocked: Intraday bucket drawdown: -16.7% (limit: -10.0%). Bucket paused — no new entries until losses recover. Existing positions continue unaffected.,❌ **Garden Reach Shipbuilders** REJECTED for Intraday | Score: 59/100 | Votes: 1/4 Reasons: Portfolio risk gate: 🛑 Blocked: Intraday bucket drawdown: -16.7% (limit: -10.0%). Bucket paused — no new entries until losses recover. Existing positions continue unaffected.
2026-06-17 09:20:41,ITC,ITC.NS,Intraday,REJECT,59,55,1,NONE ⚪,1,WEAK BULL 📈,"Score 55/100 and 1/4 strategies agree — signal is not strong enough for overnight hold, but may work as an intraday trade.",Portfolio risk gate: 🛑 Blocked: Intraday bucket drawdown: -16.7% (limit: -10.0%). Bucket paused — no new entries until losses recover. Existing positions continue unaffected.,❌ **ITC** REJECTED for Intraday | Score: 59/100 | Votes: 1/4 Reasons: Portfolio risk gate: 🛑 Blocked: Intraday bucket drawdown: -16.7% (limit: -10.0%). Bucket paused — no new entries until losses recover. Existing positions continue unaffected.
2026-06-17 09:20:42,IREDA,IREDA.NS,Intraday,REJECT,59,58,2,LOW 🟡,2,WEAK BULL 📈,"Score 58/100 and 2/4 strategies agree — signal is not strong enough for overnight hold, but may work as an intraday trade.",Portfolio risk gate: 🛑 Blocked: Intraday bucket drawdown: -16.7% (limit: -10.0%). Bucket paused — no new entries until losses recover. Existing positions continue unaffected.,❌ **IREDA** REJECTED for Intraday | Score: 59/100 | Votes: 2/4 Reasons: Portfolio risk gate: 🛑 Blocked: Intraday bucket drawdown: -16.7% (limit: -10.0%). Bucket paused — no new entries until losses recover. Existing positions continue unaffected.
2026-06-17 09:20:43,KOTAKBANK,KOTAKBANK.NS,Intraday,REJECT,66,58,1,NONE ⚪,1,WEAK BULL 📈,"Score 58/100 and 1/4 strategies agree — signal is not strong enough for overnight hold, but may work as an intraday trade.",Portfolio risk gate: 🛑 Blocked: Intraday bucket drawdown: -16.7% (limit: -10.0%). Bucket paused — no new entries until losses recover. Existing positions continue unaffected.,❌ **KOTAKBANK** REJECTED for Intraday | Score: 66/100 | Votes: 1/4 Reasons: Portfolio risk gate: 🛑 Blocked: Intraday bucket drawdown: -16.7% (limit: -10.0%). Bucket paused — no new entries until losses recover. Existing positions continue unaffected.
2026-06-17 09:20:46,Eternal (formerly Zomato),ETERNAL.NS,Intraday,REJECT,64,59,2,LOW 🟡,2,WEAK BULL 📈,"Score 59/100 and 2/4 strategies agree — signal is not strong enough for overnight hold, but may work as an intraday trade.",Portfolio risk gate: 🛑 Blocked: Intraday bucket drawdown: -16.7% (limit: -10.0%). Bucket paused — no new entries until losses recover. Existing positions continue unaffected.,❌ **Eternal (formerly Zomato)** REJECTED for Intraday | Score: 64/100 | Votes: 2/4 Reasons: Portfolio risk gate: 🛑 Blocked: Intraday bucket drawdown: -16.7% (limit: -10.0%). Bucket paused — no new entries until losses recover. Existing positions continue unaffected.
2026-06-17 09:20:49,COLPAL,COLPAL.NS,Intraday,REJECT,64,59,2,LOW 🟡,2,WEAK BULL 📈,"Score 59/100 and 2/4 strategies agree — signal is not strong enough for overnight hold, but may work as an intraday trade.",Portfolio risk gate: 🛑 Blocked: Intraday bucket drawdown: -16.7% (limit: -10.0%). Bucket paused — no new entries until losses recover. Existing positions continue unaffected.,❌ **COLPAL** REJECTED for Intraday | Score: 64/100 | Votes: 2/4 Reasons: Portfolio risk gate: 🛑 Blocked: Intraday bucket drawdown: -16.7% (limit: -10.0%). Bucket paused — no new entries until losses recover. Existing positions continue unaffected.
2026-06-17 09:20:51,DIVISLAB,DIVISLAB.NS,—,REJECT,0,54,0,NONE ⚪,2,WEAK BULL 📈,"Score 54/100, 2/4 strategies agree — signal is too weak for any bucket. Wait for a stronger setup.","Score 54/100, 2/4 strategies agree — signal is too weak for any bucket. Wait for a stronger setup.","No suitable bucket for DIVISLAB. Score 54/100, 2/4 strategies agree — signal is too weak for any bucket. Wait for a stronger setup."
2026-06-17 09:20:52,BAJFINANCE,BAJFINANCE.NS,Intraday,REJECT,67,59,1,NONE ⚪,1,WEAK BULL 📈,"Score 59/100 and 1/4 strategies agree — signal is not strong enough for overnight hold, but may work as an intraday trade.",Portfolio risk gate: 🛑 Blocked: Intraday bucket drawdown: -16.7% (limit: -10.0%). Bucket paused — no new entries until losses recover. Existing positions continue unaffected.,❌ **BAJFINANCE** REJECTED for Intraday | Score: 67/100 | Votes: 1/4 Reasons: Portfolio risk gate: 🛑 Blocked: Intraday bucket drawdown: -16.7% (limit: -10.0%). Bucket paused — no new entries until losses recover. Existing positions continue unaffected.
2026-06-17 09:20:54,APOLLOHOSP,APOLLOHOSP.NS,—,REJECT,0,53,0,NONE ⚪,1,WEAK BULL 📈,"Score 53/100, 1/4 strategies agree — signal is too weak for any bucket. Wait for a stronger setup.","Score 53/100, 1/4 strategies agree — signal is too weak for any bucket. Wait for a stronger setup.","No suitable bucket for APOLLOHOSP. Score 53/100, 1/4 strategies agree — signal is too weak for any bucket. Wait for a stronger setup."
2026-06-17 09:20:56,AXISBANK,AXISBANK.NS,Intraday,REJECT,66,59,1,NONE ⚪,1,WEAK BULL 📈,"Score 59/100 and 1/4 strategies agree — signal is not strong enough for overnight hold, but may work as an intraday trade.",Portfolio risk gate: 🛑 Blocked: Intraday bucket drawdown: -16.7% (limit: -10.0%). Bucket paused — no new entries until losses recover. Existing positions continue unaffected.,❌ **AXISBANK** REJECTED for Intraday | Score: 66/100 | Votes: 1/4 Reasons: Portfolio risk gate: 🛑 Blocked: Intraday bucket drawdown: -16.7% (limit: -10.0%). Bucket paused — no new entries until losses recover. Existing positions continue unaffected.
2026-06-17 09:20:57,HEROMOTOCO,HEROMOTOCO.NS,Intraday,REJECT,59,55,1,NONE ⚪,1,WEAK BULL 📈,"Score 55/100 and 1/4 strategies agree — signal is not strong enough for overnight hold, but may work as an intraday trade.",Portfolio risk gate: 🛑 Blocked: Intraday bucket drawdown: -16.7% (limit: -10.0%). Bucket paused — no new entries until losses recover. Existing positions continue unaffected.,❌ **HEROMOTOCO** REJECTED for Intraday | Score: 59/100 | Votes: 1/4 Reasons: Portfolio risk gate: 🛑 Blocked: Intraday bucket drawdown: -16.7% (limit: -10.0%). Bucket paused — no new entries until losses recover. Existing positions continue unaffected.
2026-06-17 09:20:59,ASIANPAINT,ASIANPAINT.NS,Intraday,REJECT,63,56,1,NONE ⚪,1,WEAK BULL 📈,"Score 56/100 and 1/4 strategies agree — signal is not strong enough for overnight hold, but may work as an intraday trade.",Portfolio risk gate: 🛑 Blocked: Intraday bucket drawdown: -16.7% (limit: -10.0%). Bucket paused — no new entries until losses recover. Existing positions continue unaffected.,❌ **ASIANPAINT** REJECTED for Intraday | Score: 63/100 | Votes: 1/4 Reasons: Portfolio risk gate: 🛑 Blocked: Intraday bucket drawdown: -16.7% (limit: -10.0%). Bucket paused — no new entries until losses recover. Existing positions continue unaffected.
2026-06-17 09:21:01,EICHERMOT,EICHERMOT.NS,Intraday,REJECT,69,60,1,NONE ⚪,1,WEAK BULL 📈,"Score 60/100 and 1/4 strategies agree — signal is not strong enough for overnight hold, but may work as an intraday trade.",Portfolio risk gate: 🛑 Blocked: Intraday bucket drawdown: -16.7% (limit: -10.0%). Bucket paused — no new entries until losses recover. Existing positions continue unaffected.,❌ **EICHERMOT** REJECTED for Intraday | Score: 69/100 | Votes: 1/4 Reasons: Portfolio risk gate: 🛑 Blocked: Intraday bucket drawdown: -16.7% (limit: -10.0%). Bucket paused — no new entries until losses recover. Existing positions continue unaffected.
2026-06-17 09:21:02,MARUTI,MARUTI.NS,Intraday,REJECT,69,59,1,NONE ⚪,1,WEAK BULL 📈,"Score 59/100 and 1/4 strategies agree — signal is not strong enough for overnight hold, but may work as an intraday trade.",Portfolio risk gate: 🛑 Blocked: Intraday bucket drawdown: -16.7% (limit: -10.0%). Bucket paused — no new entries until losses recover. Existing positions continue unaffected.,❌ **MARUTI** REJECTED for Intraday | Score: 69/100 | Votes: 1/4 Reasons: Portfolio risk gate: 🛑 Blocked: Intraday bucket drawdown: -16.7% (limit: -10.0%). Bucket paused — no new entries until losses recover. Existing positions continue unaffected.
2026-06-17 09:21:06,TITAN,TITAN.NS,Intraday,REJECT,64,57,1,NONE ⚪,1,WEAK BULL 📈,"Score 57/100 and 1/4 strategies agree — signal is not strong enough for overnight hold, but may work as an intraday trade.",Portfolio risk gate: 🛑 Blocked: Intraday bucket drawdown: -16.7% (limit: -10.0%). Bucket paused — no new entries until losses recover. Existing positions continue unaffected.,❌ **TITAN** REJECTED for Intraday | Score: 64/100 | Votes: 1/4 Reasons: Portfolio risk gate: 🛑 Blocked: Intraday bucket drawdown: -16.7% (limit: -10.0%). Bucket paused — no new entries until losses recover. Existing positions continue unaffected.
2026-06-17 09:21:07,PFC,PFC.NS,Intraday,REJECT,59,56,1,NONE ⚪,1,WEAK BULL 📈,"Score 56/100 and 1/4 strategies agree — signal is not strong enough for overnight hold, but may work as an intraday trade.",Portfolio risk gate: 🛑 Blocked: Intraday bucket drawdown: -16.7% (limit: -10.0%). Bucket paused — no new entries until losses recover. Existing positions continue unaffected.,❌ **PFC** REJECTED for Intraday | Score: 59/100 | Votes: 1/4 Reasons: Portfolio risk gate: 🛑 Blocked: Intraday bucket drawdown: -16.7% (limit: -10.0%). Bucket paused — no new entries until losses recover. Existing positions continue unaffected.
2026-06-17 09:21:10,RECLTD,RECLTD.NS,Intraday,REJECT,64,57,1,NONE ⚪,1,WEAK BULL 📈,"Score 57/100 and 1/4 strategies agree — signal is not strong enough for overnight hold, but may work as an intraday trade.",Portfolio risk gate: 🛑 Blocked: Intraday bucket drawdown: -16.7% (limit: -10.0%). Bucket paused — no new entries until losses recover. Existing positions continue unaffected.,❌ **RECLTD** REJECTED for Intraday | Score: 64/100 | Votes: 1/4 Reasons: Portfolio risk gate: 🛑 Blocked: Intraday bucket drawdown: -16.7% (limit: -10.0%). Bucket paused — no new entries until losses recover. Existing positions continue unaffected.
2026-06-17 09:21:10,ULTRACEMCO,ULTRACEMCO.NS,Intraday,REJECT,59,56,1,NONE ⚪,1,WEAK BULL 📈,"Score 56/100 and 1/4 strategies agree — signal is not strong enough for overnight hold, but may work as an intraday trade.",Portfolio risk gate: 🛑 Blocked: Intraday bucket drawdown: -16.7% (limit: -10.0%). Bucket paused — no new entries until losses recover. Existing positions continue unaffected.,❌ **ULTRACEMCO** REJECTED for Intraday | Score: 59/100 | Votes: 1/4 Reasons: Portfolio risk gate: 🛑 Blocked: Intraday bucket drawdown: -16.7% (limit: -10.0%). Bucket paused — no new entries until losses recover. Existing positions continue unaffected.
2026-06-17 09:21:12,ADANIENT,ADANIENT.NS,—,REJECT,0,54,0,NONE ⚪,1,WEAK BULL 📈,"Score 54/100, 1/4 strategies agree — signal is too weak for any bucket. Wait for a stronger setup.","Score 54/100, 1/4 strategies agree — signal is too weak for any bucket. Wait for a stronger setup.","No suitable bucket for ADANIENT. Score 54/100, 1/4 strategies agree — signal is too weak for any bucket. Wait for a stronger setup."
2026-06-17 09:21:13,ADANIPORTS,ADANIPORTS.NS,—,REJECT,0,53,0,NONE ⚪,1,WEAK BULL 📈,"Score 53/100, 1/4 strategies agree — signal is too weak for any bucket. Wait for a stronger setup.","Score 53/100, 1/4 strategies agree — signal is too weak for any bucket. Wait for a stronger setup.","No suitable bucket for ADANIPORTS. Score 53/100, 1/4 strategies agree — signal is too weak for any bucket. Wait for a stronger setup."
2026-06-17 09:21:18,RELIANCE,RELIANCE.NS,Intraday,REJECT,59,56,1,NONE ⚪,1,WEAK BULL 📈,"Score 56/100 and 1/4 strategies agree — signal is not strong enough for overnight hold, but may work as an intraday trade.",Portfolio risk gate: 🛑 Blocked: Intraday bucket drawdown: -16.7% (limit: -10.0%). Bucket paused — no new entries until losses recover. Existing positions continue unaffected.,❌ **RELIANCE** REJECTED for Intraday | Score: 59/100 | Votes: 1/4 Reasons: Portfolio risk gate: 🛑 Blocked: Intraday bucket drawdown: -16.7% (limit: -10.0%). Bucket paused — no new entries until losses recover. Existing positions continue unaffected.
2026-06-17 09:21:19,TMCV,TMCV.NS,Intraday,REJECT,64,58,1,NONE ⚪,1,WEAK BULL 📈,"Score 58/100 and 1/4 strategies agree — signal is not strong enough for overnight hold, but may work as an intraday trade.",Portfolio risk gate: 🛑 Blocked: Intraday bucket drawdown: -16.7% (limit: -10.0%). Bucket paused — no new entries until losses recover. Existing positions continue unaffected.,❌ **TMCV** REJECTED for Intraday | Score: 64/100 | Votes: 1/4 Reasons: Portfolio risk gate: 🛑 Blocked: Intraday bucket drawdown: -16.7% (limit: -10.0%). Bucket paused — no new entries until losses recover. Existing positions continue unaffected.
2026-06-17 09:21:19,SHRIRAMFIN,SHRIRAMFIN.NS,Intraday,REJECT,69,59,1,NONE ⚪,1,WEAK BULL 📈,"Score 59/100 and 1/4 strategies agree — signal is not strong enough for overnight hold, but may work as an intraday trade.",Portfolio risk gate: 🛑 Blocked: Intraday bucket drawdown: -16.7% (limit: -10.0%). Bucket paused — no new entries until losses recover. Existing positions continue unaffected.,❌ **SHRIRAMFIN** REJECTED for Intraday | Score: 69/100 | Votes: 1/4 Reasons: Portfolio risk gate: 🛑 Blocked: Intraday bucket drawdown: -16.7% (limit: -10.0%). Bucket paused — no new entries until losses recover. Existing positions continue unaffected.
2026-06-17 09:21:23,HDFCBANK,HDFCBANK.NS,Intraday,REJECT,64,58,1,NONE ⚪,1,WEAK BULL 📈,"Score 58/100 and 1/4 strategies agree — signal is not strong enough for overnight hold, but may work as an intraday trade.",Portfolio risk gate: 🛑 Blocked: Intraday bucket drawdown: -16.7% (limit: -10.0%). Bucket paused — no new entries until losses recover. Existing positions continue unaffected.,❌ **HDFCBANK** REJECTED for Intraday | Score: 64/100 | Votes: 1/4 Reasons: Portfolio risk gate: 🛑 Blocked: Intraday bucket drawdown: -16.7% (limit: -10.0%). Bucket paused — no new entries until losses recover. Existing positions continue unaffected.
2026-06-17 09:21:23,HCLTECH,HCLTECH.NS,Intraday,REJECT,57,55,1,NONE ⚪,1,WEAK BULL 📈,"Score 55/100 and 1/4 strategies agree — signal is not strong enough for overnight hold, but may work as an intraday trade.",Portfolio risk gate: 🛑 Blocked: Intraday bucket drawdown: -16.7% (limit: -10.0%). Bucket paused — no new entries until losses recover. Existing positions continue unaffected.,❌ **HCLTECH** REJECTED for Intraday | Score: 57/100 | Votes: 1/4 Reasons: Portfolio risk gate: 🛑 Blocked: Intraday bucket drawdown: -16.7% (limit: -10.0%). Bucket paused — no new entries until losses recover. Existing positions continue unaffected.
2026-06-17 09:21:24,INFY,INFY.NS,—,REJECT,0,51,0,NONE ⚪,1,WEAK BULL 📈,"Score 51/100, 1/4 strategies agree — signal is too weak for any bucket. Wait for a stronger setup.","Score 51/100, 1/4 strategies agree — signal is too weak for any bucket. Wait for a stronger setup.","No suitable bucket for INFY. Score 51/100, 1/4 strategies agree — signal is too weak for any bucket. Wait for a stronger setup."
2026-06-17 09:21:26,CHOLAFIN,CHOLAFIN.NS,Intraday,REJECT,66,58,1,NONE ⚪,1,WEAK BULL 📈,"Score 58/100 and 1/4 strategies agree — signal is not strong enough for overnight hold, but may work as an intraday trade.",Portfolio risk gate: 🛑 Blocked: Intraday bucket drawdown: -16.7% (limit: -10.0%). Bucket paused — no new entries until losses recover. Existing positions continue unaffected.,❌ **CHOLAFIN** REJECTED for Intraday | Score: 66/100 | Votes: 1/4 Reasons: Portfolio risk gate: 🛑 Blocked: Intraday bucket drawdown: -16.7% (limit: -10.0%). Bucket paused — no new entries until losses recover. Existing positions continue unaffected.
2026-06-17 09:21:26,BAJAJFINSV,BAJAJFINSV.NS,Intraday,REJECT,59,55,1,NONE ⚪,1,WEAK BULL 📈,"Score 55/100 and 1/4 strategies agree — signal is not strong enough for overnight hold, but may work as an intraday trade.",Portfolio risk gate: 🛑 Blocked: Intraday bucket drawdown: -16.7% (limit: -10.0%). Bucket paused — no new entries until losses recover. Existing positions continue unaffected.,❌ **BAJAJFINSV** REJECTED for Intraday | Score: 59/100 | Votes: 1/4 Reasons: Portfolio risk gate: 🛑 Blocked: Intraday bucket drawdown: -16.7% (limit: -10.0%). Bucket paused — no new entries until losses recover. Existing positions continue unaffected.
2026-06-17 09:21:27,ICICIBANK,ICICIBANK.NS,Intraday,REJECT,66,58,1,NONE ⚪,1,WEAK BULL 📈,"Score 58/100 and 1/4 strategies agree — signal is not strong enough for overnight hold, but may work as an intraday trade.",Portfolio risk gate: 🛑 Blocked: Intraday bucket drawdown: -16.7% (limit: -10.0%). Bucket paused — no new entries until losses recover. Existing positions continue unaffected.,❌ **ICICIBANK** REJECTED for Intraday | Score: 66/100 | Votes: 1/4 Reasons: Portfolio risk gate: 🛑 Blocked: Intraday bucket drawdown: -16.7% (limit: -10.0%). Bucket paused — no new entries until losses recover. Existing positions continue unaffected.
2026-06-17 09:21:30,CANBK,CANBK.NS,Intraday,REJECT,69,60,1,NONE ⚪,1,WEAK BULL 📈,"Score 60/100 and 1/4 strategies agree — signal is not strong enough for overnight hold, but may work as an intraday trade.",Portfolio risk gate: 🛑 Blocked: Intraday bucket drawdown: -16.7% (limit: -10.0%). Bucket paused — no new entries until losses recover. Existing positions continue unaffected.,❌ **CANBK** REJECTED for Intraday | Score: 69/100 | Votes: 1/4 Reasons: Portfolio risk gate: 🛑 Blocked: Intraday bucket drawdown: -16.7% (limit: -10.0%). Bucket paused — no new entries until losses recover. Existing positions continue unaffected.
2026-06-17 09:21:30,LT,LT.NS,Intraday,REJECT,69,59,1,NONE ⚪,1,WEAK BULL 📈,"Score 59/100 and 1/4 strategies agree — signal is not strong enough for overnight hold, but may work as an intraday trade.",Portfolio risk gate: 🛑 Blocked: Intraday bucket drawdown: -16.7% (limit: -10.0%). Bucket paused — no new entries until losses recover. Existing positions continue unaffected.,❌ **LT** REJECTED for Intraday | Score: 69/100 | Votes: 1/4 Reasons: Portfolio risk gate: 🛑 Blocked: Intraday bucket drawdown: -16.7% (limit: -10.0%). Bucket paused — no new entries until losses recover. Existing positions continue unaffected.
2026-06-17 09:21:30,HINDUNILVR,HINDUNILVR.NS,Intraday,REJECT,59,55,1,NONE ⚪,1,WEAK BULL 📈,"Score 55/100 and 1/4 strategies agree — signal is not strong enough for overnight hold, but may work as an intraday trade.",Portfolio risk gate: 🛑 Blocked: Intraday bucket drawdown: -16.7% (limit: -10.0%). Bucket paused — no new entries until losses recover. Existing positions continue unaffected.,❌ **HINDUNILVR** REJECTED for Intraday | Score: 59/100 | Votes: 1/4 Reasons: Portfolio risk gate: 🛑 Blocked: Intraday bucket drawdown: -16.7% (limit: -10.0%). Bucket paused — no new entries until losses recover. Existing positions continue unaffected.
2026-06-17 09:21:33,BANKBARODA,BANKBARODA.NS,Intraday,REJECT,66,59,1,NONE ⚪,1,WEAK BULL 📈,"Score 59/100 and 1/4 strategies agree — signal is not strong enough for overnight hold, but may work as an intraday trade.",Portfolio risk gate: 🛑 Blocked: Intraday bucket drawdown: -16.7% (limit: -10.0%). Bucket paused — no new entries until losses recover. Existing positions continue unaffected.,❌ **BANKBARODA** REJECTED for Intraday | Score: 66/100 | Votes: 1/4 Reasons: Portfolio risk gate: 🛑 Blocked: Intraday bucket drawdown: -16.7% (limit: -10.0%). Bucket paused — no new entries until losses recover. Existing positions continue unaffected.
2026-06-17 09:21:33,M&M,M&M.NS,Intraday,REJECT,64,59,2,LOW 🟡,2,WEAK BULL 📈,"Score 59/100 and 2/4 strategies agree — signal is not strong enough for overnight hold, but may work as an intraday trade.",Portfolio risk gate: 🛑 Blocked: Intraday bucket drawdown: -16.7% (limit: -10.0%). Bucket paused — no new entries until losses recover. Existing positions continue unaffected.,❌ **M&M** REJECTED for Intraday | Score: 64/100 | Votes: 2/4 Reasons: Portfolio risk gate: 🛑 Blocked: Intraday bucket drawdown: -16.7% (limit: -10.0%). Bucket paused — no new entries until losses recover. Existing positions continue unaffected.
2026-06-17 09:21:34,BHARTIARTL,BHARTIARTL.NS,Intraday,REJECT,59,55,1,NONE ⚪,1,WEAK BULL 📈,"Score 55/100 and 1/4 strategies agree — signal is not strong enough for overnight hold, but may work as an intraday trade.",Portfolio risk gate: 🛑 Blocked: Intraday bucket drawdown: -16.7% (limit: -10.0%). Bucket paused — no new entries until losses recover. Existing positions continue unaffected.,❌ **BHARTIARTL** REJECTED for Intraday | Score: 59/100 | Votes: 1/4 Reasons: Portfolio risk gate: 🛑 Blocked: Intraday bucket drawdown: -16.7% (limit: -10.0%). Bucket paused — no new entries until losses recover. Existing positions continue unaffected.
2026-06-17 09:21:34,Jindal Stainless,JSL.NS,—,REJECT,0,54,0,NONE ⚪,1,WEAK BULL 📈,"Score 54/100, 1/4 strategies agree — signal is too weak for any bucket. Wait for a stronger setup.","Score 54/100, 1/4 strategies agree — signal is too weak for any bucket. Wait for a stronger setup.","No suitable bucket for Jindal Stainless. Score 54/100, 1/4 strategies agree — signal is too weak for any bucket. Wait for a stronger setup."
2026-06-17 09:21:36,PNB,PNB.NS,Intraday,REJECT,66,59,1,NONE ⚪,1,WEAK BULL 📈,"Score 59/100 and 1/4 strategies agree — signal is not strong enough for overnight hold, but may work as an intraday trade.",Portfolio risk gate: 🛑 Blocked: Intraday bucket drawdown: -16.7% (limit: -10.0%). Bucket paused — no new entries until losses recover. Existing positions continue unaffected.,❌ **PNB** REJECTED for Intraday | Score: 66/100 | Votes: 1/4 Reasons: Portfolio risk gate: 🛑 Blocked: Intraday bucket drawdown: -16.7% (limit: -10.0%). Bucket paused — no new entries until losses recover. Existing positions continue unaffected.
2026-06-17 09:21:37,Mazagon Dock,MAZDOCK.NS,Intraday,REJECT,59,55,1,NONE ⚪,1,WEAK BULL 📈,"Score 55/100 and 1/4 strategies agree — signal is not strong enough for overnight hold, but may work as an intraday trade.",Portfolio risk gate: 🛑 Blocked: Intraday bucket drawdown: -16.7% (limit: -10.0%). Bucket paused — no new entries until losses recover. Existing positions continue unaffected.,❌ **Mazagon Dock** REJECTED for Intraday | Score: 59/100 | Votes: 1/4 Reasons: Portfolio risk gate: 🛑 Blocked: Intraday bucket drawdown: -16.7% (limit: -10.0%). Bucket paused — no new entries until losses recover. Existing positions continue unaffected.
2026-06-17 09:21:37,ITC,ITC.NS,Intraday,REJECT,59,55,1,NONE ⚪,1,WEAK BULL 📈,"Score 55/100 and 1/4 strategies agree — signal is not strong enough for overnight hold, but may work as an intraday trade.",Portfolio risk gate: 🛑 Blocked: Intraday bucket drawdown: -16.7% (limit: -10.0%). Bucket paused — no new entries until losses recover. Existing positions continue unaffected.,❌ **ITC** REJECTED for Intraday | Score: 59/100 | Votes: 1/4 Reasons: Portfolio risk gate: 🛑 Blocked: Intraday bucket drawdown: -16.7% (limit: -10.0%). Bucket paused — no new entries until losses recover. Existing positions continue unaffected.
2026-06-17 09:21:39,TMPV,TMPV.NS,—,REJECT,0,54,0,NONE ⚪,1,WEAK BULL 📈,"Score 54/100, 1/4 strategies agree — signal is too weak for any bucket. Wait for a stronger setup.","Score 54/100, 1/4 strategies agree — signal is too weak for any bucket. Wait for a stronger setup.","No suitable bucket for TMPV. Score 54/100, 1/4 strategies agree — signal is too weak for any bucket. Wait for a stronger setup."
2026-06-17 09:21:41,KOTAKBANK,KOTAKBANK.NS,Intraday,REJECT,66,58,1,NONE ⚪,1,WEAK BULL 📈,"Score 58/100 and 1/4 strategies agree — signal is not strong enough for overnight hold, but may work as an intraday trade.",Portfolio risk gate: 🛑 Blocked: Intraday bucket drawdown: -16.7% (limit: -10.0%). Bucket paused — no new entries until losses recover. Existing positions continue unaffected.,❌ **KOTAKBANK** REJECTED for Intraday | Score: 66/100 | Votes: 1/4 Reasons: Portfolio risk gate: 🛑 Blocked: Intraday bucket drawdown: -16.7% (limit: -10.0%). Bucket paused — no new entries until losses recover. Existing positions continue unaffected.
2026-06-17 09:21:41,BANDHANBNK,BANDHANBNK.NS,Intraday,REJECT,69,60,1,NONE ⚪,1,WEAK BULL 📈,"Score 60/100 and 1/4 strategies agree — signal is not strong enough for overnight hold, but may work as an intraday trade.",Portfolio risk gate: 🛑 Blocked: Intraday bucket drawdown: -16.7% (limit: -10.0%). Bucket paused — no new entries until losses recover. Existing positions continue unaffected.,❌ **BANDHANBNK** REJECTED for Intraday | Score: 69/100 | Votes: 1/4 Reasons: Portfolio risk gate: 🛑 Blocked: Intraday bucket drawdown: -16.7% (limit: -10.0%). Bucket paused — no new entries until losses recover. Existing positions continue unaffected.
2026-06-17 09:21:44,Bharat Dynamics,BDL.NS,Intraday,REJECT,57,55,1,NONE ⚪,1,WEAK BULL 📈,"Score 55/100 and 1/4 strategies agree — signal is not strong enough for overnight hold, but may work as an intraday trade.",Portfolio risk gate: 🛑 Blocked: Intraday bucket drawdown: -16.7% (limit: -10.0%). Bucket paused — no new entries until losses recover. Existing positions continue unaffected.,❌ **Bharat Dynamics** REJECTED for Intraday | Score: 57/100 | Votes: 1/4 Reasons: Portfolio risk gate: 🛑 Blocked: Intraday bucket drawdown: -16.7% (limit: -10.0%). Bucket paused — no new entries until losses recover. Existing positions continue unaffected.
2026-06-17 09:21:44,BAJFINANCE,BAJFINANCE.NS,Intraday,REJECT,67,59,1,NONE ⚪,1,WEAK BULL 📈,"Score 59/100 and 1/4 strategies agree — signal is not strong enough for overnight hold, but may work as an intraday trade.",Portfolio risk gate: 🛑 Blocked: Intraday bucket drawdown: -16.7% (limit: -10.0%). Bucket paused — no new entries until losses recover. Existing positions continue unaffected.,❌ **BAJFINANCE** REJECTED for Intraday | Score: 67/100 | Votes: 1/4 Reasons: Portfolio risk gate: 🛑 Blocked: Intraday bucket drawdown: -16.7% (limit: -10.0%). Bucket paused — no new entries until losses recover. Existing positions continue unaffected.
2026-06-17 09:21:44,INDUSINDBK,INDUSINDBK.NS,Intraday,REJECT,64,58,1,NONE ⚪,1,WEAK BULL 📈,"Score 58/100 and 1/4 strategies agree — signal is not strong enough for overnight hold, but may work as an intraday trade.",Portfolio risk gate: 🛑 Blocked: Intraday bucket drawdown: -16.7% (limit: -10.0%). Bucket paused — no new entries until losses recover. Existing positions continue unaffected.,❌ **INDUSINDBK** REJECTED for Intraday | Score: 64/100 | Votes: 1/4 Reasons: Portfolio risk gate: 🛑 Blocked: Intraday bucket drawdown: -16.7% (limit: -10.0%). Bucket paused — no new entries until losses recover. Existing positions continue unaffected.
2026-06-17 09:21:46,GRASIM,GRASIM.NS,—,REJECT,0,53,0,NONE ⚪,1,WEAK BULL 📈,"Score 53/100, 1/4 strategies agree — signal is too weak for any bucket. Wait for a stronger setup.","Score 53/100, 1/4 strategies agree — signal is too weak for any bucket. Wait for a stronger setup.","No suitable bucket for GRASIM. Score 53/100, 1/4 strategies agree — signal is too weak for any bucket. Wait for a stronger setup."
2026-06-17 09:21:47,TVS Motors,TVSMOTOR.NS,Intraday,REJECT,59,55,1,NONE ⚪,1,WEAK BULL 📈,"Score 55/100 and 1/4 strategies agree — signal is not strong enough for overnight hold, but may work as an intraday trade.",Portfolio risk gate: 🛑 Blocked: Intraday bucket drawdown: -16.7% (limit: -10.0%). Bucket paused — no new entries until losses recover. Existing positions continue unaffected.,❌ **TVS Motors** REJECTED for Intraday | Score: 59/100 | Votes: 1/4 Reasons: Portfolio risk gate: 🛑 Blocked: Intraday bucket drawdown: -16.7% (limit: -10.0%). Bucket paused — no new entries until losses recover. Existing positions continue unaffected.
2026-06-17 09:21:47,BERGEPAINT,BERGEPAINT.NS,—,REJECT,0,52,0,NONE ⚪,1,WEAK BULL 📈,"Score 52/100, 1/4 strategies agree — signal is too weak for any bucket. Wait for a stronger setup.","Score 52/100, 1/4 strategies agree — signal is too weak for any bucket. Wait for a stronger setup.","No suitable bucket for BERGEPAINT. Score 52/100, 1/4 strategies agree — signal is too weak for any bucket. Wait for a stronger setup."
2026-06-17 09:21:48,AXISBANK,AXISBANK.NS,Intraday,REJECT,66,59,1,NONE ⚪,1,WEAK BULL 📈,"Score 59/100 and 1/4 strategies agree — signal is not strong enough for overnight hold, but may work as an intraday trade.",Portfolio risk gate: 🛑 Blocked: Intraday bucket drawdown: -16.7% (limit: -10.0%). Bucket paused — no new entries until losses recover. Existing positions continue unaffected.,❌ **AXISBANK** REJECTED for Intraday | Score: 66/100 | Votes: 1/4 Reasons: Portfolio risk gate: 🛑 Blocked: Intraday bucket drawdown: -16.7% (limit: -10.0%). Bucket paused — no new entries until losses recover. Existing positions continue unaffected.
2026-06-17 09:21:49,ABB,ABB.NS,—,REJECT,0,53,0,NONE ⚪,1,WEAK BULL 📈,"Score 53/100, 1/4 strategies agree — signal is too weak for any bucket. Wait for a stronger setup.","Score 53/100, 1/4 strategies agree — signal is too weak for any bucket. Wait for a stronger setup.","No suitable bucket for ABB. Score 53/100, 1/4 strategies agree — signal is too weak for any bucket. Wait for a stronger setup."
2026-06-17 09:21:51,DMART,DMART.NS,Intraday,REJECT,62,55,1,NONE ⚪,1,WEAK BULL 📈,"Score 55/100 and 1/4 strategies agree — signal is not strong enough for overnight hold, but may work as an intraday trade.",Portfolio risk gate: 🛑 Blocked: Intraday bucket drawdown: -16.7% (limit: -10.0%). Bucket paused — no new entries until losses recover. Existing positions continue unaffected.,❌ **DMART** REJECTED for Intraday | Score: 62/100 | Votes: 1/4 Reasons: Portfolio risk gate: 🛑 Blocked: Intraday bucket drawdown: -16.7% (limit: -10.0%). Bucket paused — no new entries until losses recover. Existing positions continue unaffected.
2026-06-17 09:21:51,ASIANPAINT,ASIANPAINT.NS,Intraday,REJECT,63,56,1,NONE ⚪,1,WEAK BULL 📈,"Score 56/100 and 1/4 strategies agree — signal is not strong enough for overnight hold, but may work as an intraday trade.",Portfolio risk gate: 🛑 Blocked: Intraday bucket drawdown: -16.7% (limit: -10.0%). Bucket paused — no new entries until losses recover. Existing positions continue unaffected.,❌ **ASIANPAINT** REJECTED for Intraday | Score: 63/100 | Votes: 1/4 Reasons: Portfolio risk gate: 🛑 Blocked: Intraday bucket drawdown: -16.7% (limit: -10.0%). Bucket paused — no new entries until losses recover. Existing positions continue unaffected.
2026-06-17 09:21:52,IDEA,IDEA.NS,—,REJECT,0,53,0,NONE ⚪,1,WEAK BULL 📈,"Score 53/100, 1/4 strategies agree — signal is too weak for any bucket. Wait for a stronger setup.","Score 53/100, 1/4 strategies agree — signal is too weak for any bucket. Wait for a stronger setup.","No suitable bucket for IDEA. Score 53/100, 1/4 strategies agree — signal is too weak for any bucket. Wait for a stronger setup."
2026-06-17 09:21:54,MPHASIS,MPHASIS.NS,Intraday,REJECT,61,57,1,NONE ⚪,1,WEAK BULL 📈,"Score 57/100 and 1/4 strategies agree — signal is not strong enough for overnight hold, but may work as an intraday trade.",Portfolio risk gate: 🛑 Blocked: Intraday bucket drawdown: -16.7% (limit: -10.0%). Bucket paused — no new entries until losses recover. Existing positions continue unaffected.,❌ **MPHASIS** REJECTED for Intraday | Score: 61/100 | Votes: 1/4 Reasons: Portfolio risk gate: 🛑 Blocked: Intraday bucket drawdown: -16.7% (limit: -10.0%). Bucket paused — no new entries until losses recover. Existing positions continue unaffected.
2026-06-17 09:21:54,MARUTI,MARUTI.NS,Intraday,REJECT,69,59,1,NONE ⚪,1,WEAK BULL 📈,"Score 59/100 and 1/4 strategies agree — signal is not strong enough for overnight hold, but may work as an intraday trade.",Portfolio risk gate: 🛑 Blocked: Intraday bucket drawdown: -16.7% (limit: -10.0%). Bucket paused — no new entries until losses recover. Existing positions continue unaffected.,❌ **MARUTI** REJECTED for Intraday | Score: 69/100 | Votes: 1/4 Reasons: Portfolio risk gate: 🛑 Blocked: Intraday bucket drawdown: -16.7% (limit: -10.0%). Bucket paused — no new entries until losses recover. Existing positions continue unaffected.
2026-06-17 09:21:55,VBL,VBL.NS,—,REJECT,0,52,0,NONE ⚪,1,WEAK BULL 📈,"Score 52/100, 1/4 strategies agree — signal is too weak for any bucket. Wait for a stronger setup.","Score 52/100, 1/4 strategies agree — signal is too weak for any bucket. Wait for a stronger setup.","No suitable bucket for VBL. Score 52/100, 1/4 strategies agree — signal is too weak for any bucket. Wait for a stronger setup."
2026-06-17 09:21:55,Garden Reach Shipbuilders,GRSE.NS,Intraday,REJECT,59,55,1,NONE ⚪,1,WEAK BULL 📈,"Score 55/100 and 1/4 strategies agree — signal is not strong enough for overnight hold, but may work as an intraday trade.",Portfolio risk gate: 🛑 Blocked: Intraday bucket drawdown: -16.7% (limit: -10.0%). Bucket paused — no new entries until losses recover. Existing positions continue unaffected.,❌ **Garden Reach Shipbuilders** REJECTED for Intraday | Score: 59/100 | Votes: 1/4 Reasons: Portfolio risk gate: 🛑 Blocked: Intraday bucket drawdown: -16.7% (limit: -10.0%). Bucket paused — no new entries until losses recover. Existing positions continue unaffected.
2026-06-17 09:21:58,TITAN,TITAN.NS,Intraday,REJECT,64,57,1,NONE ⚪,1,WEAK BULL 📈,"Score 57/100 and 1/4 strategies agree — signal is not strong enough for overnight hold, but may work as an intraday trade.",Portfolio risk gate: 🛑 Blocked: Intraday bucket drawdown: -16.7% (limit: -10.0%). Bucket paused — no new entries until losses recover. Existing positions continue unaffected.,❌ **TITAN** REJECTED for Intraday | Score: 64/100 | Votes: 1/4 Reasons: Portfolio risk gate: 🛑 Blocked: Intraday bucket drawdown: -16.7% (limit: -10.0%). Bucket paused — no new entries until losses recover. Existing positions continue unaffected.
2026-06-17 09:21:58,INDIGO,INDIGO.NS,Intraday,REJECT,66,58,1,NONE ⚪,1,WEAK BULL 📈,"Score 58/100 and 1/4 strategies agree — signal is not strong enough for overnight hold, but may work as an intraday trade.",Portfolio risk gate: 🛑 Blocked: Intraday bucket drawdown: -16.7% (limit: -10.0%). Bucket paused — no new entries until losses recover. Existing positions continue unaffected.,❌ **INDIGO** REJECTED for Intraday | Score: 66/100 | Votes: 1/4 Reasons: Portfolio risk gate: 🛑 Blocked: Intraday bucket drawdown: -16.7% (limit: -10.0%). Bucket paused — no new entries until losses recover. Existing positions continue unaffected.
2026-06-17 09:21:59,SUNPHARMA,SUNPHARMA.NS,—,REJECT,0,52,0,NONE ⚪,1,WEAK BULL 📈,"Score 52/100, 1/4 strategies agree — signal is too weak for any bucket. Wait for a stronger setup.","Score 52/100, 1/4 strategies agree — signal is too weak for any bucket. Wait for a stronger setup.","No suitable bucket for SUNPHARMA. Score 52/100, 1/4 strategies agree — signal is too weak for any bucket. Wait for a stronger setup."
2026-06-17 09:21:59,ADANIGREEN,ADANIGREEN.NS,—,REJECT,0,54,0,NONE ⚪,1,WEAK BULL 📈,"Score 54/100, 1/4 strategies agree — signal is too weak for any bucket. Wait for a stronger setup.","Score 54/100, 1/4 strategies agree — signal is too weak for any bucket. Wait for a stronger setup.","No suitable bucket for ADANIGREEN. Score 54/100, 1/4 strategies agree — signal is too weak for any bucket. Wait for a stronger setup."
2026-06-17 09:22:00,IREDA,IREDA.NS,Intraday,REJECT,59,58,2,LOW 🟡,2,WEAK BULL 📈,"Score 58/100 and 2/4 strategies agree — signal is not strong enough for overnight hold, but may work as an intraday trade.",Portfolio risk gate: 🛑 Blocked: Intraday bucket drawdown: -16.7% (limit: -10.0%). Bucket paused — no new entries until losses recover. Existing positions continue unaffected.,❌ **IREDA** REJECTED for Intraday | Score: 59/100 | Votes: 2/4 Reasons: Portfolio risk gate: 🛑 Blocked: Intraday bucket drawdown: -16.7% (limit: -10.0%). Bucket paused — no new entries until losses recover. Existing positions continue unaffected.
2026-06-17 09:22:03,ULTRACEMCO,ULTRACEMCO.NS,Intraday,REJECT,59,56,1,NONE ⚪,1,WEAK BULL 📈,"Score 56/100 and 1/4 strategies agree — signal is not strong enough for overnight hold, but may work as an intraday trade.",Portfolio risk gate: 🛑 Blocked: Intraday bucket drawdown: -16.7% (limit: -10.0%). Bucket paused — no new entries until losses recover. Existing positions continue unaffected.,❌ **ULTRACEMCO** REJECTED for Intraday | Score: 59/100 | Votes: 1/4 Reasons: Portfolio risk gate: 🛑 Blocked: Intraday bucket drawdown: -16.7% (limit: -10.0%). Bucket paused — no new entries until losses recover. Existing positions continue unaffected.
2026-06-17 09:22:03,NYKAA,NYKAA.NS,Intraday,REJECT,64,57,1,NONE ⚪,1,WEAK BULL 📈,"Score 57/100 and 1/4 strategies agree — signal is not strong enough for overnight hold, but may work as an intraday trade.",Portfolio risk gate: 🛑 Blocked: Intraday bucket drawdown: -16.7% (limit: -10.0%). Bucket paused — no new entries until losses recover. Existing positions continue unaffected.,❌ **NYKAA** REJECTED for Intraday | Score: 64/100 | Votes: 1/4 Reasons: Portfolio risk gate: 🛑 Blocked: Intraday bucket drawdown: -16.7% (limit: -10.0%). Bucket paused — no new entries until losses recover. Existing positions continue unaffected.
2026-06-17 09:22:04,Eternal (formerly Zomato),ETERNAL.NS,Intraday,REJECT,64,59,2,LOW 🟡,2,WEAK BULL 📈,"Score 59/100 and 2/4 strategies agree — signal is not strong enough for overnight hold, but may work as an intraday trade.",Portfolio risk gate: 🛑 Blocked: Intraday bucket drawdown: -16.7% (limit: -10.0%). Bucket paused — no new entries until losses recover. Existing positions continue unaffected.,❌ **Eternal (formerly Zomato)** REJECTED for Intraday | Score: 64/100 | Votes: 2/4 Reasons: Portfolio risk gate: 🛑 Blocked: Intraday bucket drawdown: -16.7% (limit: -10.0%). Bucket paused — no new entries until losses recover. Existing positions continue unaffected.
2026-06-17 09:22:05,ADANIENT,ADANIENT.NS,—,REJECT,0,54,0,NONE ⚪,1,WEAK BULL 📈,"Score 54/100, 1/4 strategies agree — signal is too weak for any bucket. Wait for a stronger setup.","Score 54/100, 1/4 strategies agree — signal is too weak for any bucket. Wait for a stronger setup.","No suitable bucket for ADANIENT. Score 54/100, 1/4 strategies agree — signal is too weak for any bucket. Wait for a stronger setup."
2026-06-17 09:22:06,ADANIPORTS,ADANIPORTS.NS,—,REJECT,0,53,0,NONE ⚪,1,WEAK BULL 📈,"Score 53/100, 1/4 strategies agree — signal is too weak for any bucket. Wait for a stronger setup.","Score 53/100, 1/4 strategies agree — signal is too weak for any bucket. Wait for a stronger setup.","No suitable bucket for ADANIPORTS. Score 53/100, 1/4 strategies agree — signal is too weak for any bucket. Wait for a stronger setup."
2026-06-17 09:22:07,COLPAL,COLPAL.NS,Intraday,REJECT,64,59,2,LOW 🟡,2,WEAK BULL 📈,"Score 59/100 and 2/4 strategies agree — signal is not strong enough for overnight hold, but may work as an intraday trade.",Portfolio risk gate: 🛑 Blocked: Intraday bucket drawdown: -16.7% (limit: -10.0%). Bucket paused — no new entries until losses recover. Existing positions continue unaffected.,❌ **COLPAL** REJECTED for Intraday | Score: 64/100 | Votes: 2/4 Reasons: Portfolio risk gate: 🛑 Blocked: Intraday bucket drawdown: -16.7% (limit: -10.0%). Bucket paused — no new entries until losses recover. Existing positions continue unaffected.
2026-06-17 09:22:07,IRFC,IRFC.NS,Intraday,REJECT,59,55,1,NONE ⚪,1,WEAK BULL 📈,"Score 55/100 and 1/4 strategies agree — signal is not strong enough for overnight hold, but may work as an intraday trade.",Portfolio risk gate: 🛑 Blocked: Intraday bucket drawdown: -16.7% (limit: -10.0%). Bucket paused — no new entries until losses recover. Existing positions continue unaffected.,❌ **IRFC** REJECTED for Intraday | Score: 59/100 | Votes: 1/4 Reasons: Portfolio risk gate: 🛑 Blocked: Intraday bucket drawdown: -16.7% (limit: -10.0%). Bucket paused — no new entries until losses recover. Existing positions continue unaffected.
2026-06-17 09:22:11,DIVISLAB,DIVISLAB.NS,—,REJECT,0,54,0,NONE ⚪,2,WEAK BULL 📈,"Score 54/100, 2/4 strategies agree — signal is too weak for any bucket. Wait for a stronger setup.","Score 54/100, 2/4 strategies agree — signal is too weak for any bucket. Wait for a stronger setup.","No suitable bucket for DIVISLAB. Score 54/100, 2/4 strategies agree — signal is too weak for any bucket. Wait for a stronger setup."
2026-06-17 09:22:12,HAVELLS,HAVELLS.NS,Intraday,REJECT,59,55,1,NONE ⚪,1,WEAK BULL 📈,"Score 55/100 and 1/4 strategies agree — signal is not strong enough for overnight hold, but may work as an intraday trade.",Portfolio risk gate: 🛑 Blocked: Intraday bucket drawdown: -16.7% (limit: -10.0%). Bucket paused — no new entries until losses recover. Existing positions continue unaffected.,❌ **HAVELLS** REJECTED for Intraday | Score: 59/100 | Votes: 1/4 Reasons: Portfolio risk gate: 🛑 Blocked: Intraday bucket drawdown: -16.7% (limit: -10.0%). Bucket paused — no new entries until losses recover. Existing positions continue unaffected.
2026-06-17 09:22:12,TMCV,TMCV.NS,Intraday,REJECT,66,58,1,NONE ⚪,1,WEAK BULL 📈,"Score 58/100 and 1/4 strategies agree — signal is not strong enough for overnight hold, but may work as an intraday trade.",Portfolio risk gate: 🛑 Blocked: Intraday bucket drawdown: -16.7% (limit: -10.0%). Bucket paused — no new entries until losses recover. Existing positions continue unaffected.,❌ **TMCV** REJECTED for Intraday | Score: 66/100 | Votes: 1/4 Reasons: Portfolio risk gate: 🛑 Blocked: Intraday bucket drawdown: -16.7% (limit: -10.0%). Bucket paused — no new entries until losses recover. Existing positions continue unaffected.
2026-06-17 09:22:15,APOLLOHOSP,APOLLOHOSP.NS,—,REJECT,0,53,0,NONE ⚪,1,WEAK BULL 📈,"Score 53/100, 1/4 strategies agree — signal is too weak for any bucket. Wait for a stronger setup.","Score 53/100, 1/4 strategies agree — signal is too weak for any bucket. Wait for a stronger setup.","No suitable bucket for APOLLOHOSP. Score 53/100, 1/4 strategies agree — signal is too weak for any bucket. Wait for a stronger setup."
2026-06-17 09:22:16,TRENT,TRENT.NS,Intraday,REJECT,69,59,1,NONE ⚪,1,WEAK BULL 📈,"Score 59/100 and 1/4 strategies agree — signal is not strong enough for overnight hold, but may work as an intraday trade.",Portfolio risk gate: 🛑 Blocked: Intraday bucket drawdown: -16.7% (limit: -10.0%). Bucket paused — no new entries until losses recover. Existing positions continue unaffected.,❌ **TRENT** REJECTED for Intraday | Score: 69/100 | Votes: 1/4 Reasons: Portfolio risk gate: 🛑 Blocked: Intraday bucket drawdown: -16.7% (limit: -10.0%). Bucket paused — no new entries until losses recover. Existing positions continue unaffected.
2026-06-17 09:22:17,HCLTECH,HCLTECH.NS,Intraday,REJECT,57,55,1,NONE ⚪,1,WEAK BULL 📈,"Score 55/100 and 1/4 strategies agree — signal is not strong enough for overnight hold, but may work as an intraday trade.",Portfolio risk gate: 🛑 Blocked: Intraday bucket drawdown: -16.7% (limit: -10.0%). Bucket paused — no new entries until losses recover. Existing positions continue unaffected.,❌ **HCLTECH** REJECTED for Intraday | Score: 57/100 | Votes: 1/4 Reasons: Portfolio risk gate: 🛑 Blocked: Intraday bucket drawdown: -16.7% (limit: -10.0%). Bucket paused — no new entries until losses recover. Existing positions continue unaffected.
2026-06-17 09:22:19,PAGEIND,PAGEIND.NS,Intraday,REJECT,66,58,1,NONE ⚪,1,WEAK BULL 📈,"Score 58/100 and 1/4 strategies agree — signal is not strong enough for overnight hold, but may work as an intraday trade.",Portfolio risk gate: 🛑 Blocked: Intraday bucket drawdown: -16.7% (limit: -10.0%). Bucket paused — no new entries until losses recover. Existing positions continue unaffected.,❌ **PAGEIND** REJECTED for Intraday | Score: 66/100 | Votes: 1/4 Reasons: Portfolio risk gate: 🛑 Blocked: Intraday bucket drawdown: -16.7% (limit: -10.0%). Bucket paused — no new entries until losses recover. Existing positions continue unaffected.
2026-06-17 09:22:19,HEROMOTOCO,HEROMOTOCO.NS,Intraday,REJECT,59,55,1,NONE ⚪,1,WEAK BULL 📈,"Score 55/100 and 1/4 strategies agree — signal is not strong enough for overnight hold, but may work as an intraday trade.",Portfolio risk gate: 🛑 Blocked: Intraday bucket drawdown: -16.7% (limit: -10.0%). Bucket paused — no new entries until losses recover. Existing positions continue unaffected.,❌ **HEROMOTOCO** REJECTED for Intraday | Score: 59/100 | Votes: 1/4 Reasons: Portfolio risk gate: 🛑 Blocked: Intraday bucket drawdown: -16.7% (limit: -10.0%). Bucket paused — no new entries until losses recover. Existing positions continue unaffected.
2026-06-17 09:22:20,POLYCAB,POLYCAB.NS,—,REJECT,0,53,0,NONE ⚪,1,WEAK BULL 📈,"Score 53/100, 1/4 strategies agree — signal is too weak for any bucket. Wait for a stronger setup.","Score 53/100, 1/4 strategies agree — signal is too weak for any bucket. Wait for a stronger setup.","No suitable bucket for POLYCAB. Score 53/100, 1/4 strategies agree — signal is too weak for any bucket. Wait for a stronger setup."
2026-06-17 09:22:20,RELIANCE,RELIANCE.NS,Intraday,REJECT,59,56,1,NONE ⚪,1,WEAK BULL 📈,"Score 56/100 and 1/4 strategies agree — signal is not strong enough for overnight hold, but may work as an intraday trade.",Portfolio risk gate: 🛑 Blocked: Intraday bucket drawdown: -16.7% (limit: -10.0%). Bucket paused — no new entries until losses recover. Existing positions continue unaffected.,❌ **RELIANCE** REJECTED for Intraday | Score: 59/100 | Votes: 1/4 Reasons: Portfolio risk gate: 🛑 Blocked: Intraday bucket drawdown: -16.7% (limit: -10.0%). Bucket paused — no new entries until losses recover. Existing positions continue unaffected.
2026-06-17 09:22:22,BAJAJFINSV,BAJAJFINSV.NS,Intraday,REJECT,59,55,1,NONE ⚪,1,WEAK BULL 📈,"Score 55/100 and 1/4 strategies agree — signal is not strong enough for overnight hold, but may work as an intraday trade.",Portfolio risk gate: 🛑 Blocked: Intraday bucket drawdown: -16.7% (limit: -10.0%). Bucket paused — no new entries until losses recover. Existing positions continue unaffected.,❌ **BAJAJFINSV** REJECTED for Intraday | Score: 59/100 | Votes: 1/4 Reasons: Portfolio risk gate: 🛑 Blocked: Intraday bucket drawdown: -16.7% (limit: -10.0%). Bucket paused — no new entries until losses recover. Existing positions continue unaffected.
2026-06-17 09:22:22,EICHERMOT,EICHERMOT.NS,Intraday,REJECT,69,60,1,NONE ⚪,1,WEAK BULL 📈,"Score 60/100 and 1/4 strategies agree — signal is not strong enough for overnight hold, but may work as an intraday trade.",Portfolio risk gate: 🛑 Blocked: Intraday bucket drawdown: -16.7% (limit: -10.0%). Bucket paused — no new entries until losses recover. Existing positions continue unaffected.,❌ **EICHERMOT** REJECTED for Intraday | Score: 69/100 | Votes: 1/4 Reasons: Portfolio risk gate: 🛑 Blocked: Intraday bucket drawdown: -16.7% (limit: -10.0%). Bucket paused — no new entries until losses recover. Existing positions continue unaffected.
2026-06-17 09:22:24,UBL,UBL.NS,Intraday,REJECT,59,56,1,NONE ⚪,1,WEAK BULL 📈,"Score 56/100 and 1/4 strategies agree — signal is not strong enough for overnight hold, but may work as an intraday trade.",Portfolio risk gate: 🛑 Blocked: Intraday bucket drawdown: -16.7% (limit: -10.0%). Bucket paused — no new entries until losses recover. Existing positions continue unaffected.,❌ **UBL** REJECTED for Intraday | Score: 59/100 | Votes: 1/4 Reasons: Portfolio risk gate: 🛑 Blocked: Intraday bucket drawdown: -16.7% (limit: -10.0%). Bucket paused — no new entries until losses recover. Existing positions continue unaffected.
2026-06-17 09:22:25,LT,LT.NS,Intraday,REJECT,69,59,1,NONE ⚪,1,WEAK BULL 📈,"Score 59/100 and 1/4 strategies agree — signal is not strong enough for overnight hold, but may work as an intraday trade.",Portfolio risk gate: 🛑 Blocked: Intraday bucket drawdown: -16.7% (limit: -10.0%). Bucket paused — no new entries until losses recover. Existing positions continue unaffected.,❌ **LT** REJECTED for Intraday | Score: 69/100 | Votes: 1/4 Reasons: Portfolio risk gate: 🛑 Blocked: Intraday bucket drawdown: -16.7% (limit: -10.0%). Bucket paused — no new entries until losses recover. Existing positions continue unaffected.
2026-06-17 09:22:26,HDFCBANK,HDFCBANK.NS,Intraday,REJECT,64,57,1,NONE ⚪,1,WEAK BULL 📈,"Score 57/100 and 1/4 strategies agree — signal is not strong enough for overnight hold, but may work as an intraday trade.",Portfolio risk gate: 🛑 Blocked: Intraday bucket drawdown: -16.7% (limit: -10.0%). Bucket paused — no new entries until losses recover. Existing positions continue unaffected.,❌ **HDFCBANK** REJECTED for Intraday | Score: 64/100 | Votes: 1/4 Reasons: Portfolio risk gate: 🛑 Blocked: Intraday bucket drawdown: -16.7% (limit: -10.0%). Bucket paused — no new entries until losses recover. Existing positions continue unaffected.
2026-06-17 09:22:26,BRITANNIA,BRITANNIA.NS,Intraday,REJECT,65,58,1,NONE ⚪,1,WEAK BULL 📈,"Score 58/100 and 1/4 strategies agree — signal is not strong enough for overnight hold, but may work as an intraday trade.",Portfolio risk gate: 🛑 Blocked: Intraday bucket drawdown: -16.7% (limit: -10.0%). Bucket paused — no new entries until losses recover. Existing positions continue unaffected.,❌ **BRITANNIA** REJECTED for Intraday | Score: 65/100 | Votes: 1/4 Reasons: Portfolio risk gate: 🛑 Blocked: Intraday bucket drawdown: -16.7% (limit: -10.0%). Bucket paused — no new entries until losses recover. Existing positions continue unaffected.
2026-06-17 09:22:27,BATAINDIA,BATAINDIA.NS,Intraday,REJECT,59,56,1,NONE ⚪,1,WEAK BULL 📈,"Score 56/100 and 1/4 strategies agree — signal is not strong enough for overnight hold, but may work as an intraday trade.",Portfolio risk gate: 🛑 Blocked: Intraday bucket drawdown: -16.7% (limit: -10.0%). Bucket paused — no new entries until losses recover. Existing positions continue unaffected.,❌ **BATAINDIA** REJECTED for Intraday | Score: 59/100 | Votes: 1/4 Reasons: Portfolio risk gate: 🛑 Blocked: Intraday bucket drawdown: -16.7% (limit: -10.0%). Bucket paused — no new entries until losses recover. Existing positions continue unaffected.
2026-06-17 09:22:27,INFY,INFY.NS,—,REJECT,0,51,0,NONE ⚪,1,WEAK BULL 📈,"Score 51/100, 1/4 strategies agree — signal is too weak for any bucket. Wait for a stronger setup.","Score 51/100, 1/4 strategies agree — signal is too weak for any bucket. Wait for a stronger setup.","No suitable bucket for INFY. Score 51/100, 1/4 strategies agree — signal is too weak for any bucket. Wait for a stronger setup."
2026-06-17 09:22:28,M&M,M&M.NS,Intraday,REJECT,64,59,2,LOW 🟡,2,WEAK BULL 📈,"Score 59/100 and 2/4 strategies agree — signal is not strong enough for overnight hold, but may work as an intraday trade.",Portfolio risk gate: 🛑 Blocked: Intraday bucket drawdown: -16.7% (limit: -10.0%). Bucket paused — no new entries until losses recover. Existing positions continue unaffected.,❌ **M&M** REJECTED for Intraday | Score: 64/100 | Votes: 2/4 Reasons: Portfolio risk gate: 🛑 Blocked: Intraday bucket drawdown: -16.7% (limit: -10.0%). Bucket paused — no new entries until losses recover. Existing positions continue unaffected.
2026-06-17 09:22:29,Jindal Stainless,JSL.NS,—,REJECT,0,54,0,NONE ⚪,1,WEAK BULL 📈,"Score 54/100, 1/4 strategies agree — signal is too weak for any bucket. Wait for a stronger setup.","Score 54/100, 1/4 strategies agree — signal is too weak for any bucket. Wait for a stronger setup.","No suitable bucket for Jindal Stainless. Score 54/100, 1/4 strategies agree — signal is too weak for any bucket. Wait for a stronger setup."
2026-06-17 09:22:30,ICICIBANK,ICICIBANK.NS,Intraday,REJECT,66,58,1,NONE ⚪,1,WEAK BULL 📈,"Score 58/100 and 1/4 strategies agree — signal is not strong enough for overnight hold, but may work as an intraday trade.",Portfolio risk gate: 🛑 Blocked: Intraday bucket drawdown: -16.7% (limit: -10.0%). Bucket paused — no new entries until losses recover. Existing positions continue unaffected.,❌ **ICICIBANK** REJECTED for Intraday | Score: 66/100 | Votes: 1/4 Reasons: Portfolio risk gate: 🛑 Blocked: Intraday bucket drawdown: -16.7% (limit: -10.0%). Bucket paused — no new entries until losses recover. Existing positions continue unaffected.
2026-06-17 09:22:31,RailTel,RAILTEL.NS,Intraday,REJECT,62,57,1,NONE ⚪,1,WEAK BULL 📈,"Score 57/100 and 1/4 strategies agree — signal is not strong enough for overnight hold, but may work as an intraday trade.",Portfolio risk gate: 🛑 Blocked: Intraday bucket drawdown: -16.7% (limit: -10.0%). Bucket paused — no new entries until losses recover. Existing positions continue unaffected.,❌ **RailTel** REJECTED for Intraday | Score: 62/100 | Votes: 1/4 Reasons: Portfolio risk gate: 🛑 Blocked: Intraday bucket drawdown: -16.7% (limit: -10.0%). Bucket paused — no new entries until losses recover. Existing positions continue unaffected.
2026-06-17 09:22:32,Mazagon Dock,MAZDOCK.NS,Intraday,REJECT,59,55,1,NONE ⚪,1,WEAK BULL 📈,"Score 55/100 and 1/4 strategies agree — signal is not strong enough for overnight hold, but may work as an intraday trade.",Portfolio risk gate: 🛑 Blocked: Intraday bucket drawdown: -16.7% (limit: -10.0%). Bucket paused — no new entries until losses recover. Existing positions continue unaffected.,❌ **Mazagon Dock** REJECTED for Intraday | Score: 59/100 | Votes: 1/4 Reasons: Portfolio risk gate: 🛑 Blocked: Intraday bucket drawdown: -16.7% (limit: -10.0%). Bucket paused — no new entries until losses recover. Existing positions continue unaffected.
2026-06-17 09:22:33,PFC,PFC.NS,Intraday,REJECT,59,56,1,NONE ⚪,1,WEAK BULL 📈,"Score 56/100 and 1/4 strategies agree — signal is not strong enough for overnight hold, but may work as an intraday trade.",Portfolio risk gate: 🛑 Blocked: Intraday bucket drawdown: -16.7% (limit: -10.0%). Bucket paused — no new entries until losses recover. Existing positions continue unaffected.,❌ **PFC** REJECTED for Intraday | Score: 59/100 | Votes: 1/4 Reasons: Portfolio risk gate: 🛑 Blocked: Intraday bucket drawdown: -16.7% (limit: -10.0%). Bucket paused — no new entries until losses recover. Existing positions continue unaffected.
2026-06-17 09:22:33,TMPV,TMPV.NS,—,REJECT,0,54,0,NONE ⚪,1,WEAK BULL 📈,"Score 54/100, 1/4 strategies agree — signal is too weak for any bucket. Wait for a stronger setup.","Score 54/100, 1/4 strategies agree — signal is too weak for any bucket. Wait for a stronger setup.","No suitable bucket for TMPV. Score 54/100, 1/4 strategies agree — signal is too weak for any bucket. Wait for a stronger setup."
2026-06-17 09:22:34,HINDUNILVR,HINDUNILVR.NS,Intraday,REJECT,59,55,1,NONE ⚪,1,WEAK BULL 📈,"Score 55/100 and 1/4 strategies agree — signal is not strong enough for overnight hold, but may work as an intraday trade.",Portfolio risk gate: 🛑 Blocked: Intraday bucket drawdown: -16.7% (limit: -10.0%). Bucket paused — no new entries until losses recover. Existing positions continue unaffected.,❌ **HINDUNILVR** REJECTED for Intraday | Score: 59/100 | Votes: 1/4 Reasons: Portfolio risk gate: 🛑 Blocked: Intraday bucket drawdown: -16.7% (limit: -10.0%). Bucket paused — no new entries until losses recover. Existing positions continue unaffected.
2026-06-17 09:22:34,Lupin,LUPIN.NS,Intraday,REJECT,59,55,1,NONE ⚪,1,WEAK BULL 📈,"Score 55/100 and 1/4 strategies agree — signal is not strong enough for overnight hold, but may work as an intraday trade.",Portfolio risk gate: 🛑 Blocked: Intraday bucket drawdown: -16.7% (limit: -10.0%). Bucket paused — no new entries until losses recover. Existing positions continue unaffected.,❌ **Lupin** REJECTED for Intraday | Score: 59/100 | Votes: 1/4 Reasons: Portfolio risk gate: 🛑 Blocked: Intraday bucket drawdown: -16.7% (limit: -10.0%). Bucket paused — no new entries until losses recover. Existing positions continue unaffected.
2026-06-17 09:22:36,RECLTD,RECLTD.NS,Intraday,REJECT,67,59,1,NONE ⚪,1,WEAK BULL 📈,"Score 59/100 and 1/4 strategies agree — signal is not strong enough for overnight hold, but may work as an intraday trade.",Portfolio risk gate: 🛑 Blocked: Intraday bucket drawdown: -16.7% (limit: -10.0%). Bucket paused — no new entries until losses recover. Existing positions continue unaffected.,❌ **RECLTD** REJECTED for Intraday | Score: 67/100 | Votes: 1/4 Reasons: Portfolio risk gate: 🛑 Blocked: Intraday bucket drawdown: -16.7% (limit: -10.0%). Bucket paused — no new entries until losses recover. Existing positions continue unaffected.
2026-06-17 09:22:38,BHARTIARTL,BHARTIARTL.NS,Intraday,REJECT,59,55,1,NONE ⚪,1,WEAK BULL 📈,"Score 55/100 and 1/4 strategies agree — signal is not strong enough for overnight hold, but may work as an intraday trade.",Portfolio risk gate: 🛑 Blocked: Intraday bucket drawdown: -16.7% (limit: -10.0%). Bucket paused — no new entries until losses recover. Existing positions continue unaffected.,❌ **BHARTIARTL** REJECTED for Intraday | Score: 59/100 | Votes: 1/4 Reasons: Portfolio risk gate: 🛑 Blocked: Intraday bucket drawdown: -16.7% (limit: -10.0%). Bucket paused — no new entries until losses recover. Existing positions continue unaffected.
2026-06-17 09:22:39,SHRIRAMFIN,SHRIRAMFIN.NS,Intraday,REJECT,69,59,1,NONE ⚪,1,WEAK BULL 📈,"Score 59/100 and 1/4 strategies agree — signal is not strong enough for overnight hold, but may work as an intraday trade.",Portfolio risk gate: 🛑 Blocked: Intraday bucket drawdown: -16.7% (limit: -10.0%). Bucket paused — no new entries until losses recover. Existing positions continue unaffected.,❌ **SHRIRAMFIN** REJECTED for Intraday | Score: 69/100 | Votes: 1/4 Reasons: Portfolio risk gate: 🛑 Blocked: Intraday bucket drawdown: -16.7% (limit: -10.0%). Bucket paused — no new entries until losses recover. Existing positions continue unaffected.
2026-06-17 09:22:39,Gujarat Pipavav Port,GPPL.NS,Intraday,REJECT,59,57,2,LOW 🟡,2,WEAK BULL 📈,"Score 57/100 and 2/4 strategies agree — signal is not strong enough for overnight hold, but may work as an intraday trade.",Portfolio risk gate: 🛑 Blocked: Intraday bucket drawdown: -16.7% (limit: -10.0%). Bucket paused — no new entries until losses recover. Existing positions continue unaffected.,❌ **Gujarat Pipavav Port** REJECTED for Intraday | Score: 59/100 | Votes: 2/4 Reasons: Portfolio risk gate: 🛑 Blocked: Intraday bucket drawdown: -16.7% (limit: -10.0%). Bucket paused — no new entries until losses recover. Existing positions continue unaffected.
2026-06-17 09:22:40,Bharat Dynamics,BDL.NS,Intraday,REJECT,57,55,1,NONE ⚪,1,WEAK BULL 📈,"Score 55/100 and 1/4 strategies agree — signal is not strong enough for overnight hold, but may work as an intraday trade.",Portfolio risk gate: 🛑 Blocked: Intraday bucket drawdown: -16.7% (limit: -10.0%). Bucket paused — no new entries until losses recover. Existing positions continue unaffected.,❌ **Bharat Dynamics** REJECTED for Intraday | Score: 57/100 | Votes: 1/4 Reasons: Portfolio risk gate: 🛑 Blocked: Intraday bucket drawdown: -16.7% (limit: -10.0%). Bucket paused — no new entries until losses recover. Existing positions continue unaffected.
2026-06-17 09:22:41,Amara Raja Energy,ARE&M.NS,—,REJECT,0,52,0,NONE ⚪,1,WEAK BULL 📈,"Score 52/100, 1/4 strategies agree — signal is too weak for any bucket. Wait for a stronger setup.","Score 52/100, 1/4 strategies agree — signal is too weak for any bucket. Wait for a stronger setup.","No suitable bucket for Amara Raja Energy. Score 52/100, 1/4 strategies agree — signal is too weak for any bucket. Wait for a stronger setup."
2026-06-17 09:22:42,ITC,ITC.NS,Intraday,REJECT,59,55,1,NONE ⚪,1,WEAK BULL 📈,"Score 55/100 and 1/4 strategies agree — signal is not strong enough for overnight hold, but may work as an intraday trade.",Portfolio risk gate: 🛑 Blocked: Intraday bucket drawdown: -16.7% (limit: -10.0%). Bucket paused — no new entries until losses recover. Existing positions continue unaffected.,❌ **ITC** REJECTED for Intraday | Score: 59/100 | Votes: 1/4 Reasons: Portfolio risk gate: 🛑 Blocked: Intraday bucket drawdown: -16.7% (limit: -10.0%). Bucket paused — no new entries until losses recover. Existing positions continue unaffected.
2026-06-17 09:22:43,CHOLAFIN,CHOLAFIN.NS,Intraday,REJECT,66,58,1,NONE ⚪,1,WEAK BULL 📈,"Score 58/100 and 1/4 strategies agree — signal is not strong enough for overnight hold, but may work as an intraday trade.",Portfolio risk gate: 🛑 Blocked: Intraday bucket drawdown: -16.7% (limit: -10.0%). Bucket paused — no new entries until losses recover. Existing positions continue unaffected.,❌ **CHOLAFIN** REJECTED for Intraday | Score: 66/100 | Votes: 1/4 Reasons: Portfolio risk gate: 🛑 Blocked: Intraday bucket drawdown: -16.7% (limit: -10.0%). Bucket paused — no new entries until losses recover. Existing positions continue unaffected.
2026-06-17 09:22:44,TVS Motors,TVSMOTOR.NS,Intraday,REJECT,59,55,1,NONE ⚪,1,WEAK BULL 📈,"Score 55/100 and 1/4 strategies agree — signal is not strong enough for overnight hold, but may work as an intraday trade.",Portfolio risk gate: 🛑 Blocked: Intraday bucket drawdown: -16.7% (limit: -10.0%). Bucket paused — no new entries until losses recover. Existing positions continue unaffected.,❌ **TVS Motors** REJECTED for Intraday | Score: 59/100 | Votes: 1/4 Reasons: Portfolio risk gate: 🛑 Blocked: Intraday bucket drawdown: -16.7% (limit: -10.0%). Bucket paused — no new entries until losses recover. Existing positions continue unaffected.
2026-06-17 09:22:45,Bank of India,BANKINDIA.NS,Intraday,REJECT,66,59,1,NONE ⚪,1,WEAK BULL 📈,"Score 59/100 and 1/4 strategies agree — signal is not strong enough for overnight hold, but may work as an intraday trade.",Portfolio risk gate: 🛑 Blocked: Intraday bucket drawdown: -16.7% (limit: -10.0%). Bucket paused — no new entries until losses recover. Existing positions continue unaffected.,❌ **Bank of India** REJECTED for Intraday | Score: 66/100 | Votes: 1/4 Reasons: Portfolio risk gate: 🛑 Blocked: Intraday bucket drawdown: -16.7% (limit: -10.0%). Bucket paused — no new entries until losses recover. Existing positions continue unaffected.
2026-06-17 09:22:46,KOTAKBANK,KOTAKBANK.NS,Intraday,REJECT,66,58,1,NONE ⚪,1,WEAK BULL 📈,"Score 58/100 and 1/4 strategies agree — signal is not strong enough for overnight hold, but may work as an intraday trade.",Portfolio risk gate: 🛑 Blocked: Intraday bucket drawdown: -16.7% (limit: -10.0%). Bucket paused — no new entries until losses recover. Existing positions continue unaffected.,❌ **KOTAKBANK** REJECTED for Intraday | Score: 66/100 | Votes: 1/4 Reasons: Portfolio risk gate: 🛑 Blocked: Intraday bucket drawdown: -16.7% (limit: -10.0%). Bucket paused — no new entries until losses recover. Existing positions continue unaffected.
2026-06-17 09:22:46,Credo Brands,MUFTI.NS,—,REJECT,0,54,0,NONE ⚪,1,WEAK BULL 📈,"Score 54/100, 1/4 strategies agree — signal is too weak for any bucket. Wait for a stronger setup.","Score 54/100, 1/4 strategies agree — signal is too weak for any bucket. Wait for a stronger setup.","No suitable bucket for Credo Brands. Score 54/100, 1/4 strategies agree — signal is too weak for any bucket. Wait for a stronger setup."
2026-06-17 09:22:47,CANBK,CANBK.NS,Intraday,REJECT,69,60,1,NONE ⚪,1,WEAK BULL 📈,"Score 60/100 and 1/4 strategies agree — signal is not strong enough for overnight hold, but may work as an intraday trade.",Portfolio risk gate: 🛑 Blocked: Intraday bucket drawdown: -16.7% (limit: -10.0%). Bucket paused — no new entries until losses recover. Existing positions continue unaffected.,❌ **CANBK** REJECTED for Intraday | Score: 69/100 | Votes: 1/4 Reasons: Portfolio risk gate: 🛑 Blocked: Intraday bucket drawdown: -16.7% (limit: -10.0%). Bucket paused — no new entries until losses recover. Existing positions continue unaffected.
2026-06-17 09:22:49,BAJFINANCE,BAJFINANCE.NS,Intraday,REJECT,67,59,1,NONE ⚪,1,WEAK BULL 📈,"Score 59/100 and 1/4 strategies agree — signal is not strong enough for overnight hold, but may work as an intraday trade.",Portfolio risk gate: 🛑 Blocked: Intraday bucket drawdown: -16.7% (limit: -10.0%). Bucket paused — no new entries until losses recover. Existing positions continue unaffected.,❌ **BAJFINANCE** REJECTED for Intraday | Score: 67/100 | Votes: 1/4 Reasons: Portfolio risk gate: 🛑 Blocked: Intraday bucket drawdown: -16.7% (limit: -10.0%). Bucket paused — no new entries until losses recover. Existing positions continue unaffected.
2026-06-17 09:22:49,DMART,DMART.NS,Intraday,REJECT,62,55,1,NONE ⚪,1,WEAK BULL 📈,"Score 55/100 and 1/4 strategies agree — signal is not strong enough for overnight hold, but may work as an intraday trade.",Portfolio risk gate: 🛑 Blocked: Intraday bucket drawdown: -16.7% (limit: -10.0%). Bucket paused — no new entries until losses recover. Existing positions continue unaffected.,❌ **DMART** REJECTED for Intraday | Score: 62/100 | Votes: 1/4 Reasons: Portfolio risk gate: 🛑 Blocked: Intraday bucket drawdown: -16.7% (limit: -10.0%). Bucket paused — no new entries until losses recover. Existing positions continue unaffected.
2026-06-17 09:22:51,IDEA,IDEA.NS,—,REJECT,0,53,0,NONE ⚪,1,WEAK BULL 📈,"Score 53/100, 1/4 strategies agree — signal is too weak for any bucket. Wait for a stronger setup.","Score 53/100, 1/4 strategies agree — signal is too weak for any bucket. Wait for a stronger setup.","No suitable bucket for IDEA. Score 53/100, 1/4 strategies agree — signal is too weak for any bucket. Wait for a stronger setup."
2026-06-17 09:22:51,BANKBARODA,BANKBARODA.NS,Intraday,REJECT,66,59,1,NONE ⚪,1,WEAK BULL 📈,"Score 59/100 and 1/4 strategies agree — signal is not strong enough for overnight hold, but may work as an intraday trade.",Portfolio risk gate: 🛑 Blocked: Intraday bucket drawdown: -16.7% (limit: -10.0%). Bucket paused — no new entries until losses recover. Existing positions continue unaffected.,❌ **BANKBARODA** REJECTED for Intraday | Score: 66/100 | Votes: 1/4 Reasons: Portfolio risk gate: 🛑 Blocked: Intraday bucket drawdown: -16.7% (limit: -10.0%). Bucket paused — no new entries until losses recover. Existing positions continue unaffected.
2026-06-17 09:22:54,GAIL,GAIL.NS,Intraday,REJECT,66,58,1,NONE ⚪,1,WEAK BULL 📈,"Score 58/100 and 1/4 strategies agree — signal is not strong enough for overnight hold, but may work as an intraday trade.",Portfolio risk gate: 🛑 Blocked: Intraday bucket drawdown: -16.7% (limit: -10.0%). Bucket paused — no new entries until losses recover. Existing positions continue unaffected.,❌ **GAIL** REJECTED for Intraday | Score: 66/100 | Votes: 1/4 Reasons: Portfolio risk gate: 🛑 Blocked: Intraday bucket drawdown: -16.7% (limit: -10.0%). Bucket paused — no new entries until losses recover. Existing positions continue unaffected.
2026-06-17 09:22:54,AXISBANK,AXISBANK.NS,Intraday,REJECT,66,59,1,NONE ⚪,1,WEAK BULL 📈,"Score 59/100 and 1/4 strategies agree — signal is not strong enough for overnight hold, but may work as an intraday trade.",Portfolio risk gate: 🛑 Blocked: Intraday bucket drawdown: -16.7% (limit: -10.0%). Bucket paused — no new entries until losses recover. Existing positions continue unaffected.,❌ **AXISBANK** REJECTED for Intraday | Score: 66/100 | Votes: 1/4 Reasons: Portfolio risk gate: 🛑 Blocked: Intraday bucket drawdown: -16.7% (limit: -10.0%). Bucket paused — no new entries until losses recover. Existing positions continue unaffected.
2026-06-17 09:22:55,Garden Reach Shipbuilders,GRSE.NS,Intraday,REJECT,59,55,1,NONE ⚪,1,WEAK BULL 📈,"Score 55/100 and 1/4 strategies agree — signal is not strong enough for overnight hold, but may work as an intraday trade.",Portfolio risk gate: 🛑 Blocked: Intraday bucket drawdown: -16.7% (limit: -10.0%). Bucket paused — no new entries until losses recover. Existing positions continue unaffected.,❌ **Garden Reach Shipbuilders** REJECTED for Intraday | Score: 59/100 | Votes: 1/4 Reasons: Portfolio risk gate: 🛑 Blocked: Intraday bucket drawdown: -16.7% (limit: -10.0%). Bucket paused — no new entries until losses recover. Existing positions continue unaffected.
2026-06-17 09:22:55,PNB,PNB.NS,Intraday,REJECT,69,60,1,NONE ⚪,1,WEAK BULL 📈,"Score 60/100 and 1/4 strategies agree — signal is not strong enough for overnight hold, but may work as an intraday trade.",Portfolio risk gate: 🛑 Blocked: Intraday bucket drawdown: -16.7% (limit: -10.0%). Bucket paused — no new entries until losses recover. Existing positions continue unaffected.,❌ **PNB** REJECTED for Intraday | Score: 69/100 | Votes: 1/4 Reasons: Portfolio risk gate: 🛑 Blocked: Intraday bucket drawdown: -16.7% (limit: -10.0%). Bucket paused — no new entries until losses recover. Existing positions continue unaffected.
2026-06-17 09:22:57,ASIANPAINT,ASIANPAINT.NS,Intraday,REJECT,63,56,1,NONE ⚪,1,WEAK BULL 📈,"Score 56/100 and 1/4 strategies agree — signal is not strong enough for overnight hold, but may work as an intraday trade.",Portfolio risk gate: 🛑 Blocked: Intraday bucket drawdown: -16.7% (limit: -10.0%). Bucket paused — no new entries until losses recover. Existing positions continue unaffected.,❌ **ASIANPAINT** REJECTED for Intraday | Score: 63/100 | Votes: 1/4 Reasons: Portfolio risk gate: 🛑 Blocked: Intraday bucket drawdown: -16.7% (limit: -10.0%). Bucket paused — no new entries until losses recover. Existing positions continue unaffected.
2026-06-17 09:22:58,BPCL,BPCL.NS,Intraday,REJECT,69,59,1,NONE ⚪,1,WEAK BULL 📈,"Score 59/100 and 1/4 strategies agree — signal is not strong enough for overnight hold, but may work as an intraday trade.",Portfolio risk gate: 🛑 Blocked: Intraday bucket drawdown: -16.7% (limit: -10.0%). Bucket paused — no new entries until losses recover. Existing positions continue unaffected.,❌ **BPCL** REJECTED for Intraday | Score: 69/100 | Votes: 1/4 Reasons: Portfolio risk gate: 🛑 Blocked: Intraday bucket drawdown: -16.7% (limit: -10.0%). Bucket paused — no new entries until losses recover. Existing positions continue unaffected.
2026-06-17 09:23:00,MARUTI,MARUTI.NS,Intraday,REJECT,69,59,1,NONE ⚪,1,WEAK BULL 📈,"Score 59/100 and 1/4 strategies agree — signal is not strong enough for overnight hold, but may work as an intraday trade.",Portfolio risk gate: 🛑 Blocked: Intraday bucket drawdown: -16.7% (limit: -10.0%). Bucket paused — no new entries until losses recover. Existing positions continue unaffected.,❌ **MARUTI** REJECTED for Intraday | Score: 69/100 | Votes: 1/4 Reasons: Portfolio risk gate: 🛑 Blocked: Intraday bucket drawdown: -16.7% (limit: -10.0%). Bucket paused — no new entries until losses recover. Existing positions continue unaffected.
2026-06-17 09:23:01,IREDA,IREDA.NS,Intraday,REJECT,59,58,2,LOW 🟡,2,WEAK BULL 📈,"Score 58/100 and 2/4 strategies agree — signal is not strong enough for overnight hold, but may work as an intraday trade.",Portfolio risk gate: 🛑 Blocked: Intraday bucket drawdown: -16.7% (limit: -10.0%). Bucket paused — no new entries until losses recover. Existing positions continue unaffected.,❌ **IREDA** REJECTED for Intraday | Score: 59/100 | Votes: 2/4 Reasons: Portfolio risk gate: 🛑 Blocked: Intraday bucket drawdown: -16.7% (limit: -10.0%). Bucket paused — no new entries until losses recover. Existing positions continue unaffected.
2026-06-17 09:23:02,BANDHANBNK,BANDHANBNK.NS,Intraday,REJECT,69,59,1,NONE ⚪,1,WEAK BULL 📈,"Score 59/100 and 1/4 strategies agree — signal is not strong enough for overnight hold, but may work as an intraday trade.",Portfolio risk gate: 🛑 Blocked: Intraday bucket drawdown: -16.7% (limit: -10.0%). Bucket paused — no new entries until losses recover. Existing positions continue unaffected.,❌ **BANDHANBNK** REJECTED for Intraday | Score: 69/100 | Votes: 1/4 Reasons: Portfolio risk gate: 🛑 Blocked: Intraday bucket drawdown: -16.7% (limit: -10.0%). Bucket paused — no new entries until losses recover. Existing positions continue unaffected.
2026-06-17 09:23:03,IOC,IOC.NS,Intraday,REJECT,67,58,1,NONE ⚪,1,WEAK BULL 📈,"Score 58/100 and 1/4 strategies agree — signal is not strong enough for overnight hold, but may work as an intraday trade.",Portfolio risk gate: 🛑 Blocked: Intraday bucket drawdown: -16.7% (limit: -10.0%). Bucket paused — no new entries until losses recover. Existing positions continue unaffected.,❌ **IOC** REJECTED for Intraday | Score: 67/100 | Votes: 1/4 Reasons: Portfolio risk gate: 🛑 Blocked: Intraday bucket drawdown: -16.7% (limit: -10.0%). Bucket paused — no new entries until losses recover. Existing positions continue unaffected.
2026-06-17 09:23:04,TITAN,TITAN.NS,Intraday,REJECT,64,57,1,NONE ⚪,1,WEAK BULL 📈,"Score 57/100 and 1/4 strategies agree — signal is not strong enough for overnight hold, but may work as an intraday trade.",Portfolio risk gate: 🛑 Blocked: Intraday bucket drawdown: -16.7% (limit: -10.0%). Bucket paused — no new entries until losses recover. Existing positions continue unaffected.,❌ **TITAN** REJECTED for Intraday | Score: 64/100 | Votes: 1/4 Reasons: Portfolio risk gate: 🛑 Blocked: Intraday bucket drawdown: -16.7% (limit: -10.0%). Bucket paused — no new entries until losses recover. Existing positions continue unaffected.
2026-06-17 09:23:05,INDUSINDBK,INDUSINDBK.NS,Intraday,REJECT,64,58,1,NONE ⚪,1,WEAK BULL 📈,"Score 58/100 and 1/4 strategies agree — signal is not strong enough for overnight hold, but may work as an intraday trade.",Portfolio risk gate: 🛑 Blocked: Intraday bucket drawdown: -16.7% (limit: -10.0%). Bucket paused — no new entries until losses recover. Existing positions continue unaffected.,❌ **INDUSINDBK** REJECTED for Intraday | Score: 64/100 | Votes: 1/4 Reasons: Portfolio risk gate: 🛑 Blocked: Intraday bucket drawdown: -16.7% (limit: -10.0%). Bucket paused — no new entries until losses recover. Existing positions continue unaffected.
2026-06-17 09:23:05,Eternal (formerly Zomato),ETERNAL.NS,Intraday,REJECT,64,59,2,LOW 🟡,2,WEAK BULL 📈,"Score 59/100 and 2/4 strategies agree — signal is not strong enough for overnight hold, but may work as an intraday trade.",Portfolio risk gate: 🛑 Blocked: Intraday bucket drawdown: -16.7% (limit: -10.0%). Bucket paused — no new entries until losses recover. Existing positions continue unaffected.,❌ **Eternal (formerly Zomato)** REJECTED for Intraday | Score: 64/100 | Votes: 2/4 Reasons: Portfolio risk gate: 🛑 Blocked: Intraday bucket drawdown: -16.7% (limit: -10.0%). Bucket paused — no new entries until losses recover. Existing positions continue unaffected.
2026-06-17 09:23:06,SUNPHARMA,SUNPHARMA.NS,—,REJECT,0,52,0,NONE ⚪,1,WEAK BULL 📈,"Score 52/100, 1/4 strategies agree — signal is too weak for any bucket. Wait for a stronger setup.","Score 52/100, 1/4 strategies agree — signal is too weak for any bucket. Wait for a stronger setup.","No suitable bucket for SUNPHARMA. Score 52/100, 1/4 strategies agree — signal is too weak for any bucket. Wait for a stronger setup."
2026-06-17 09:23:06,GRASIM,GRASIM.NS,—,REJECT,0,53,0,NONE ⚪,1,WEAK BULL 📈,"Score 53/100, 1/4 strategies agree — signal is too weak for any bucket. Wait for a stronger setup.","Score 53/100, 1/4 strategies agree — signal is too weak for any bucket. Wait for a stronger setup.","No suitable bucket for GRASIM. Score 53/100, 1/4 strategies agree — signal is too weak for any bucket. Wait for a stronger setup."
2026-06-17 09:23:08,BERGEPAINT,BERGEPAINT.NS,—,REJECT,0,52,0,NONE ⚪,1,WEAK BULL 📈,"Score 52/100, 1/4 strategies agree — signal is too weak for any bucket. Wait for a stronger setup.","Score 52/100, 1/4 strategies agree — signal is too weak for any bucket. Wait for a stronger setup.","No suitable bucket for BERGEPAINT. Score 52/100, 1/4 strategies agree — signal is too weak for any bucket. Wait for a stronger setup."
2026-06-17 09:23:08,Delhivery,DELHIVERY.NS,Intraday,REJECT,59,55,1,NONE ⚪,1,WEAK BULL 📈,"Score 55/100 and 1/4 strategies agree — signal is not strong enough for overnight hold, but may work as an intraday trade.",Portfolio risk gate: 🛑 Blocked: Intraday bucket drawdown: -16.7% (limit: -10.0%). Bucket paused — no new entries until losses recover. Existing positions continue unaffected.,❌ **Delhivery** REJECTED for Intraday | Score: 59/100 | Votes: 1/4 Reasons: Portfolio risk gate: 🛑 Blocked: Intraday bucket drawdown: -16.7% (limit: -10.0%). Bucket paused — no new entries until losses recover. Existing positions continue unaffected.
2026-06-17 09:23:09,COLPAL,COLPAL.NS,Intraday,REJECT,64,59,2,LOW 🟡,2,WEAK BULL 📈,"Score 59/100 and 2/4 strategies agree — signal is not strong enough for overnight hold, but may work as an intraday trade.",Portfolio risk gate: 🛑 Blocked: Intraday bucket drawdown: -16.7% (limit: -10.0%). Bucket paused — no new entries until losses recover. Existing positions continue unaffected.,❌ **COLPAL** REJECTED for Intraday | Score: 64/100 | Votes: 2/4 Reasons: Portfolio risk gate: 🛑 Blocked: Intraday bucket drawdown: -16.7% (limit: -10.0%). Bucket paused — no new entries until losses recover. Existing positions continue unaffected.
2026-06-17 09:23:10,ULTRACEMCO,ULTRACEMCO.NS,Intraday,REJECT,59,56,1,NONE ⚪,1,WEAK BULL 📈,"Score 56/100 and 1/4 strategies agree — signal is not strong enough for overnight hold, but may work as an intraday trade.",Portfolio risk gate: 🛑 Blocked: Intraday bucket drawdown: -16.7% (limit: -10.0%). Bucket paused — no new entries until losses recover. Existing positions continue unaffected.,❌ **ULTRACEMCO** REJECTED for Intraday | Score: 59/100 | Votes: 1/4 Reasons: Portfolio risk gate: 🛑 Blocked: Intraday bucket drawdown: -16.7% (limit: -10.0%). Bucket paused — no new entries until losses recover. Existing positions continue unaffected.
2026-06-17 09:23:10,ABB,ABB.NS,—,REJECT,0,53,0,NONE ⚪,1,WEAK BULL 📈,"Score 53/100, 1/4 strategies agree — signal is too weak for any bucket. Wait for a stronger setup.","Score 53/100, 1/4 strategies agree — signal is too weak for any bucket. Wait for a stronger setup.","No suitable bucket for ABB. Score 53/100, 1/4 strategies agree — signal is too weak for any bucket. Wait for a stronger setup."
2026-06-17 09:23:13,ADANIENT,ADANIENT.NS,—,REJECT,0,54,0,NONE ⚪,1,WEAK BULL 📈,"Score 54/100, 1/4 strategies agree — signal is too weak for any bucket. Wait for a stronger setup.","Score 54/100, 1/4 strategies agree — signal is too weak for any bucket. Wait for a stronger setup.","No suitable bucket for ADANIENT. Score 54/100, 1/4 strategies agree — signal is too weak for any bucket. Wait for a stronger setup."
2026-06-17 09:23:14,ADANIPORTS,ADANIPORTS.NS,—,REJECT,0,53,0,NONE ⚪,1,WEAK BULL 📈,"Score 53/100, 1/4 strategies agree — signal is too weak for any bucket. Wait for a stronger setup.","Score 53/100, 1/4 strategies agree — signal is too weak for any bucket. Wait for a stronger setup.","No suitable bucket for ADANIPORTS. Score 53/100, 1/4 strategies agree — signal is too weak for any bucket. Wait for a stronger setup."
2026-06-17 09:23:14,ICICIPRULI,ICICIPRULI.NS,Intraday,REJECT,62,57,1,NONE ⚪,1,WEAK BULL 📈,"Score 57/100 and 1/4 strategies agree — signal is not strong enough for overnight hold, but may work as an intraday trade.",Portfolio risk gate: 🛑 Blocked: Intraday bucket drawdown: -16.7% (limit: -10.0%). Bucket paused — no new entries until losses recover. Existing positions continue unaffected.,❌ **ICICIPRULI** REJECTED for Intraday | Score: 62/100 | Votes: 1/4 Reasons: Portfolio risk gate: 🛑 Blocked: Intraday bucket drawdown: -16.7% (limit: -10.0%). Bucket paused — no new entries until losses recover. Existing positions continue unaffected.
2026-06-17 09:23:16,DIVISLAB,DIVISLAB.NS,—,REJECT,0,54,0,NONE ⚪,2,WEAK BULL 📈,"Score 54/100, 2/4 strategies agree — signal is too weak for any bucket. Wait for a stronger setup.","Score 54/100, 2/4 strategies agree — signal is too weak for any bucket. Wait for a stronger setup.","No suitable bucket for DIVISLAB. Score 54/100, 2/4 strategies agree — signal is too weak for any bucket. Wait for a stronger setup."
2026-06-17 09:23:16,CUMMINSIND,CUMMINSIND.NS,Intraday,REJECT,54,55,1,NONE ⚪,1,WEAK BULL 📈,"Score 55/100 and 1/4 strategies agree — signal is not strong enough for overnight hold, but may work as an intraday trade.",Portfolio risk gate: 🛑 Blocked: Intraday bucket drawdown: -16.7% (limit: -10.0%). Bucket paused — no new entries until losses recover. Existing positions continue unaffected.,❌ **CUMMINSIND** REJECTED for Intraday | Score: 54/100 | Votes: 1/4 Reasons: Portfolio risk gate: 🛑 Blocked: Intraday bucket drawdown: -16.7% (limit: -10.0%). Bucket paused — no new entries until losses recover. Existing positions continue unaffected.
2026-06-17 09:23:18,CGPOWER,CGPOWER.NS,—,REJECT,0,54,0,NONE ⚪,1,WEAK BULL 📈,"Score 54/100, 1/4 strategies agree — signal is too weak for any bucket. Wait for a stronger setup.","Score 54/100, 1/4 strategies agree — signal is too weak for any bucket. Wait for a stronger setup.","No suitable bucket for CGPOWER. Score 54/100, 1/4 strategies agree — signal is too weak for any bucket. Wait for a stronger setup."
2026-06-17 09:23:19,APOLLOHOSP,APOLLOHOSP.NS,—,REJECT,0,53,0,NONE ⚪,1,WEAK BULL 📈,"Score 53/100, 1/4 strategies agree — signal is too weak for any bucket. Wait for a stronger setup.","Score 53/100, 1/4 strategies agree — signal is too weak for any bucket. Wait for a stronger setup.","No suitable bucket for APOLLOHOSP. Score 53/100, 1/4 strategies agree — signal is too weak for any bucket. Wait for a stronger setup."
2026-06-17 09:23:20,MPHASIS,MPHASIS.NS,Intraday,ACCEPT,61,57,1,NONE ⚪,1,WEAK BULL 📈,"Score 57/100 and 1/4 strategies agree — signal is not strong enough for overnight hold, but may work as an intraday trade.",,✅ **MPHASIS → Intraday** ACCEPTED | Bucket Score: 61/100 | Composite: 57/100 Confluence: NONE ⚪ (1 signals confirming) Confirming: Market regime favorable (WEAK BULL 📈)
2026-06-17 09:23:22,TMCV,TMCV.NS,Intraday,REJECT,64,58,1,NONE ⚪,1,WEAK BULL 📈,"Score 58/100 and 1/4 strategies agree — signal is not strong enough for overnight hold, but may work as an intraday trade.",Portfolio risk gate: 🛑 Blocked: Intraday bucket drawdown: -16.7% (limit: -10.0%). Bucket paused — no new entries until losses recover. Existing positions continue unaffected.,❌ **TMCV** REJECTED for Intraday | Score: 64/100 | Votes: 1/4 Reasons: Portfolio risk gate: 🛑 Blocked: Intraday bucket drawdown: -16.7% (limit: -10.0%). Bucket paused — no new entries until losses recover. Existing positions continue unaffected.
2026-06-17 09:23:24,HEROMOTOCO,HEROMOTOCO.NS,Intraday,REJECT,59,55,1,NONE ⚪,1,WEAK BULL 📈,"Score 55/100 and 1/4 strategies agree — signal is not strong enough for overnight hold, but may work as an intraday trade.",Portfolio risk gate: 🛑 Blocked: Intraday bucket drawdown: -16.7% (limit: -10.0%). Bucket paused — no new entries until losses recover. Existing positions continue unaffected.,❌ **HEROMOTOCO** REJECTED for Intraday | Score: 59/100 | Votes: 1/4 Reasons: Portfolio risk gate: 🛑 Blocked: Intraday bucket drawdown: -16.7% (limit: -10.0%). Bucket paused — no new entries until losses recover. Existing positions continue unaffected.
2026-06-17 09:23:24,BAJAJHLDNG,BAJAJHLDNG.NS,Swing,REJECT,69,61,2,LOW 🟡,3,WEAK BULL 📈,"Score 61/100, 3/4 strategies agree, BUY signal — suited for a swing trade (days to weeks).",Portfolio risk gate: 🛑 Blocked: Swing bucket drawdown: -16.9% (limit: -10.0%). Bucket paused — no new entries until losses recover. Existing positions continue unaffected.,❌ **BAJAJHLDNG** REJECTED for Swing | Score: 69/100 | Votes: 3/4 Reasons: Portfolio risk gate: 🛑 Blocked: Swing bucket drawdown: -16.9% (limit: -10.0%). Bucket paused — no new entries until losses recover. Existing positions continue unaffected.
2026-06-17 09:23:26,HCLTECH,HCLTECH.NS,Intraday,REJECT,57,55,1,NONE ⚪,1,WEAK BULL 📈,"Score 55/100 and 1/4 strategies agree — signal is not strong enough for overnight hold, but may work as an intraday trade.",Portfolio risk gate: 🛑 Blocked: Intraday bucket drawdown: -16.7% (limit: -10.0%). Bucket paused — no new entries until losses recover. Existing positions continue unaffected.,❌ **HCLTECH** REJECTED for Intraday | Score: 57/100 | Votes: 1/4 Reasons: Portfolio risk gate: 🛑 Blocked: Intraday bucket drawdown: -16.7% (limit: -10.0%). Bucket paused — no new entries until losses recover. Existing positions continue unaffected.
2026-06-17 09:23:27,EICHERMOT,EICHERMOT.NS,Intraday,REJECT,69,60,1,NONE ⚪,1,WEAK BULL 📈,"Score 60/100 and 1/4 strategies agree — signal is not strong enough for overnight hold, but may work as an intraday trade.",Portfolio risk gate: 🛑 Blocked: Intraday bucket drawdown: -16.7% (limit: -10.0%). Bucket paused — no new entries until losses recover. Existing positions continue unaffected.,❌ **EICHERMOT** REJECTED for Intraday | Score: 69/100 | Votes: 1/4 Reasons: Portfolio risk gate: 🛑 Blocked: Intraday bucket drawdown: -16.7% (limit: -10.0%). Bucket paused — no new entries until losses recover. Existing positions continue unaffected.
2026-06-17 09:23:27,Carborundum Universal Limited,CARBORUNIV.NS,Intraday,REJECT,66,59,2,LOW 🟡,2,WEAK BULL 📈,"Score 59/100 and 2/4 strategies agree — signal is not strong enough for overnight hold, but may work as an intraday trade.",Portfolio risk gate: 🛑 Blocked: Intraday bucket drawdown: -16.7% (limit: -10.0%). Bucket paused — no new entries until losses recover. Existing positions continue unaffected.,❌ **Carborundum Universal Limited** REJECTED for Intraday | Score: 66/100 | Votes: 2/4 Reasons: Portfolio risk gate: 🛑 Blocked: Intraday bucket drawdown: -16.7% (limit: -10.0%). Bucket paused — no new entries until losses recover. Existing positions continue unaffected.
2026-06-17 09:23:31,BAJAJFINSV,BAJAJFINSV.NS,Intraday,REJECT,59,55,1,NONE ⚪,1,WEAK BULL 📈,"Score 55/100 and 1/4 strategies agree — signal is not strong enough for overnight hold, but may work as an intraday trade.",Portfolio risk gate: 🛑 Blocked: Intraday bucket drawdown: -16.7% (limit: -10.0%). Bucket paused — no new entries until losses recover. Existing positions continue unaffected.,❌ **BAJAJFINSV** REJECTED for Intraday | Score: 59/100 | Votes: 1/4 Reasons: Portfolio risk gate: 🛑 Blocked: Intraday bucket drawdown: -16.7% (limit: -10.0%). Bucket paused — no new entries until losses recover. Existing positions continue unaffected.
2026-06-17 09:23:32,HPCL,HINDPETRO.NS,Intraday,REJECT,69,60,1,NONE ⚪,1,WEAK BULL 📈,"Score 60/100 and 1/4 strategies agree — signal is not strong enough for overnight hold, but may work as an intraday trade.",Portfolio risk gate: 🛑 Blocked: Intraday bucket drawdown: -16.7% (limit: -10.0%). Bucket paused — no new entries until losses recover. Existing positions continue unaffected.,❌ **HPCL** REJECTED for Intraday | Score: 69/100 | Votes: 1/4 Reasons: Portfolio risk gate: 🛑 Blocked: Intraday bucket drawdown: -16.7% (limit: -10.0%). Bucket paused — no new entries until losses recover. Existing positions continue unaffected.
2026-06-17 09:23:32,BRITANNIA,BRITANNIA.NS,Intraday,REJECT,65,58,1,NONE ⚪,1,WEAK BULL 📈,"Score 58/100 and 1/4 strategies agree — signal is not strong enough for overnight hold, but may work as an intraday trade.",Portfolio risk gate: 🛑 Blocked: Intraday bucket drawdown: -16.7% (limit: -10.0%). Bucket paused — no new entries until losses recover. Existing positions continue unaffected.,❌ **BRITANNIA** REJECTED for Intraday | Score: 65/100 | Votes: 1/4 Reasons: Portfolio risk gate: 🛑 Blocked: Intraday bucket drawdown: -16.7% (limit: -10.0%). Bucket paused — no new entries until losses recover. Existing positions continue unaffected.
2026-06-17 09:23:34,LT,LT.NS,Intraday,REJECT,69,59,1,NONE ⚪,1,WEAK BULL 📈,"Score 59/100 and 1/4 strategies agree — signal is not strong enough for overnight hold, but may work as an intraday trade.",Portfolio risk gate: 🛑 Blocked: Intraday bucket drawdown: -16.7% (limit: -10.0%). Bucket paused — no new entries until losses recover. Existing positions continue unaffected.,❌ **LT** REJECTED for Intraday | Score: 69/100 | Votes: 1/4 Reasons: Portfolio risk gate: 🛑 Blocked: Intraday bucket drawdown: -16.7% (limit: -10.0%). Bucket paused — no new entries until losses recover. Existing positions continue unaffected.
2026-06-17 09:23:35,GODREJCP,GODREJCP.NS,Intraday,REJECT,64,59,2,LOW 🟡,2,WEAK BULL 📈,"Score 59/100 and 2/4 strategies agree — signal is not strong enough for overnight hold, but may work as an intraday trade.",Portfolio risk gate: 🛑 Blocked: Intraday bucket drawdown: -16.7% (limit: -10.0%). Bucket paused — no new entries until losses recover. Existing positions continue unaffected.,❌ **GODREJCP** REJECTED for Intraday | Score: 64/100 | Votes: 2/4 Reasons: Portfolio risk gate: 🛑 Blocked: Intraday bucket drawdown: -16.7% (limit: -10.0%). Bucket paused — no new entries until losses recover. Existing positions continue unaffected.
2026-06-17 09:23:37,VBL,VBL.NS,—,REJECT,0,52,0,NONE ⚪,1,WEAK BULL 📈,"Score 52/100, 1/4 strategies agree — signal is too weak for any bucket. Wait for a stronger setup.","Score 52/100, 1/4 strategies agree — signal is too weak for any bucket. Wait for a stronger setup.","No suitable bucket for VBL. Score 52/100, 1/4 strategies agree — signal is too weak for any bucket. Wait for a stronger setup."
2026-06-17 09:23:38,M&M,M&M.NS,Intraday,REJECT,64,59,2,LOW 🟡,2,WEAK BULL 📈,"Score 59/100 and 2/4 strategies agree — signal is not strong enough for overnight hold, but may work as an intraday trade.",Portfolio risk gate: 🛑 Blocked: Intraday bucket drawdown: -16.7% (limit: -10.0%). Bucket paused — no new entries until losses recover. Existing positions continue unaffected.,❌ **M&M** REJECTED for Intraday | Score: 64/100 | Votes: 2/4 Reasons: Portfolio risk gate: 🛑 Blocked: Intraday bucket drawdown: -16.7% (limit: -10.0%). Bucket paused — no new entries until losses recover. Existing positions continue unaffected.
2026-06-17 09:23:39,PFC,PFC.NS,Intraday,REJECT,59,56,1,NONE ⚪,1,WEAK BULL 📈,"Score 56/100 and 1/4 strategies agree — signal is not strong enough for overnight hold, but may work as an intraday trade.",Portfolio risk gate: 🛑 Blocked: Intraday bucket drawdown: -16.7% (limit: -10.0%). Bucket paused — no new entries until losses recover. Existing positions continue unaffected.,❌ **PFC** REJECTED for Intraday | Score: 59/100 | Votes: 1/4 Reasons: Portfolio risk gate: 🛑 Blocked: Intraday bucket drawdown: -16.7% (limit: -10.0%). Bucket paused — no new entries until losses recover. Existing positions continue unaffected.
2026-06-17 09:23:39,Jindal Stainless,JSL.NS,—,REJECT,0,54,0,NONE ⚪,1,WEAK BULL 📈,"Score 54/100, 1/4 strategies agree — signal is too weak for any bucket. Wait for a stronger setup.","Score 54/100, 1/4 strategies agree — signal is too weak for any bucket. Wait for a stronger setup.","No suitable bucket for Jindal Stainless. Score 54/100, 1/4 strategies agree — signal is too weak for any bucket. Wait for a stronger setup."
2026-06-17 09:23:41,INDIGO,INDIGO.NS,Intraday,REJECT,66,58,1,NONE ⚪,1,WEAK BULL 📈,"Score 58/100 and 1/4 strategies agree — signal is not strong enough for overnight hold, but may work as an intraday trade.",Portfolio risk gate: 🛑 Blocked: Intraday bucket drawdown: -16.7% (limit: -10.0%). Bucket paused — no new entries until losses recover. Existing positions continue unaffected.,❌ **INDIGO** REJECTED for Intraday | Score: 66/100 | Votes: 1/4 Reasons: Portfolio risk gate: 🛑 Blocked: Intraday bucket drawdown: -16.7% (limit: -10.0%). Bucket paused — no new entries until losses recover. Existing positions continue unaffected.
2026-06-17 09:23:42,ADANIGREEN,ADANIGREEN.NS,—,REJECT,0,54,0,NONE ⚪,1,WEAK BULL 📈,"Score 54/100, 1/4 strategies agree — signal is too weak for any bucket. Wait for a stronger setup.","Score 54/100, 1/4 strategies agree — signal is too weak for any bucket. Wait for a stronger setup.","No suitable bucket for ADANIGREEN. Score 54/100, 1/4 strategies agree — signal is too weak for any bucket. Wait for a stronger setup."
2026-06-17 09:23:43,RECLTD,RECLTD.NS,Intraday,REJECT,67,59,1,NONE ⚪,1,WEAK BULL 📈,"Score 59/100 and 1/4 strategies agree — signal is not strong enough for overnight hold, but may work as an intraday trade.",Portfolio risk gate: 🛑 Blocked: Intraday bucket drawdown: -16.7% (limit: -10.0%). Bucket paused — no new entries until losses recover. Existing positions continue unaffected.,❌ **RECLTD** REJECTED for Intraday | Score: 67/100 | Votes: 1/4 Reasons: Portfolio risk gate: 🛑 Blocked: Intraday bucket drawdown: -16.7% (limit: -10.0%). Bucket paused — no new entries until losses recover. Existing positions continue unaffected.
2026-06-17 09:23:44,Mazagon Dock,MAZDOCK.NS,Intraday,REJECT,59,55,1,NONE ⚪,1,WEAK BULL 📈,"Score 55/100 and 1/4 strategies agree — signal is not strong enough for overnight hold, but may work as an intraday trade.",Portfolio risk gate: 🛑 Blocked: Intraday bucket drawdown: -16.7% (limit: -10.0%). Bucket paused — no new entries until losses recover. Existing positions continue unaffected.,❌ **Mazagon Dock** REJECTED for Intraday | Score: 59/100 | Votes: 1/4 Reasons: Portfolio risk gate: 🛑 Blocked: Intraday bucket drawdown: -16.7% (limit: -10.0%). Bucket paused — no new entries until losses recover. Existing positions continue unaffected.
2026-06-17 09:23:45,YESBANK,YESBANK.NS,Intraday,REJECT,66,59,2,LOW 🟡,2,WEAK BULL 📈,"Score 59/100 and 2/4 strategies agree — signal is not strong enough for overnight hold, but may work as an intraday trade.",Portfolio risk gate: 🛑 Blocked: Intraday bucket drawdown: -16.7% (limit: -10.0%). Bucket paused — no new entries until losses recover. Existing positions continue unaffected.,❌ **YESBANK** REJECTED for Intraday | Score: 66/100 | Votes: 2/4 Reasons: Portfolio risk gate: 🛑 Blocked: Intraday bucket drawdown: -16.7% (limit: -10.0%). Bucket paused — no new entries until losses recover. Existing positions continue unaffected.
2026-06-17 09:23:45,TMPV,TMPV.NS,—,REJECT,0,54,0,NONE ⚪,1,WEAK BULL 📈,"Score 54/100, 1/4 strategies agree — signal is too weak for any bucket. Wait for a stronger setup.","Score 54/100, 1/4 strategies agree — signal is too weak for any bucket. Wait for a stronger setup.","No suitable bucket for TMPV. Score 54/100, 1/4 strategies agree — signal is too weak for any bucket. Wait for a stronger setup."
2026-06-17 09:23:45,NYKAA,NYKAA.NS,Intraday,REJECT,64,57,1,NONE ⚪,1,WEAK BULL 📈,"Score 57/100 and 1/4 strategies agree — signal is not strong enough for overnight hold, but may work as an intraday trade.",Portfolio risk gate: 🛑 Blocked: Intraday bucket drawdown: -16.7% (limit: -10.0%). Bucket paused — no new entries until losses recover. Existing positions continue unaffected.,❌ **NYKAA** REJECTED for Intraday | Score: 64/100 | Votes: 1/4 Reasons: Portfolio risk gate: 🛑 Blocked: Intraday bucket drawdown: -16.7% (limit: -10.0%). Bucket paused — no new entries until losses recover. Existing positions continue unaffected.
2026-06-17 09:23:46,SHRIRAMFIN,SHRIRAMFIN.NS,Intraday,REJECT,69,59,1,NONE ⚪,1,WEAK BULL 📈,"Score 59/100 and 1/4 strategies agree — signal is not strong enough for overnight hold, but may work as an intraday trade.",Portfolio risk gate: 🛑 Blocked: Intraday bucket drawdown: -16.7% (limit: -10.0%). Bucket paused — no new entries until losses recover. Existing positions continue unaffected.,❌ **SHRIRAMFIN** REJECTED for Intraday | Score: 69/100 | Votes: 1/4 Reasons: Portfolio risk gate: 🛑 Blocked: Intraday bucket drawdown: -16.7% (limit: -10.0%). Bucket paused — no new entries until losses recover. Existing positions continue unaffected.
2026-06-17 09:23:49,IRFC,IRFC.NS,Intraday,REJECT,59,55,1,NONE ⚪,1,WEAK BULL 📈,"Score 55/100 and 1/4 strategies agree — signal is not strong enough for overnight hold, but may work as an intraday trade.",Portfolio risk gate: 🛑 Blocked: Intraday bucket drawdown: -16.7% (limit: -10.0%). Bucket paused — no new entries until losses recover. Existing positions continue unaffected.,❌ **IRFC** REJECTED for Intraday | Score: 59/100 | Votes: 1/4 Reasons: Portfolio risk gate: 🛑 Blocked: Intraday bucket drawdown: -16.7% (limit: -10.0%). Bucket paused — no new entries until losses recover. Existing positions continue unaffected.
2026-06-17 09:23:50,CHOLAFIN,CHOLAFIN.NS,Intraday,REJECT,66,58,1,NONE ⚪,1,WEAK BULL 📈,"Score 58/100 and 1/4 strategies agree — signal is not strong enough for overnight hold, but may work as an intraday trade.",Portfolio risk gate: 🛑 Blocked: Intraday bucket drawdown: -16.7% (limit: -10.0%). Bucket paused — no new entries until losses recover. Existing positions continue unaffected.,❌ **CHOLAFIN** REJECTED for Intraday | Score: 66/100 | Votes: 1/4 Reasons: Portfolio risk gate: 🛑 Blocked: Intraday bucket drawdown: -16.7% (limit: -10.0%). Bucket paused — no new entries until losses recover. Existing positions continue unaffected.
2026-06-17 09:23:51,ASHOKLEY,ASHOKLEY.NS,Swing,REJECT,65,61,2,LOW 🟡,2,WEAK BULL 📈,"Score 61/100, 2/4 strategies agree, BUY signal — suited for a swing trade (days to weeks).",Portfolio risk gate: 🛑 Blocked: Swing bucket drawdown: -16.9% (limit: -10.0%). Bucket paused — no new entries until losses recover. Existing positions continue unaffected.,❌ **ASHOKLEY** REJECTED for Swing | Score: 65/100 | Votes: 2/4 Reasons: Portfolio risk gate: 🛑 Blocked: Swing bucket drawdown: -16.9% (limit: -10.0%). Bucket paused — no new entries until losses recover. Existing positions continue unaffected.
2026-06-17 09:23:52,Bharat Dynamics,BDL.NS,Intraday,REJECT,57,55,1,NONE ⚪,1,WEAK BULL 📈,"Score 55/100 and 1/4 strategies agree — signal is not strong enough for overnight hold, but may work as an intraday trade.",Portfolio risk gate: 🛑 Blocked: Intraday bucket drawdown: -16.7% (limit: -10.0%). Bucket paused — no new entries until losses recover. Existing positions continue unaffected.,❌ **Bharat Dynamics** REJECTED for Intraday | Score: 57/100 | Votes: 1/4 Reasons: Portfolio risk gate: 🛑 Blocked: Intraday bucket drawdown: -16.7% (limit: -10.0%). Bucket paused — no new entries until losses recover. Existing positions continue unaffected.
2026-06-17 09:23:53,HAVELLS,HAVELLS.NS,Intraday,REJECT,59,55,1,NONE ⚪,1,WEAK BULL 📈,"Score 55/100 and 1/4 strategies agree — signal is not strong enough for overnight hold, but may work as an intraday trade.",Portfolio risk gate: 🛑 Blocked: Intraday bucket drawdown: -16.7% (limit: -10.0%). Bucket paused — no new entries until losses recover. Existing positions continue unaffected.,❌ **HAVELLS** REJECTED for Intraday | Score: 59/100 | Votes: 1/4 Reasons: Portfolio risk gate: 🛑 Blocked: Intraday bucket drawdown: -16.7% (limit: -10.0%). Bucket paused — no new entries until losses recover. Existing positions continue unaffected.
2026-06-17 09:23:55,CANBK,CANBK.NS,Intraday,REJECT,69,60,1,NONE ⚪,1,WEAK BULL 📈,"Score 60/100 and 1/4 strategies agree — signal is not strong enough for overnight hold, but may work as an intraday trade.",Portfolio risk gate: 🛑 Blocked: Intraday bucket drawdown: -16.7% (limit: -10.0%). Bucket paused — no new entries until losses recover. Existing positions continue unaffected.,❌ **CANBK** REJECTED for Intraday | Score: 69/100 | Votes: 1/4 Reasons: Portfolio risk gate: 🛑 Blocked: Intraday bucket drawdown: -16.7% (limit: -10.0%). Bucket paused — no new entries until losses recover. Existing positions continue unaffected.
2026-06-17 09:23:55,ASTRAL,ASTRAL.NS,Intraday,REJECT,59,55,1,NONE ⚪,1,WEAK BULL 📈,"Score 55/100 and 1/4 strategies agree — signal is not strong enough for overnight hold, but may work as an intraday trade.",Portfolio risk gate: 🛑 Blocked: Intraday bucket drawdown: -16.7% (limit: -10.0%). Bucket paused — no new entries until losses recover. Existing positions continue unaffected.,❌ **ASTRAL** REJECTED for Intraday | Score: 59/100 | Votes: 1/4 Reasons: Portfolio risk gate: 🛑 Blocked: Intraday bucket drawdown: -16.7% (limit: -10.0%). Bucket paused — no new entries until losses recover. Existing positions continue unaffected.
2026-06-17 09:23:56,TVS Motors,TVSMOTOR.NS,Intraday,REJECT,59,55,1,NONE ⚪,1,WEAK BULL 📈,"Score 55/100 and 1/4 strategies agree — signal is not strong enough for overnight hold, but may work as an intraday trade.",Portfolio risk gate: 🛑 Blocked: Intraday bucket drawdown: -16.7% (limit: -10.0%). Bucket paused — no new entries until losses recover. Existing positions continue unaffected.,❌ **TVS Motors** REJECTED for Intraday | Score: 59/100 | Votes: 1/4 Reasons: Portfolio risk gate: 🛑 Blocked: Intraday bucket drawdown: -16.7% (limit: -10.0%). Bucket paused — no new entries until losses recover. Existing positions continue unaffected.
2026-06-17 09:23:58,TRENT,TRENT.NS,Intraday,REJECT,66,58,1,NONE ⚪,1,WEAK BULL 📈,"Score 58/100 and 1/4 strategies agree — signal is not strong enough for overnight hold, but may work as an intraday trade.",Portfolio risk gate: 🛑 Blocked: Intraday bucket drawdown: -16.7% (limit: -10.0%). Bucket paused — no new entries until losses recover. Existing positions continue unaffected.,❌ **TRENT** REJECTED for Intraday | Score: 66/100 | Votes: 1/4 Reasons: Portfolio risk gate: 🛑 Blocked: Intraday bucket drawdown: -16.7% (limit: -10.0%). Bucket paused — no new entries until losses recover. Existing positions continue unaffected.
2026-06-17 09:23:59,BANKBARODA,BANKBARODA.NS,Intraday,REJECT,66,59,1,NONE ⚪,1,WEAK BULL 📈,"Score 59/100 and 1/4 strategies agree — signal is not strong enough for overnight hold, but may work as an intraday trade.",Portfolio risk gate: 🛑 Blocked: Intraday bucket drawdown: -16.7% (limit: -10.0%). Bucket paused — no new entries until losses recover. Existing positions continue unaffected.,❌ **BANKBARODA** REJECTED for Intraday | Score: 66/100 | Votes: 1/4 Reasons: Portfolio risk gate: 🛑 Blocked: Intraday bucket drawdown: -16.7% (limit: -10.0%). Bucket paused — no new entries until losses recover. Existing positions continue unaffected.
2026-06-17 09:24:00,DMART,DMART.NS,Intraday,REJECT,62,55,1,NONE ⚪,1,WEAK BULL 📈,"Score 55/100 and 1/4 strategies agree — signal is not strong enough for overnight hold, but may work as an intraday trade.",Portfolio risk gate: 🛑 Blocked: Intraday bucket drawdown: -16.7% (limit: -10.0%). Bucket paused — no new entries until losses recover. Existing positions continue unaffected.,❌ **DMART** REJECTED for Intraday | Score: 62/100 | Votes: 1/4 Reasons: Portfolio risk gate: 🛑 Blocked: Intraday bucket drawdown: -16.7% (limit: -10.0%). Bucket paused — no new entries until losses recover. Existing positions continue unaffected.
2026-06-17 09:24:01,AARTIIND,AARTIIND.NS,Swing,REJECT,65,61,2,LOW 🟡,2,WEAK BULL 📈,"Score 61/100, 2/4 strategies agree, BUY signal — suited for a swing trade (days to weeks).",Portfolio risk gate: 🛑 Blocked: Swing bucket drawdown: -16.9% (limit: -10.0%). Bucket paused — no new entries until losses recover. Existing positions continue unaffected.,❌ **AARTIIND** REJECTED for Swing | Score: 65/100 | Votes: 2/4 Reasons: Portfolio risk gate: 🛑 Blocked: Swing bucket drawdown: -16.9% (limit: -10.0%). Bucket paused — no new entries until losses recover. Existing positions continue unaffected.
2026-06-17 09:24:02,IDEA,IDEA.NS,—,REJECT,0,53,0,NONE ⚪,1,WEAK BULL 📈,"Score 53/100, 1/4 strategies agree — signal is too weak for any bucket. Wait for a stronger setup.","Score 53/100, 1/4 strategies agree — signal is too weak for any bucket. Wait for a stronger setup.","No suitable bucket for IDEA. Score 53/100, 1/4 strategies agree — signal is too weak for any bucket. Wait for a stronger setup."
2026-06-17 09:24:02,PAGEIND,PAGEIND.NS,Intraday,REJECT,66,58,1,NONE ⚪,1,WEAK BULL 📈,"Score 58/100 and 1/4 strategies agree — signal is not strong enough for overnight hold, but may work as an intraday trade.",Portfolio risk gate: 🛑 Blocked: Intraday bucket drawdown: -16.7% (limit: -10.0%). Bucket paused — no new entries until losses recover. Existing positions continue unaffected.,❌ **PAGEIND** REJECTED for Intraday | Score: 66/100 | Votes: 1/4 Reasons: Portfolio risk gate: 🛑 Blocked: Intraday bucket drawdown: -16.7% (limit: -10.0%). Bucket paused — no new entries until losses recover. Existing positions continue unaffected.
2026-06-17 09:24:02,PNB,PNB.NS,Intraday,REJECT,69,60,1,NONE ⚪,1,WEAK BULL 📈,"Score 60/100 and 1/4 strategies agree — signal is not strong enough for overnight hold, but may work as an intraday trade.",Portfolio risk gate: 🛑 Blocked: Intraday bucket drawdown: -16.7% (limit: -10.0%). Bucket paused — no new entries until losses recover. Existing positions continue unaffected.,❌ **PNB** REJECTED for Intraday | Score: 69/100 | Votes: 1/4 Reasons: Portfolio risk gate: 🛑 Blocked: Intraday bucket drawdown: -16.7% (limit: -10.0%). Bucket paused — no new entries until losses recover. Existing positions continue unaffected.
2026-06-17 09:24:03,POLYCAB,POLYCAB.NS,—,REJECT,0,53,0,NONE ⚪,1,WEAK BULL 📈,"Score 53/100, 1/4 strategies agree — signal is too weak for any bucket. Wait for a stronger setup.","Score 53/100, 1/4 strategies agree — signal is too weak for any bucket. Wait for a stronger setup.","No suitable bucket for POLYCAB. Score 53/100, 1/4 strategies agree — signal is too weak for any bucket. Wait for a stronger setup."
2026-06-17 09:24:05,INDIAMART,INDIAMART.NS,Intraday,REJECT,64,57,1,NONE ⚪,1,WEAK BULL 📈,"Score 57/100 and 1/4 strategies agree — signal is not strong enough for overnight hold, but may work as an intraday trade.",Portfolio risk gate: 🛑 Blocked: Intraday bucket drawdown: -16.7% (limit: -10.0%). Bucket paused — no new entries until losses recover. Existing positions continue unaffected.,❌ **INDIAMART** REJECTED for Intraday | Score: 64/100 | Votes: 1/4 Reasons: Portfolio risk gate: 🛑 Blocked: Intraday bucket drawdown: -16.7% (limit: -10.0%). Bucket paused — no new entries until losses recover. Existing positions continue unaffected.
2026-06-17 09:24:05,Garden Reach Shipbuilders,GRSE.NS,Intraday,REJECT,59,55,1,NONE ⚪,1,WEAK BULL 📈,"Score 55/100 and 1/4 strategies agree — signal is not strong enough for overnight hold, but may work as an intraday trade.",Portfolio risk gate: 🛑 Blocked: Intraday bucket drawdown: -16.7% (limit: -10.0%). Bucket paused — no new entries until losses recover. Existing positions continue unaffected.,❌ **Garden Reach Shipbuilders** REJECTED for Intraday | Score: 59/100 | Votes: 1/4 Reasons: Portfolio risk gate: 🛑 Blocked: Intraday bucket drawdown: -16.7% (limit: -10.0%). Bucket paused — no new entries until losses recover. Existing positions continue unaffected.
2026-06-17 09:24:06,AFFLE INDIA,AFFLE.NS,—,REJECT,0,53,0,NONE ⚪,1,WEAK BULL 📈,"Score 53/100, 1/4 strategies agree — signal is too weak for any bucket. Wait for a stronger setup.","Score 53/100, 1/4 strategies agree — signal is too weak for any bucket. Wait for a stronger setup.","No suitable bucket for AFFLE INDIA. Score 53/100, 1/4 strategies agree — signal is too weak for any bucket. Wait for a stronger setup."
2026-06-17 09:24:08,UBL,UBL.NS,Intraday,REJECT,59,56,1,NONE ⚪,1,WEAK BULL 📈,"Score 56/100 and 1/4 strategies agree — signal is not strong enough for overnight hold, but may work as an intraday trade.",Portfolio risk gate: 🛑 Blocked: Intraday bucket drawdown: -16.7% (limit: -10.0%). Bucket paused — no new entries until losses recover. Existing positions continue unaffected.,❌ **UBL** REJECTED for Intraday | Score: 59/100 | Votes: 1/4 Reasons: Portfolio risk gate: 🛑 Blocked: Intraday bucket drawdown: -16.7% (limit: -10.0%). Bucket paused — no new entries until losses recover. Existing positions continue unaffected.
2026-06-17 09:24:09,BANDHANBNK,BANDHANBNK.NS,Intraday,REJECT,69,59,1,NONE ⚪,1,WEAK BULL 📈,"Score 59/100 and 1/4 strategies agree — signal is not strong enough for overnight hold, but may work as an intraday trade.",Portfolio risk gate: 🛑 Blocked: Intraday bucket drawdown: -16.7% (limit: -10.0%). Bucket paused — no new entries until losses recover. Existing positions continue unaffected.,❌ **BANDHANBNK** REJECTED for Intraday | Score: 69/100 | Votes: 1/4 Reasons: Portfolio risk gate: 🛑 Blocked: Intraday bucket drawdown: -16.7% (limit: -10.0%). Bucket paused — no new entries until losses recover. Existing positions continue unaffected.
2026-06-17 09:24:10,DLF,DLF.NS,Intraday,REJECT,66,58,1,NONE ⚪,1,WEAK BULL 📈,"Score 58/100 and 1/4 strategies agree — signal is not strong enough for overnight hold, but may work as an intraday trade.",Portfolio risk gate: 🛑 Blocked: Intraday bucket drawdown: -16.7% (limit: -10.0%). Bucket paused — no new entries until losses recover. Existing positions continue unaffected.,❌ **DLF** REJECTED for Intraday | Score: 66/100 | Votes: 1/4 Reasons: Portfolio risk gate: 🛑 Blocked: Intraday bucket drawdown: -16.7% (limit: -10.0%). Bucket paused — no new entries until losses recover. Existing positions continue unaffected.
2026-06-17 09:24:11,IREDA,IREDA.NS,Intraday,REJECT,59,58,2,LOW 🟡,2,WEAK BULL 📈,"Score 58/100 and 2/4 strategies agree — signal is not strong enough for overnight hold, but may work as an intraday trade.",Portfolio risk gate: 🛑 Blocked: Intraday bucket drawdown: -16.7% (limit: -10.0%). Bucket paused — no new entries until losses recover. Existing positions continue unaffected.,❌ **IREDA** REJECTED for Intraday | Score: 59/100 | Votes: 2/4 Reasons: Portfolio risk gate: 🛑 Blocked: Intraday bucket drawdown: -16.7% (limit: -10.0%). Bucket paused — no new entries until losses recover. Existing positions continue unaffected.
2026-06-17 09:24:12,BATAINDIA,BATAINDIA.NS,Intraday,REJECT,59,56,1,NONE ⚪,1,WEAK BULL 📈,"Score 56/100 and 1/4 strategies agree — signal is not strong enough for overnight hold, but may work as an intraday trade.",Portfolio risk gate: 🛑 Blocked: Intraday bucket drawdown: -16.7% (limit: -10.0%). Bucket paused — no new entries until losses recover. Existing positions continue unaffected.,❌ **BATAINDIA** REJECTED for Intraday | Score: 59/100 | Votes: 1/4 Reasons: Portfolio risk gate: 🛑 Blocked: Intraday bucket drawdown: -16.7% (limit: -10.0%). Bucket paused — no new entries until losses recover. Existing positions continue unaffected.
2026-06-17 09:24:13,INDUSINDBK,INDUSINDBK.NS,Intraday,REJECT,64,58,1,NONE ⚪,1,WEAK BULL 📈,"Score 58/100 and 1/4 strategies agree — signal is not strong enough for overnight hold, but may work as an intraday trade.",Portfolio risk gate: 🛑 Blocked: Intraday bucket drawdown: -16.7% (limit: -10.0%). Bucket paused — no new entries until losses recover. Existing positions continue unaffected.,❌ **INDUSINDBK** REJECTED for Intraday | Score: 64/100 | Votes: 1/4 Reasons: Portfolio risk gate: 🛑 Blocked: Intraday bucket drawdown: -16.7% (limit: -10.0%). Bucket paused — no new entries until losses recover. Existing positions continue unaffected.
2026-06-17 09:24:13,ESCORTS,ESCORTS.NS,Intraday,REJECT,57,55,1,NONE ⚪,1,WEAK BULL 📈,"Score 55/100 and 1/4 strategies agree — signal is not strong enough for overnight hold, but may work as an intraday trade.",Portfolio risk gate: 🛑 Blocked: Intraday bucket drawdown: -16.7% (limit: -10.0%). Bucket paused — no new entries until losses recover. Existing positions continue unaffected.,❌ **ESCORTS** REJECTED for Intraday | Score: 57/100 | Votes: 1/4 Reasons: Portfolio risk gate: 🛑 Blocked: Intraday bucket drawdown: -16.7% (limit: -10.0%). Bucket paused — no new entries until losses recover. Existing positions continue unaffected.
2026-06-17 09:24:14,GRASIM,GRASIM.NS,—,REJECT,0,53,0,NONE ⚪,1,WEAK BULL 📈,"Score 53/100, 1/4 strategies agree — signal is too weak for any bucket. Wait for a stronger setup.","Score 53/100, 1/4 strategies agree — signal is too weak for any bucket. Wait for a stronger setup.","No suitable bucket for GRASIM. Score 53/100, 1/4 strategies agree — signal is too weak for any bucket. Wait for a stronger setup."
2026-06-17 09:24:15,Eternal (formerly Zomato),ETERNAL.NS,Intraday,REJECT,64,59,2,LOW 🟡,2,WEAK BULL 📈,"Score 59/100 and 2/4 strategies agree — signal is not strong enough for overnight hold, but may work as an intraday trade.",Portfolio risk gate: 🛑 Blocked: Intraday bucket drawdown: -16.7% (limit: -10.0%). Bucket paused — no new entries until losses recover. Existing positions continue unaffected.,❌ **Eternal (formerly Zomato)** REJECTED for Intraday | Score: 64/100 | Votes: 2/4 Reasons: Portfolio risk gate: 🛑 Blocked: Intraday bucket drawdown: -16.7% (limit: -10.0%). Bucket paused — no new entries until losses recover. Existing positions continue unaffected.
2026-06-17 09:24:16,BERGEPAINT,BERGEPAINT.NS,—,REJECT,0,52,0,NONE ⚪,1,WEAK BULL 📈,"Score 52/100, 1/4 strategies agree — signal is too weak for any bucket. Wait for a stronger setup.","Score 52/100, 1/4 strategies agree — signal is too weak for any bucket. Wait for a stronger setup.","No suitable bucket for BERGEPAINT. Score 52/100, 1/4 strategies agree — signal is too weak for any bucket. Wait for a stronger setup."
2026-06-17 09:24:17,RailTel,RAILTEL.NS,Intraday,REJECT,62,57,1,NONE ⚪,1,WEAK BULL 📈,"Score 57/100 and 1/4 strategies agree — signal is not strong enough for overnight hold, but may work as an intraday trade.",Portfolio risk gate: 🛑 Blocked: Intraday bucket drawdown: -16.7% (limit: -10.0%). Bucket paused — no new entries until losses recover. Existing positions continue unaffected.,❌ **RailTel** REJECTED for Intraday | Score: 62/100 | Votes: 1/4 Reasons: Portfolio risk gate: 🛑 Blocked: Intraday bucket drawdown: -16.7% (limit: -10.0%). Bucket paused — no new entries until losses recover. Existing positions continue unaffected.
2026-06-17 09:24:18,ABB,ABB.NS,—,REJECT,0,53,0,NONE ⚪,1,WEAK BULL 📈,"Score 53/100, 1/4 strategies agree — signal is too weak for any bucket. Wait for a stronger setup.","Score 53/100, 1/4 strategies agree — signal is too weak for any bucket. Wait for a stronger setup.","No suitable bucket for ABB. Score 53/100, 1/4 strategies agree — signal is too weak for any bucket. Wait for a stronger setup."
2026-06-17 09:24:19,COLPAL,COLPAL.NS,Intraday,REJECT,64,59,2,LOW 🟡,2,WEAK BULL 📈,"Score 59/100 and 2/4 strategies agree — signal is not strong enough for overnight hold, but may work as an intraday trade.",Portfolio risk gate: 🛑 Blocked: Intraday bucket drawdown: -16.7% (limit: -10.0%). Bucket paused — no new entries until losses recover. Existing positions continue unaffected.,❌ **COLPAL** REJECTED for Intraday | Score: 64/100 | Votes: 2/4 Reasons: Portfolio risk gate: 🛑 Blocked: Intraday bucket drawdown: -16.7% (limit: -10.0%). Bucket paused — no new entries until losses recover. Existing positions continue unaffected.
2026-06-17 09:24:21,LICHSGFIN,LICHSGFIN.NS,Intraday,REJECT,64,59,1,NONE ⚪,1,WEAK BULL 📈,"Score 59/100 and 1/4 strategies agree — signal is not strong enough for overnight hold, but may work as an intraday trade.",Portfolio risk gate: 🛑 Blocked: Intraday bucket drawdown: -16.7% (limit: -10.0%). Bucket paused — no new entries until losses recover. Existing positions continue unaffected.,❌ **LICHSGFIN** REJECTED for Intraday | Score: 64/100 | Votes: 1/4 Reasons: Portfolio risk gate: 🛑 Blocked: Intraday bucket drawdown: -16.7% (limit: -10.0%). Bucket paused — no new entries until losses recover. Existing positions continue unaffected.
2026-06-17 09:24:22,Lupin,LUPIN.NS,Intraday,REJECT,59,55,1,NONE ⚪,1,WEAK BULL 📈,"Score 55/100 and 1/4 strategies agree — signal is not strong enough for overnight hold, but may work as an intraday trade.",Portfolio risk gate: 🛑 Blocked: Intraday bucket drawdown: -16.7% (limit: -10.0%). Bucket paused — no new entries until losses recover. Existing positions continue unaffected.,❌ **Lupin** REJECTED for Intraday | Score: 59/100 | Votes: 1/4 Reasons: Portfolio risk gate: 🛑 Blocked: Intraday bucket drawdown: -16.7% (limit: -10.0%). Bucket paused — no new entries until losses recover. Existing positions continue unaffected.
2026-06-17 09:24:22,DIVISLAB,DIVISLAB.NS,—,REJECT,0,54,0,NONE ⚪,2,WEAK BULL 📈,"Score 54/100, 2/4 strategies agree — signal is too weak for any bucket. Wait for a stronger setup.","Score 54/100, 2/4 strategies agree — signal is too weak for any bucket. Wait for a stronger setup.","No suitable bucket for DIVISLAB. Score 54/100, 2/4 strategies agree — signal is too weak for any bucket. Wait for a stronger setup."
2026-06-17 09:24:24,APOLLOHOSP,APOLLOHOSP.NS,—,REJECT,0,53,0,NONE ⚪,1,WEAK BULL 📈,"Score 53/100, 1/4 strategies agree — signal is too weak for any bucket. Wait for a stronger setup.","Score 53/100, 1/4 strategies agree — signal is too weak for any bucket. Wait for a stronger setup.","No suitable bucket for APOLLOHOSP. Score 53/100, 1/4 strategies agree — signal is too weak for any bucket. Wait for a stronger setup."
2026-06-17 09:24:24,MPHASIS,MPHASIS.NS,Intraday,REJECT,61,57,1,NONE ⚪,1,WEAK BULL 📈,"Score 57/100 and 1/4 strategies agree — signal is not strong enough for overnight hold, but may work as an intraday trade.",Portfolio risk gate: 🛑 Blocked: Intraday bucket drawdown: -16.7% (limit: -10.0%). Bucket paused — no new entries until losses recover. Existing positions continue unaffected.,❌ **MPHASIS** REJECTED for Intraday | Score: 61/100 | Votes: 1/4 Reasons: Portfolio risk gate: 🛑 Blocked: Intraday bucket drawdown: -16.7% (limit: -10.0%). Bucket paused — no new entries until losses recover. Existing positions continue unaffected.
2026-06-17 09:24:26,LICI,LICI.NS,Swing,REJECT,65,60,2,LOW 🟡,2,WEAK BULL 📈,"Score 60/100, 2/4 strategies agree, BUY signal — suited for a swing trade (days to weeks).",Portfolio risk gate: 🛑 Blocked: Swing bucket drawdown: -16.9% (limit: -10.0%). Bucket paused — no new entries until losses recover. Existing positions continue unaffected.,❌ **LICI** REJECTED for Swing | Score: 65/100 | Votes: 2/4 Reasons: Portfolio risk gate: 🛑 Blocked: Swing bucket drawdown: -16.9% (limit: -10.0%). Bucket paused — no new entries until losses recover. Existing positions continue unaffected.
2026-06-17 09:24:26,VBL,VBL.NS,—,REJECT,0,52,0,NONE ⚪,1,WEAK BULL 📈,"Score 52/100, 1/4 strategies agree — signal is too weak for any bucket. Wait for a stronger setup.","Score 52/100, 1/4 strategies agree — signal is too weak for any bucket. Wait for a stronger setup.","No suitable bucket for VBL. Score 52/100, 1/4 strategies agree — signal is too weak for any bucket. Wait for a stronger setup."
2026-06-17 09:24:27,Gujarat Pipavav Port,GPPL.NS,Intraday,REJECT,59,57,2,LOW 🟡,2,WEAK BULL 📈,"Score 57/100 and 2/4 strategies agree — signal is not strong enough for overnight hold, but may work as an intraday trade.",Portfolio risk gate: 🛑 Blocked: Intraday bucket drawdown: -16.7% (limit: -10.0%). Bucket paused — no new entries until losses recover. Existing positions continue unaffected.,❌ **Gujarat Pipavav Port** REJECTED for Intraday | Score: 59/100 | Votes: 2/4 Reasons: Portfolio risk gate: 🛑 Blocked: Intraday bucket drawdown: -16.7% (limit: -10.0%). Bucket paused — no new entries until losses recover. Existing positions continue unaffected.
2026-06-17 09:24:28,Amara Raja Energy,ARE&M.NS,—,REJECT,0,52,0,NONE ⚪,1,WEAK BULL 📈,"Score 52/100, 1/4 strategies agree — signal is too weak for any bucket. Wait for a stronger setup.","Score 52/100, 1/4 strategies agree — signal is too weak for any bucket. Wait for a stronger setup.","No suitable bucket for Amara Raja Energy. Score 52/100, 1/4 strategies agree — signal is too weak for any bucket. Wait for a stronger setup."
2026-06-17 09:24:28,HEROMOTOCO,HEROMOTOCO.NS,Intraday,REJECT,59,55,1,NONE ⚪,1,WEAK BULL 📈,"Score 55/100 and 1/4 strategies agree — signal is not strong enough for overnight hold, but may work as an intraday trade.",Portfolio risk gate: 🛑 Blocked: Intraday bucket drawdown: -16.7% (limit: -10.0%). Bucket paused — no new entries until losses recover. Existing positions continue unaffected.,❌ **HEROMOTOCO** REJECTED for Intraday | Score: 59/100 | Votes: 1/4 Reasons: Portfolio risk gate: 🛑 Blocked: Intraday bucket drawdown: -16.7% (limit: -10.0%). Bucket paused — no new entries until losses recover. Existing positions continue unaffected.
2026-06-17 09:24:30,NAUKRI,NAUKRI.NS,Swing,REJECT,65,60,2,LOW 🟡,2,WEAK BULL 📈,"Score 60/100, 2/4 strategies agree, BUY signal — suited for a swing trade (days to weeks).",Portfolio risk gate: 🛑 Blocked: Swing bucket drawdown: -16.9% (limit: -10.0%). Bucket paused — no new entries until losses recover. Existing positions continue unaffected.,❌ **NAUKRI** REJECTED for Swing | Score: 65/100 | Votes: 2/4 Reasons: Portfolio risk gate: 🛑 Blocked: Swing bucket drawdown: -16.9% (limit: -10.0%). Bucket paused — no new entries until losses recover. Existing positions continue unaffected.
2026-06-17 09:24:30,INDIGO,INDIGO.NS,Intraday,REJECT,66,58,1,NONE ⚪,1,WEAK BULL 📈,"Score 58/100 and 1/4 strategies agree — signal is not strong enough for overnight hold, but may work as an intraday trade.",Portfolio risk gate: 🛑 Blocked: Intraday bucket drawdown: -16.7% (limit: -10.0%). Bucket paused — no new entries until losses recover. Existing positions continue unaffected.,❌ **INDIGO** REJECTED for Intraday | Score: 66/100 | Votes: 1/4 Reasons: Portfolio risk gate: 🛑 Blocked: Intraday bucket drawdown: -16.7% (limit: -10.0%). Bucket paused — no new entries until losses recover. Existing positions continue unaffected.
2026-06-17 09:24:31,MOTHERSON,MOTHERSON.NS,—,REJECT,0,53,0,NONE ⚪,1,WEAK BULL 📈,"Score 53/100, 1/4 strategies agree — signal is too weak for any bucket. Wait for a stronger setup.","Score 53/100, 1/4 strategies agree — signal is too weak for any bucket. Wait for a stronger setup.","No suitable bucket for MOTHERSON. Score 53/100, 1/4 strategies agree — signal is too weak for any bucket. Wait for a stronger setup."
2026-06-17 09:24:31,ADANIGREEN,ADANIGREEN.NS,—,REJECT,0,54,0,NONE ⚪,1,WEAK BULL 📈,"Score 54/100, 1/4 strategies agree — signal is too weak for any bucket. Wait for a stronger setup.","Score 54/100, 1/4 strategies agree — signal is too weak for any bucket. Wait for a stronger setup.","No suitable bucket for ADANIGREEN. Score 54/100, 1/4 strategies agree — signal is too weak for any bucket. Wait for a stronger setup."
2026-06-17 09:24:32,Bank of India,BANKINDIA.NS,Intraday,REJECT,66,59,1,NONE ⚪,1,WEAK BULL 📈,"Score 59/100 and 1/4 strategies agree — signal is not strong enough for overnight hold, but may work as an intraday trade.",Portfolio risk gate: 🛑 Blocked: Intraday bucket drawdown: -16.7% (limit: -10.0%). Bucket paused — no new entries until losses recover. Existing positions continue unaffected.,❌ **Bank of India** REJECTED for Intraday | Score: 66/100 | Votes: 1/4 Reasons: Portfolio risk gate: 🛑 Blocked: Intraday bucket drawdown: -16.7% (limit: -10.0%). Bucket paused — no new entries until losses recover. Existing positions continue unaffected.
2026-06-17 09:24:32,EICHERMOT,EICHERMOT.NS,Intraday,REJECT,69,60,1,NONE ⚪,1,WEAK BULL 📈,"Score 60/100 and 1/4 strategies agree — signal is not strong enough for overnight hold, but may work as an intraday trade.",Portfolio risk gate: 🛑 Blocked: Intraday bucket drawdown: -16.7% (limit: -10.0%). Bucket paused — no new entries until losses recover. Existing positions continue unaffected.,❌ **EICHERMOT** REJECTED for Intraday | Score: 69/100 | Votes: 1/4 Reasons: Portfolio risk gate: 🛑 Blocked: Intraday bucket drawdown: -16.7% (limit: -10.0%). Bucket paused — no new entries until losses recover. Existing positions continue unaffected.
2026-06-17 09:24:32,Credo Brands,MUFTI.NS,—,REJECT,0,54,0,NONE ⚪,1,WEAK BULL 📈,"Score 54/100, 1/4 strategies agree — signal is too weak for any bucket. Wait for a stronger setup.","Score 54/100, 1/4 strategies agree — signal is too weak for any bucket. Wait for a stronger setup.","No suitable bucket for Credo Brands. Score 54/100, 1/4 strategies agree — signal is too weak for any bucket. Wait for a stronger setup."
2026-06-17 09:24:34,OBEROIRLTY,OBEROIRLTY.NS,Intraday,REJECT,64,59,1,NONE ⚪,1,WEAK BULL 📈,"Score 59/100 and 1/4 strategies agree — signal is not strong enough for overnight hold, but may work as an intraday trade.",Portfolio risk gate: 🛑 Blocked: Intraday bucket drawdown: -16.7% (limit: -10.0%). Bucket paused — no new entries until losses recover. Existing positions continue unaffected.,❌ **OBEROIRLTY** REJECTED for Intraday | Score: 64/100 | Votes: 1/4 Reasons: Portfolio risk gate: 🛑 Blocked: Intraday bucket drawdown: -16.7% (limit: -10.0%). Bucket paused — no new entries until losses recover. Existing positions continue unaffected.
2026-06-17 09:24:34,NYKAA,NYKAA.NS,Intraday,REJECT,64,57,1,NONE ⚪,1,WEAK BULL 📈,"Score 57/100 and 1/4 strategies agree — signal is not strong enough for overnight hold, but may work as an intraday trade.",Portfolio risk gate: 🛑 Blocked: Intraday bucket drawdown: -16.7% (limit: -10.0%). Bucket paused — no new entries until losses recover. Existing positions continue unaffected.,❌ **NYKAA** REJECTED for Intraday | Score: 64/100 | Votes: 1/4 Reasons: Portfolio risk gate: 🛑 Blocked: Intraday bucket drawdown: -16.7% (limit: -10.0%). Bucket paused — no new entries until losses recover. Existing positions continue unaffected.
2026-06-17 09:24:36,BRITANNIA,BRITANNIA.NS,Intraday,REJECT,59,56,1,NONE ⚪,1,WEAK BULL 📈,"Score 56/100 and 1/4 strategies agree — signal is not strong enough for overnight hold, but may work as an intraday trade.",Portfolio risk gate: 🛑 Blocked: Intraday bucket drawdown: -16.7% (limit: -10.0%). Bucket paused — no new entries until losses recover. Existing positions continue unaffected.,❌ **BRITANNIA** REJECTED for Intraday | Score: 59/100 | Votes: 1/4 Reasons: Portfolio risk gate: 🛑 Blocked: Intraday bucket drawdown: -16.7% (limit: -10.0%). Bucket paused — no new entries until losses recover. Existing positions continue unaffected.
2026-06-17 09:24:38,PETRONET,PETRONET.NS,Intraday,REJECT,66,58,1,NONE ⚪,1,WEAK BULL 📈,"Score 58/100 and 1/4 strategies agree — signal is not strong enough for overnight hold, but may work as an intraday trade.",Portfolio risk gate: 🛑 Blocked: Intraday bucket drawdown: -16.7% (limit: -10.0%). Bucket paused — no new entries until losses recover. Existing positions continue unaffected.,❌ **PETRONET** REJECTED for Intraday | Score: 66/100 | Votes: 1/4 Reasons: Portfolio risk gate: 🛑 Blocked: Intraday bucket drawdown: -16.7% (limit: -10.0%). Bucket paused — no new entries until losses recover. Existing positions continue unaffected.
2026-06-17 09:24:38,IRFC,IRFC.NS,Intraday,REJECT,59,55,1,NONE ⚪,1,WEAK BULL 📈,"Score 55/100 and 1/4 strategies agree — signal is not strong enough for overnight hold, but may work as an intraday trade.",Portfolio risk gate: 🛑 Blocked: Intraday bucket drawdown: -16.7% (limit: -10.0%). Bucket paused — no new entries until losses recover. Existing positions continue unaffected.,❌ **IRFC** REJECTED for Intraday | Score: 59/100 | Votes: 1/4 Reasons: Portfolio risk gate: 🛑 Blocked: Intraday bucket drawdown: -16.7% (limit: -10.0%). Bucket paused — no new entries until losses recover. Existing positions continue unaffected.
2026-06-17 09:24:39,GAIL,GAIL.NS,Intraday,REJECT,66,58,1,NONE ⚪,1,WEAK BULL 📈,"Score 58/100 and 1/4 strategies agree — signal is not strong enough for overnight hold, but may work as an intraday trade.",Portfolio risk gate: 🛑 Blocked: Intraday bucket drawdown: -16.7% (limit: -10.0%). Bucket paused — no new entries until losses recover. Existing positions continue unaffected.,❌ **GAIL** REJECTED for Intraday | Score: 66/100 | Votes: 1/4 Reasons: Portfolio risk gate: 🛑 Blocked: Intraday bucket drawdown: -16.7% (limit: -10.0%). Bucket paused — no new entries until losses recover. Existing positions continue unaffected.
2026-06-17 09:24:42,HAVELLS,HAVELLS.NS,Intraday,REJECT,59,55,1,NONE ⚪,1,WEAK BULL 📈,"Score 55/100 and 1/4 strategies agree — signal is not strong enough for overnight hold, but may work as an intraday trade.",Portfolio risk gate: 🛑 Blocked: Intraday bucket drawdown: -16.7% (limit: -10.0%). Bucket paused — no new entries until losses recover. Existing positions continue unaffected.,❌ **HAVELLS** REJECTED for Intraday | Score: 59/100 | Votes: 1/4 Reasons: Portfolio risk gate: 🛑 Blocked: Intraday bucket drawdown: -16.7% (limit: -10.0%). Bucket paused — no new entries until losses recover. Existing positions continue unaffected.
2026-06-17 09:24:42,PFC,PFC.NS,Intraday,REJECT,59,56,1,NONE ⚪,1,WEAK BULL 📈,"Score 56/100 and 1/4 strategies agree — signal is not strong enough for overnight hold, but may work as an intraday trade.",Portfolio risk gate: 🛑 Blocked: Intraday bucket drawdown: -16.7% (limit: -10.0%). Bucket paused — no new entries until losses recover. Existing positions continue unaffected.,❌ **PFC** REJECTED for Intraday | Score: 59/100 | Votes: 1/4 Reasons: Portfolio risk gate: 🛑 Blocked: Intraday bucket drawdown: -16.7% (limit: -10.0%). Bucket paused — no new entries until losses recover. Existing positions continue unaffected.
2026-06-17 09:24:43,SBICARD,SBICARD.NS,Intraday,REJECT,62,57,1,NONE ⚪,1,WEAK BULL 📈,"Score 57/100 and 1/4 strategies agree — signal is not strong enough for overnight hold, but may work as an intraday trade.",Portfolio risk gate: 🛑 Blocked: Intraday bucket drawdown: -16.7% (limit: -10.0%). Bucket paused — no new entries until losses recover. Existing positions continue unaffected.,❌ **SBICARD** REJECTED for Intraday | Score: 62/100 | Votes: 1/4 Reasons: Portfolio risk gate: 🛑 Blocked: Intraday bucket drawdown: -16.7% (limit: -10.0%). Bucket paused — no new entries until losses recover. Existing positions continue unaffected.
2026-06-17 09:24:44,BPCL,BPCL.NS,Intraday,REJECT,69,59,1,NONE ⚪,1,WEAK BULL 📈,"Score 59/100 and 1/4 strategies agree — signal is not strong enough for overnight hold, but may work as an intraday trade.",Portfolio risk gate: 🛑 Blocked: Intraday bucket drawdown: -16.7% (limit: -10.0%). Bucket paused — no new entries until losses recover. Existing positions continue unaffected.,❌ **BPCL** REJECTED for Intraday | Score: 69/100 | Votes: 1/4 Reasons: Portfolio risk gate: 🛑 Blocked: Intraday bucket drawdown: -16.7% (limit: -10.0%). Bucket paused — no new entries until losses recover. Existing positions continue unaffected.
2026-07-08 23:30:10,HDFCBANK,HDFCBANK.NS,—,REJECT,0,54,0,NONE ⚪,1,SIDEWAYS ↔️,"Score 54/100, 1/4 strategies agree — signal is too weak for any bucket. Wait for a stronger setup.","Score 54/100, 1/4 strategies agree — signal is too weak for any bucket. Wait for a stronger setup.","No suitable bucket for HDFCBANK. Score 54/100, 1/4 strategies agree — signal is too weak for any bucket. Wait for a stronger setup."
2026-07-08 23:30:16,ICICIBANK,ICICIBANK.NS,Intraday,REJECT,52,55,0,NONE ⚪,1,SIDEWAYS ↔️,"Score 55/100 and 1/4 strategies agree — signal is not strong enough for overnight hold, but may work as an intraday trade.",Portfolio risk gate: 🛑 Blocked: Intraday bucket drawdown: -20.4% (limit: -10.0%). Bucket paused — no new entries until losses recover. Existing positions continue unaffected.,❌ **ICICIBANK** REJECTED for Intraday | Score: 52/100 | Votes: 1/4 Reasons: Portfolio risk gate: 🛑 Blocked: Intraday bucket drawdown: -20.4% (limit: -10.0%). Bucket paused — no new entries until losses recover. Existing positions continue unaffected.
2026-07-08 23:30:24,BHARTIARTL,BHARTIARTL.NS,Intraday,REJECT,68,60,1,NONE ⚪,1,SIDEWAYS ↔️,"Score 60/100 and 1/4 strategies agree — signal is not strong enough for overnight hold, but may work as an intraday trade.",Portfolio risk gate: 🛑 Blocked: Intraday bucket drawdown: -20.4% (limit: -10.0%). Bucket paused — no new entries until losses recover. Existing positions continue unaffected.,❌ **BHARTIARTL** REJECTED for Intraday | Score: 68/100 | Votes: 1/4 Reasons: Portfolio risk gate: 🛑 Blocked: Intraday bucket drawdown: -20.4% (limit: -10.0%). Bucket paused — no new entries until losses recover. Existing positions continue unaffected.
2026-07-08 23:30:32,BAJFINANCE,BAJFINANCE.NS,Intraday,REJECT,55,55,0,NONE ⚪,1,SIDEWAYS ↔️,"Score 55/100 and 1/4 strategies agree — signal is not strong enough for overnight hold, but may work as an intraday trade.",Portfolio risk gate: 🛑 Blocked: Intraday bucket drawdown: -20.4% (limit: -10.0%). Bucket paused — no new entries until losses recover. Existing positions continue unaffected.,❌ **BAJFINANCE** REJECTED for Intraday | Score: 55/100 | Votes: 1/4 Reasons: Portfolio risk gate: 🛑 Blocked: Intraday bucket drawdown: -20.4% (limit: -10.0%). Bucket paused — no new entries until losses recover. Existing positions continue unaffected.
2026-07-08 23:30:42,MARUTI,MARUTI.NS,Intraday,REJECT,66,61,1,NONE ⚪,1,SIDEWAYS ↔️,"Score 61/100 and 1/4 strategies agree — signal is not strong enough for overnight hold, but may work as an intraday trade.",Portfolio risk gate: 🛑 Blocked: Intraday bucket drawdown: -20.4% (limit: -10.0%). Bucket paused — no new entries until losses recover. Existing positions continue unaffected.,❌ **MARUTI** REJECTED for Intraday | Score: 66/100 | Votes: 1/4 Reasons: Portfolio risk gate: 🛑 Blocked: Intraday bucket drawdown: -20.4% (limit: -10.0%). Bucket paused — no new entries until losses recover. Existing positions continue unaffected.
2026-07-08 23:30:45,TITAN,TITAN.NS,Intraday,REJECT,82,64,2,LOW 🟡,1,SIDEWAYS ↔️,"Score 64/100 and 1/4 strategies agree — signal is not strong enough for overnight hold, but may work as an intraday trade.",Portfolio risk gate: 🛑 Blocked: Intraday bucket drawdown: -20.4% (limit: -10.0%). Bucket paused — no new entries until losses recover. Existing positions continue unaffected.,❌ **TITAN** REJECTED for Intraday | Score: 82/100 | Votes: 1/4 Reasons: Portfolio risk gate: 🛑 Blocked: Intraday bucket drawdown: -20.4% (limit: -10.0%). Bucket paused — no new entries until losses recover. Existing positions continue unaffected.
2026-07-08 23:30:54,NESTLEIND,NESTLEIND.NS,Intraday,REJECT,49,56,1,NONE ⚪,1,SIDEWAYS ↔️,"Score 56/100 and 1/4 strategies agree — signal is not strong enough for overnight hold, but may work as an intraday trade.",Portfolio risk gate: 🛑 Blocked: Intraday bucket drawdown: -20.4% (limit: -10.0%). Bucket paused — no new entries until losses recover. Existing positions continue unaffected.,❌ **NESTLEIND** REJECTED for Intraday | Score: 49/100 | Votes: 1/4 Reasons: Portfolio risk gate: 🛑 Blocked: Intraday bucket drawdown: -20.4% (limit: -10.0%). Bucket paused — no new entries until losses recover. Existing positions continue unaffected.
2026-07-08 23:32:06,ONGC,ONGC.NS,—,REJECT,0,52,0,NONE ⚪,1,SIDEWAYS ↔️,"Score 52/100, 1/4 strategies agree — signal is too weak for any bucket. Wait for a stronger setup.","Score 52/100, 1/4 strategies agree — signal is too weak for any bucket. Wait for a stronger setup.","No suitable bucket for ONGC. Score 52/100, 1/4 strategies agree — signal is too weak for any bucket. Wait for a stronger setup."
2026-07-08 23:32:12,TMCV,TMCV.NS,Intraday,REJECT,56,56,0,NONE ⚪,1,SIDEWAYS ↔️,"Score 56/100 and 1/4 strategies agree — signal is not strong enough for overnight hold, but may work as an intraday trade.",Portfolio risk gate: 🛑 Blocked: Intraday bucket drawdown: -20.4% (limit: -10.0%). Bucket paused — no new entries until losses recover. Existing positions continue unaffected.,❌ **TMCV** REJECTED for Intraday | Score: 56/100 | Votes: 1/4 Reasons: Portfolio risk gate: 🛑 Blocked: Intraday bucket drawdown: -20.4% (limit: -10.0%). Bucket paused — no new entries until losses recover. Existing positions continue unaffected.
2026-07-08 23:32:16,HCLTECH,HCLTECH.NS,—,REJECT,0,51,0,NONE ⚪,1,SIDEWAYS ↔️,"Score 51/100, 1/4 strategies agree — signal is too weak for any bucket. Wait for a stronger setup.","Score 51/100, 1/4 strategies agree — signal is too weak for any bucket. Wait for a stronger setup.","No suitable bucket for HCLTECH. Score 51/100, 1/4 strategies agree — signal is too weak for any bucket. Wait for a stronger setup."
2026-07-08 23:32:22,BAJAJFINSV,BAJAJFINSV.NS,Intraday,REJECT,68,59,0,NONE ⚪,1,SIDEWAYS ↔️,"Score 59/100 and 1/4 strategies agree — signal is not strong enough for overnight hold, but may work as an intraday trade.",Portfolio risk gate: 🛑 Blocked: Intraday bucket drawdown: -20.4% (limit: -10.0%). Bucket paused — no new entries until losses recover. Existing positions continue unaffected.,❌ **BAJAJFINSV** REJECTED for Intraday | Score: 68/100 | Votes: 1/4 Reasons: Portfolio risk gate: 🛑 Blocked: Intraday bucket drawdown: -20.4% (limit: -10.0%). Bucket paused — no new entries until losses recover. Existing positions continue unaffected.
2026-07-08 23:32:29,M&M,M&M.NS,Intraday,REJECT,54,58,1,NONE ⚪,1,SIDEWAYS ↔️,"Score 58/100 and 1/4 strategies agree — signal is not strong enough for overnight hold, but may work as an intraday trade.",Portfolio risk gate: 🛑 Blocked: Intraday bucket drawdown: -20.4% (limit: -10.0%). Bucket paused — no new entries until losses recover. Existing positions continue unaffected.,❌ **M&M** REJECTED for Intraday | Score: 54/100 | Votes: 1/4 Reasons: Portfolio risk gate: 🛑 Blocked: Intraday bucket drawdown: -20.4% (limit: -10.0%). Bucket paused — no new entries until losses recover. Existing positions continue unaffected.
2026-07-08 23:32:44,Bharat Dynamics,BDL.NS,Intraday,REJECT,58,57,1,NONE ⚪,1,SIDEWAYS ↔️,"Score 57/100 and 1/4 strategies agree — signal is not strong enough for overnight hold, but may work as an intraday trade.",Portfolio risk gate: 🛑 Blocked: Intraday bucket drawdown: -20.4% (limit: -10.0%). Bucket paused — no new entries until losses recover. Existing positions continue unaffected.,❌ **Bharat Dynamics** REJECTED for Intraday | Score: 58/100 | Votes: 1/4 Reasons: Portfolio risk gate: 🛑 Blocked: Intraday bucket drawdown: -20.4% (limit: -10.0%). Bucket paused — no new entries until losses recover. Existing positions continue unaffected.
2026-07-08 23:32:48,TVS Motors,TVSMOTOR.NS,Intraday,REJECT,55,57,1,NONE ⚪,1,SIDEWAYS ↔️,"Score 57/100 and 1/4 strategies agree — signal is not strong enough for overnight hold, but may work as an intraday trade.",Portfolio risk gate: 🛑 Blocked: Intraday bucket drawdown: -20.4% (limit: -10.0%). Bucket paused — no new entries until losses recover. Existing positions continue unaffected.,❌ **TVS Motors** REJECTED for Intraday | Score: 55/100 | Votes: 1/4 Reasons: Portfolio risk gate: 🛑 Blocked: Intraday bucket drawdown: -20.4% (limit: -10.0%). Bucket paused — no new entries until losses recover. Existing positions continue unaffected.
2026-07-08 23:33:04,Oil India,OIL.NS,—,REJECT,0,52,0,NONE ⚪,1,SIDEWAYS ↔️,"Score 52/100, 1/4 strategies agree — signal is too weak for any bucket. Wait for a stronger setup.","Score 52/100, 1/4 strategies agree — signal is too weak for any bucket. Wait for a stronger setup.","No suitable bucket for Oil India. Score 52/100, 1/4 strategies agree — signal is too weak for any bucket. Wait for a stronger setup."
2026-07-08 23:33:09,SBILIFE,SBILIFE.NS,—,REJECT,0,53,0,NONE ⚪,1,SIDEWAYS ↔️,"Score 53/100, 1/4 strategies agree — signal is too weak for any bucket. Wait for a stronger setup.","Score 53/100, 1/4 strategies agree — signal is too weak for any bucket. Wait for a stronger setup.","No suitable bucket for SBILIFE. Score 53/100, 1/4 strategies agree — signal is too weak for any bucket. Wait for a stronger setup."
2026-07-08 23:33:15,DIVISLAB,DIVISLAB.NS,Intraday,REJECT,57,59,1,NONE ⚪,1,SIDEWAYS ↔️,"Score 59/100 and 1/4 strategies agree — signal is not strong enough for overnight hold, but may work as an intraday trade.",Portfolio risk gate: 🛑 Blocked: Intraday bucket drawdown: -20.4% (limit: -10.0%). Bucket paused — no new entries until losses recover. Existing positions continue unaffected.,❌ **DIVISLAB** REJECTED for Intraday | Score: 57/100 | Votes: 1/4 Reasons: Portfolio risk gate: 🛑 Blocked: Intraday bucket drawdown: -20.4% (limit: -10.0%). Bucket paused — no new entries until losses recover. Existing positions continue unaffected.
2026-07-08 23:33:32,BRITANNIA,BRITANNIA.NS,Intraday,REJECT,57,55,0,NONE ⚪,1,SIDEWAYS ↔️,"Score 55/100 and 1/4 strategies agree — signal is not strong enough for overnight hold, but may work as an intraday trade.",Portfolio risk gate: 🛑 Blocked: Intraday bucket drawdown: -20.4% (limit: -10.0%). Bucket paused — no new entries until losses recover. Existing positions continue unaffected.,❌ **BRITANNIA** REJECTED for Intraday | Score: 57/100 | Votes: 1/4 Reasons: Portfolio risk gate: 🛑 Blocked: Intraday bucket drawdown: -20.4% (limit: -10.0%). Bucket paused — no new entries until losses recover. Existing positions continue unaffected.
2026-07-08 23:33:39,TECHM,TECHM.NS,Intraday,REJECT,57,58,2,LOW 🟡,2,SIDEWAYS ↔️,"Score 58/100 and 2/4 strategies agree — signal is not strong enough for overnight hold, but may work as an intraday trade.",Portfolio risk gate: 🛑 Blocked: Intraday bucket drawdown: -20.4% (limit: -10.0%). Bucket paused — no new entries until losses recover. Existing positions continue unaffected.,❌ **TECHM** REJECTED for Intraday | Score: 57/100 | Votes: 2/4 Reasons: Portfolio risk gate: 🛑 Blocked: Intraday bucket drawdown: -20.4% (limit: -10.0%). Bucket paused — no new entries until losses recover. Existing positions continue unaffected.
2026-07-08 23:33:49,SHRIRAMFIN,SHRIRAMFIN.NS,Intraday,REJECT,58,56,1,NONE ⚪,1,SIDEWAYS ↔️,"Score 56/100 and 1/4 strategies agree — signal is not strong enough for overnight hold, but may work as an intraday trade.",Portfolio risk gate: 🛑 Blocked: Intraday bucket drawdown: -20.4% (limit: -10.0%). Bucket paused — no new entries until losses recover. Existing positions continue unaffected.,❌ **SHRIRAMFIN** REJECTED for Intraday | Score: 58/100 | Votes: 1/4 Reasons: Portfolio risk gate: 🛑 Blocked: Intraday bucket drawdown: -20.4% (limit: -10.0%). Bucket paused — no new entries until losses recover. Existing positions continue unaffected.
2026-07-08 23:33:53,CHOLAFIN,CHOLAFIN.NS,Intraday,REJECT,66,60,1,NONE ⚪,1,SIDEWAYS ↔️,"Score 60/100 and 1/4 strategies agree — signal is not strong enough for overnight hold, but may work as an intraday trade.",Portfolio risk gate: 🛑 Blocked: Intraday bucket drawdown: -20.4% (limit: -10.0%). Bucket paused — no new entries until losses recover. Existing positions continue unaffected.,❌ **CHOLAFIN** REJECTED for Intraday | Score: 66/100 | Votes: 1/4 Reasons: Portfolio risk gate: 🛑 Blocked: Intraday bucket drawdown: -20.4% (limit: -10.0%). Bucket paused — no new entries until losses recover. Existing positions continue unaffected.
2026-07-08 23:33:55,MUTHOOTFIN,MUTHOOTFIN.NS,—,REJECT,0,52,0,NONE ⚪,1,SIDEWAYS ↔️,"Score 52/100, 1/4 strategies agree — signal is too weak for any bucket. Wait for a stronger setup.","Score 52/100, 1/4 strategies agree — signal is too weak for any bucket. Wait for a stronger setup.","No suitable bucket for MUTHOOTFIN. Score 52/100, 1/4 strategies agree — signal is too weak for any bucket. Wait for a stronger setup."
2026-07-08 23:34:04,FEDERALBNK,FEDERALBNK.NS,—,REJECT,0,50,0,NONE ⚪,1,SIDEWAYS ↔️,"Score 50/100, 1/4 strategies agree — signal is too weak for any bucket. Wait for a stronger setup.","Score 50/100, 1/4 strategies agree — signal is too weak for any bucket. Wait for a stronger setup.","No suitable bucket for FEDERALBNK. Score 50/100, 1/4 strategies agree — signal is too weak for any bucket. Wait for a stronger setup."
2026-07-08 23:34:10,INDUSINDBK,INDUSINDBK.NS,Intraday,REJECT,78,64,2,LOW 🟡,1,SIDEWAYS ↔️,"Score 64/100 and 1/4 strategies agree — signal is not strong enough for overnight hold, but may work as an intraday trade.",Portfolio risk gate: 🛑 Blocked: Intraday bucket drawdown: -20.4% (limit: -10.0%). Bucket paused — no new entries until losses recover. Existing positions continue unaffected.,❌ **INDUSINDBK** REJECTED for Intraday | Score: 78/100 | Votes: 1/4 Reasons: Portfolio risk gate: 🛑 Blocked: Intraday bucket drawdown: -20.4% (limit: -10.0%). Bucket paused — no new entries until losses recover. Existing positions continue unaffected.
2026-07-08 23:34:25,MPHASIS,MPHASIS.NS,Intraday,REJECT,73,57,1,NONE ⚪,1,SIDEWAYS ↔️,"Score 57/100 and 1/4 strategies agree — signal is not strong enough for overnight hold, but may work as an intraday trade.",Portfolio risk gate: 🛑 Blocked: Intraday bucket drawdown: -20.4% (limit: -10.0%). Bucket paused — no new entries until losses recover. Existing positions continue unaffected.,❌ **MPHASIS** REJECTED for Intraday | Score: 73/100 | Votes: 1/4 Reasons: Portfolio risk gate: 🛑 Blocked: Intraday bucket drawdown: -20.4% (limit: -10.0%). Bucket paused — no new entries until losses recover. Existing positions continue unaffected.
2026-07-08 23:34:38,HAVELLS,HAVELLS.NS,Intraday,REJECT,64,56,0,NONE ⚪,1,SIDEWAYS ↔️,"Score 56/100 and 1/4 strategies agree — signal is not strong enough for overnight hold, but may work as an intraday trade.",Portfolio risk gate: 🛑 Blocked: Intraday bucket drawdown: -20.4% (limit: -10.0%). Bucket paused — no new entries until losses recover. Existing positions continue unaffected.,❌ **HAVELLS** REJECTED for Intraday | Score: 64/100 | Votes: 1/4 Reasons: Portfolio risk gate: 🛑 Blocked: Intraday bucket drawdown: -20.4% (limit: -10.0%). Bucket paused — no new entries until losses recover. Existing positions continue unaffected.
2026-07-08 23:34:44,PAGEIND,PAGEIND.NS,Intraday,REJECT,61,60,1,NONE ⚪,1,SIDEWAYS ↔️,"Score 60/100 and 1/4 strategies agree — signal is not strong enough for overnight hold, but may work as an intraday trade.",Portfolio risk gate: 🛑 Blocked: Intraday bucket drawdown: -20.4% (limit: -10.0%). Bucket paused — no new entries until losses recover. Existing positions continue unaffected.,❌ **PAGEIND** REJECTED for Intraday | Score: 61/100 | Votes: 1/4 Reasons: Portfolio risk gate: 🛑 Blocked: Intraday bucket drawdown: -20.4% (limit: -10.0%). Bucket paused — no new entries until losses recover. Existing positions continue unaffected.
2026-07-08 23:35:06,Bank of India,BANKINDIA.NS,—,REJECT,0,51,0,NONE ⚪,1,SIDEWAYS ↔️,"Score 51/100, 1/4 strategies agree — signal is too weak for any bucket. Wait for a stronger setup.","Score 51/100, 1/4 strategies agree — signal is too weak for any bucket. Wait for a stronger setup.","No suitable bucket for Bank of India. Score 51/100, 1/4 strategies agree — signal is too weak for any bucket. Wait for a stronger setup."
2026-07-08 23:35:30,Delhivery,DELHIVERY.NS,Intraday,REJECT,55,55,0,NONE ⚪,1,SIDEWAYS ↔️,"Score 55/100 and 1/4 strategies agree — signal is not strong enough for overnight hold, but may work as an intraday trade.",Portfolio risk gate: 🛑 Blocked: Intraday bucket drawdown: -20.4% (limit: -10.0%). Bucket paused — no new entries until losses recover. Existing positions continue unaffected.,❌ **Delhivery** REJECTED for Intraday | Score: 55/100 | Votes: 1/4 Reasons: Portfolio risk gate: 🛑 Blocked: Intraday bucket drawdown: -20.4% (limit: -10.0%). Bucket paused — no new entries until losses recover. Existing positions continue unaffected.
2026-07-08 23:35:38,DALBHARAT,DALBHARAT.NS,Intraday,REJECT,59,57,1,NONE ⚪,1,SIDEWAYS ↔️,"Score 57/100 and 1/4 strategies agree — signal is not strong enough for overnight hold, but may work as an intraday trade.",Portfolio risk gate: 🛑 Blocked: Intraday bucket drawdown: -20.4% (limit: -10.0%). Bucket paused — no new entries until losses recover. Existing positions continue unaffected.,❌ **DALBHARAT** REJECTED for Intraday | Score: 59/100 | Votes: 1/4 Reasons: Portfolio risk gate: 🛑 Blocked: Intraday bucket drawdown: -20.4% (limit: -10.0%). Bucket paused — no new entries until losses recover. Existing positions continue unaffected.
2026-07-08 23:35:52,NHPC,NHPC.NS,—,REJECT,0,52,0,NONE ⚪,1,SIDEWAYS ↔️,"Score 52/100, 1/4 strategies agree — signal is too weak for any bucket. Wait for a stronger setup.","Score 52/100, 1/4 strategies agree — signal is too weak for any bucket. Wait for a stronger setup.","No suitable bucket for NHPC. Score 52/100, 1/4 strategies agree — signal is too weak for any bucket. Wait for a stronger setup."
2026-07-08 23:35:57,GODREJCP,GODREJCP.NS,Intraday,REJECT,59,59,1,NONE ⚪,1,SIDEWAYS ↔️,"Score 59/100 and 1/4 strategies agree — signal is not strong enough for overnight hold, but may work as an intraday trade.",Portfolio risk gate: 🛑 Blocked: Intraday bucket drawdown: -20.4% (limit: -10.0%). Bucket paused — no new entries until losses recover. Existing positions continue unaffected.,❌ **GODREJCP** REJECTED for Intraday | Score: 59/100 | Votes: 1/4 Reasons: Portfolio risk gate: 🛑 Blocked: Intraday bucket drawdown: -20.4% (limit: -10.0%). Bucket paused — no new entries until losses recover. Existing positions continue unaffected.
2026-07-08 23:36:01,DABUR,DABUR.NS,Intraday,REJECT,64,55,0,NONE ⚪,1,SIDEWAYS ↔️,"Score 55/100 and 1/4 strategies agree — signal is not strong enough for overnight hold, but may work as an intraday trade.",Portfolio risk gate: 🛑 Blocked: Intraday bucket drawdown: -20.4% (limit: -10.0%). Bucket paused — no new entries until losses recover. Existing positions continue unaffected.,❌ **DABUR** REJECTED for Intraday | Score: 64/100 | Votes: 1/4 Reasons: Portfolio risk gate: 🛑 Blocked: Intraday bucket drawdown: -20.4% (limit: -10.0%). Bucket paused — no new entries until losses recover. Existing positions continue unaffected.
2026-07-08 23:36:05,MARICO,MARICO.NS,Intraday,REJECT,54,56,1,NONE ⚪,1,SIDEWAYS ↔️,"Score 56/100 and 1/4 strategies agree — signal is not strong enough for overnight hold, but may work as an intraday trade.",Portfolio risk gate: 🛑 Blocked: Intraday bucket drawdown: -20.4% (limit: -10.0%). Bucket paused — no new entries until losses recover. Existing positions continue unaffected.,❌ **MARICO** REJECTED for Intraday | Score: 54/100 | Votes: 1/4 Reasons: Portfolio risk gate: 🛑 Blocked: Intraday bucket drawdown: -20.4% (limit: -10.0%). Bucket paused — no new entries until losses recover. Existing positions continue unaffected.
2026-07-08 23:36:08,AUROPHARMA,AUROPHARMA.NS,—,REJECT,0,52,0,NONE ⚪,1,SIDEWAYS ↔️,"Score 52/100, 1/4 strategies agree — signal is too weak for any bucket. Wait for a stronger setup.","Score 52/100, 1/4 strategies agree — signal is too weak for any bucket. Wait for a stronger setup.","No suitable bucket for AUROPHARMA. Score 52/100, 1/4 strategies agree — signal is too weak for any bucket. Wait for a stronger setup."
2026-07-08 23:36:34,DLF,DLF.NS,Intraday,REJECT,68,62,1,NONE ⚪,1,SIDEWAYS ↔️,"Score 62/100 and 1/4 strategies agree — signal is not strong enough for overnight hold, but may work as an intraday trade.",Portfolio risk gate: 🛑 Blocked: Intraday bucket drawdown: -20.4% (limit: -10.0%). Bucket paused — no new entries until losses recover. Existing positions continue unaffected.,❌ **DLF** REJECTED for Intraday | Score: 68/100 | Votes: 1/4 Reasons: Portfolio risk gate: 🛑 Blocked: Intraday bucket drawdown: -20.4% (limit: -10.0%). Bucket paused — no new entries until losses recover. Existing positions continue unaffected.
2026-07-08 23:36:36,ESCORTS,ESCORTS.NS,—,REJECT,0,52,0,NONE ⚪,1,SIDEWAYS ↔️,"Score 52/100, 1/4 strategies agree — signal is too weak for any bucket. Wait for a stronger setup.","Score 52/100, 1/4 strategies agree — signal is too weak for any bucket. Wait for a stronger setup.","No suitable bucket for ESCORTS. Score 52/100, 1/4 strategies agree — signal is too weak for any bucket. Wait for a stronger setup."
2026-07-08 23:36:42,JUBLFOOD,JUBLFOOD.NS,Intraday,REJECT,80,59,1,NONE ⚪,1,SIDEWAYS ↔️,"Score 59/100 and 1/4 strategies agree — signal is not strong enough for overnight hold, but may work as an intraday trade.",Portfolio risk gate: 🛑 Blocked: Intraday bucket drawdown: -20.4% (limit: -10.0%). Bucket paused — no new entries until losses recover. Existing positions continue unaffected.,❌ **JUBLFOOD** REJECTED for Intraday | Score: 80/100 | Votes: 1/4 Reasons: Portfolio risk gate: 🛑 Blocked: Intraday bucket drawdown: -20.4% (limit: -10.0%). Bucket paused — no new entries until losses recover. Existing positions continue unaffected.
2026-07-08 23:36:49,LICI,LICI.NS,Intraday,REJECT,56,58,1,NONE ⚪,1,SIDEWAYS ↔️,"Score 58/100 and 1/4 strategies agree — signal is not strong enough for overnight hold, but may work as an intraday trade.",Portfolio risk gate: 🛑 Blocked: Intraday bucket drawdown: -20.4% (limit: -10.0%). Bucket paused — no new entries until losses recover. Existing positions continue unaffected.,❌ **LICI** REJECTED for Intraday | Score: 56/100 | Votes: 1/4 Reasons: Portfolio risk gate: 🛑 Blocked: Intraday bucket drawdown: -20.4% (limit: -10.0%). Bucket paused — no new entries until losses recover. Existing positions continue unaffected.
2026-07-08 23:37:06,PRESTIGE,PRESTIGE.NS,Intraday,REJECT,71,63,2,LOW 🟡,1,SIDEWAYS ↔️,"Score 63/100 and 1/4 strategies agree — signal is not strong enough for overnight hold, but may work as an intraday trade.",Portfolio risk gate: 🛑 Blocked: Intraday bucket drawdown: -20.4% (limit: -10.0%). Bucket paused — no new entries until losses recover. Existing positions continue unaffected.,❌ **PRESTIGE** REJECTED for Intraday | Score: 71/100 | Votes: 1/4 Reasons: Portfolio risk gate: 🛑 Blocked: Intraday bucket drawdown: -20.4% (limit: -10.0%). Bucket paused — no new entries until losses recover. Existing positions continue unaffected.
2026-07-08 23:37:13,SHREECEM,SHREECEM.NS,Intraday,REJECT,49,56,1,NONE ⚪,1,SIDEWAYS ↔️,"Score 56/100 and 1/4 strategies agree — signal is not strong enough for overnight hold, but may work as an intraday trade.",Portfolio risk gate: 🛑 Blocked: Intraday bucket drawdown: -20.4% (limit: -10.0%). Bucket paused — no new entries until losses recover. Existing positions continue unaffected.,❌ **SHREECEM** REJECTED for Intraday | Score: 49/100 | Votes: 1/4 Reasons: Portfolio risk gate: 🛑 Blocked: Intraday bucket drawdown: -20.4% (limit: -10.0%). Bucket paused — no new entries until losses recover. Existing positions continue unaffected.
2026-07-08 23:37:27,UNO MINDA,UNOMINDA.NS,Intraday,REJECT,78,64,2,LOW 🟡,1,SIDEWAYS ↔️,"Score 64/100 and 1/4 strategies agree — signal is not strong enough for overnight hold, but may work as an intraday trade.",Portfolio risk gate: 🛑 Blocked: Intraday bucket drawdown: -20.4% (limit: -10.0%). Bucket paused — no new entries until losses recover. Existing positions continue unaffected.,❌ **UNO MINDA** REJECTED for Intraday | Score: 78/100 | Votes: 1/4 Reasons: Portfolio risk gate: 🛑 Blocked: Intraday bucket drawdown: -20.4% (limit: -10.0%). Bucket paused — no new entries until losses recover. Existing positions continue unaffected.
2026-07-08 23:37:33,Tribhovandas Bhimji Zaveri,TBZ.NS,Intraday,REJECT,60,58,2,LOW 🟡,1,SIDEWAYS ↔️,"Score 58/100 and 1/4 strategies agree — signal is not strong enough for overnight hold, but may work as an intraday trade.",Portfolio risk gate: 🛑 Blocked: Intraday bucket drawdown: -20.4% (limit: -10.0%). Bucket paused — no new entries until losses recover. Existing positions continue unaffected.,❌ **Tribhovandas Bhimji Zaveri** REJECTED for Intraday | Score: 60/100 | Votes: 1/4 Reasons: Portfolio risk gate: 🛑 Blocked: Intraday bucket drawdown: -20.4% (limit: -10.0%). Bucket paused — no new entries until losses recover. Existing positions continue unaffected.
2026-07-08 23:37:45,UNITDSPR,UNITDSPR.NS,Intraday,REJECT,71,62,2,LOW 🟡,1,SIDEWAYS ↔️,"Score 62/100 and 1/4 strategies agree — signal is not strong enough for overnight hold, but may work as an intraday trade.",Portfolio risk gate: 🛑 Blocked: Intraday bucket drawdown: -20.4% (limit: -10.0%). Bucket paused — no new entries until losses recover. Existing positions continue unaffected.,❌ **UNITDSPR** REJECTED for Intraday | Score: 71/100 | Votes: 1/4 Reasons: Portfolio risk gate: 🛑 Blocked: Intraday bucket drawdown: -20.4% (limit: -10.0%). Bucket paused — no new entries until losses recover. Existing positions continue unaffected.
2026-07-08 23:37:50,SANSERA ENGINEERING,SANSERA.NS,—,REJECT,0,53,0,NONE ⚪,1,SIDEWAYS ↔️,"Score 53/100, 1/4 strategies agree — signal is too weak for any bucket. Wait for a stronger setup.","Score 53/100, 1/4 strategies agree — signal is too weak for any bucket. Wait for a stronger setup.","No suitable bucket for SANSERA ENGINEERING. Score 53/100, 1/4 strategies agree — signal is too weak for any bucket. Wait for a stronger setup."
2026-07-08 23:37:57,GMR AIRPORTS,GMRAIRPORT.NS,Intraday,REJECT,58,59,1,NONE ⚪,1,SIDEWAYS ↔️,"Score 59/100 and 1/4 strategies agree — signal is not strong enough for overnight hold, but may work as an intraday trade.",Portfolio risk gate: 🛑 Blocked: Intraday bucket drawdown: -20.4% (limit: -10.0%). Bucket paused — no new entries until losses recover. Existing positions continue unaffected.,❌ **GMR AIRPORTS** REJECTED for Intraday | Score: 58/100 | Votes: 1/4 Reasons: Portfolio risk gate: 🛑 Blocked: Intraday bucket drawdown: -20.4% (limit: -10.0%). Bucket paused — no new entries until losses recover. Existing positions continue unaffected.
2026-07-08 23:38:02,MASTEK,MASTEK.NS,—,REJECT,0,52,0,NONE ⚪,1,SIDEWAYS ↔️,"Score 52/100, 1/4 strategies agree — signal is too weak for any bucket. Wait for a stronger setup.","Score 52/100, 1/4 strategies agree — signal is too weak for any bucket. Wait for a stronger setup.","No suitable bucket for MASTEK. Score 52/100, 1/4 strategies agree — signal is too weak for any bucket. Wait for a stronger setup."
2026-07-08 23:38:07,TANLA PLATFORMS,TANLA.NS,Intraday,REJECT,66,56,0,NONE ⚪,1,SIDEWAYS ↔️,"Score 56/100 and 1/4 strategies agree — signal is not strong enough for overnight hold, but may work as an intraday trade.",Portfolio risk gate: 🛑 Blocked: Intraday bucket drawdown: -20.4% (limit: -10.0%). Bucket paused — no new entries until losses recover. Existing positions continue unaffected.,❌ **TANLA PLATFORMS** REJECTED for Intraday | Score: 66/100 | Votes: 1/4 Reasons: Portfolio risk gate: 🛑 Blocked: Intraday bucket drawdown: -20.4% (limit: -10.0%). Bucket paused — no new entries until losses recover. Existing positions continue unaffected.
2026-07-08 23:38:14,LATENTVIEW,LATENTVIEW.NS,—,REJECT,0,53,0,NONE ⚪,1,SIDEWAYS ↔️,"Score 53/100, 1/4 strategies agree — signal is too weak for any bucket. Wait for a stronger setup.","Score 53/100, 1/4 strategies agree — signal is too weak for any bucket. Wait for a stronger setup.","No suitable bucket for LATENTVIEW. Score 53/100, 1/4 strategies agree — signal is too weak for any bucket. Wait for a stronger setup."
2026-07-08 23:38:22,CARTRADE TECH,CARTRADE.NS,—,REJECT,0,54,0,NONE ⚪,1,SIDEWAYS ↔️,"Score 54/100, 1/4 strategies agree — signal is too weak for any bucket. Wait for a stronger setup.","Score 54/100, 1/4 strategies agree — signal is too weak for any bucket. Wait for a stronger setup.","No suitable bucket for CARTRADE TECH. Score 54/100, 1/4 strategies agree — signal is too weak for any bucket. Wait for a stronger setup."
2026-07-08 23:38:28,LE TRAVENUES TECH,IXIGO.NS,Intraday,REJECT,63,59,1,NONE ⚪,1,SIDEWAYS ↔️,"Score 59/100 and 1/4 strategies agree — signal is not strong enough for overnight hold, but may work as an intraday trade.",Portfolio risk gate: 🛑 Blocked: Intraday bucket drawdown: -20.4% (limit: -10.0%). Bucket paused — no new entries until losses recover. Existing positions continue unaffected.,❌ **LE TRAVENUES TECH** REJECTED for Intraday | Score: 63/100 | Votes: 1/4 Reasons: Portfolio risk gate: 🛑 Blocked: Intraday bucket drawdown: -20.4% (limit: -10.0%). Bucket paused — no new entries until losses recover. Existing positions continue unaffected.
2026-07-08 23:38:32,RATEGAIN,RATEGAIN.NS,Intraday,REJECT,64,62,1,NONE ⚪,1,SIDEWAYS ↔️,"Score 62/100 and 1/4 strategies agree — signal is not strong enough for overnight hold, but may work as an intraday trade.",Portfolio risk gate: 🛑 Blocked: Intraday bucket drawdown: -20.4% (limit: -10.0%). Bucket paused — no new entries until losses recover. Existing positions continue unaffected.,❌ **RATEGAIN** REJECTED for Intraday | Score: 64/100 | Votes: 1/4 Reasons: Portfolio risk gate: 🛑 Blocked: Intraday bucket drawdown: -20.4% (limit: -10.0%). Bucket paused — no new entries until losses recover. Existing positions continue unaffected.
2026-07-08 23:38:39,KARUR VYSYA BANK,KARURVYSYA.NS,Intraday,REJECT,61,58,1,NONE ⚪,1,SIDEWAYS ↔️,"Score 58/100 and 1/4 strategies agree — signal is not strong enough for overnight hold, but may work as an intraday trade.",Portfolio risk gate: 🛑 Blocked: Intraday bucket drawdown: -20.4% (limit: -10.0%). Bucket paused — no new entries until losses recover. Existing positions continue unaffected.,❌ **KARUR VYSYA BANK** REJECTED for Intraday | Score: 61/100 | Votes: 1/4 Reasons: Portfolio risk gate: 🛑 Blocked: Intraday bucket drawdown: -20.4% (limit: -10.0%). Bucket paused — no new entries until losses recover. Existing positions continue unaffected.
2026-07-08 23:38:47,SOUTH INDIAN BANK,SOUTHBANK.NS,—,REJECT,0,54,0,NONE ⚪,1,SIDEWAYS ↔️,"Score 54/100, 1/4 strategies agree — signal is too weak for any bucket. Wait for a stronger setup.","Score 54/100, 1/4 strategies agree — signal is too weak for any bucket. Wait for a stronger setup.","No suitable bucket for SOUTH INDIAN BANK. Score 54/100, 1/4 strategies agree — signal is too weak for any bucket. Wait for a stronger setup."
2026-07-11 23:09:12,HDFCBANK,HDFCBANK.NS,Intraday,REJECT,59,55,0,NONE ⚪,1,SIDEWAYS ↔️,"Score 55/100 and 1/4 strategies agree — signal is not strong enough for overnight hold, but may work as an intraday trade.",Portfolio risk gate: 🛑 Blocked: Intraday bucket drawdown: -20.4% (limit: -10.0%). Bucket paused — no new entries until losses recover. Existing positions continue unaffected.,❌ **HDFCBANK** REJECTED for Intraday | Score: 59/100 | Votes: 1/4 Reasons: Portfolio risk gate: 🛑 Blocked: Intraday bucket drawdown: -20.4% (limit: -10.0%). Bucket paused — no new entries until losses recover. Existing positions continue unaffected.
2026-07-11 23:09:18,ICICIBANK,ICICIBANK.NS,—,REJECT,0,51,0,NONE ⚪,1,SIDEWAYS ↔️,"Score 51/100, 1/4 strategies agree — signal is too weak for any bucket. Wait for a stronger setup.","Score 51/100, 1/4 strategies agree — signal is too weak for any bucket. Wait for a stronger setup.","No suitable bucket for ICICIBANK. Score 51/100, 1/4 strategies agree — signal is too weak for any bucket. Wait for a stronger setup."
2026-07-11 23:10:09,SBIN,SBIN.NS,Intraday,REJECT,43,55,1,NONE ⚪,1,SIDEWAYS ↔️,"Score 55/100 and 1/4 strategies agree — signal is not strong enough for overnight hold, but may work as an intraday trade.",Portfolio risk gate: 🛑 Blocked: Intraday bucket drawdown: -20.4% (limit: -10.0%). Bucket paused — no new entries until losses recover. Existing positions continue unaffected.,❌ **SBIN** REJECTED for Intraday | Score: 43/100 | Votes: 1/4 Reasons: Portfolio risk gate: 🛑 Blocked: Intraday bucket drawdown: -20.4% (limit: -10.0%). Bucket paused — no new entries until losses recover. Existing positions continue unaffected.
2026-07-11 23:10:57,BHARTIARTL,BHARTIARTL.NS,Intraday,REJECT,72,62,2,LOW 🟡,1,SIDEWAYS ↔️,"Score 62/100 and 1/4 strategies agree — signal is not strong enough for overnight hold, but may work as an intraday trade.",Portfolio risk gate: 🛑 Blocked: Intraday bucket drawdown: -20.4% (limit: -10.0%). Bucket paused — no new entries until losses recover. Existing positions continue unaffected.,❌ **BHARTIARTL** REJECTED for Intraday | Score: 72/100 | Votes: 1/4 Reasons: Portfolio risk gate: 🛑 Blocked: Intraday bucket drawdown: -20.4% (limit: -10.0%). Bucket paused — no new entries until losses recover. Existing positions continue unaffected.
2026-07-11 23:52:52,HDFCBANK,HDFCBANK.NS,Intraday,REJECT,59,55,0,NONE ⚪,1,SIDEWAYS ↔️,"Score 55/100 and 1/4 strategies agree — signal is not strong enough for overnight hold, but may work as an intraday trade.",Portfolio risk gate: 🛑 Blocked: Intraday bucket drawdown: -20.4% (limit: -10.0%). Bucket paused — no new entries until losses recover. Existing positions continue unaffected.,❌ **HDFCBANK** REJECTED for Intraday | Score: 59/100 | Votes: 1/4 Reasons: Portfolio risk gate: 🛑 Blocked: Intraday bucket drawdown: -20.4% (limit: -10.0%). Bucket paused — no new entries until losses recover. Existing positions continue unaffected.
2026-07-11 23:52:56,ICICIBANK,ICICIBANK.NS,—,REJECT,0,51,0,NONE ⚪,1,SIDEWAYS ↔️,"Score 51/100, 1/4 strategies agree — signal is too weak for any bucket. Wait for a stronger setup.","Score 51/100, 1/4 strategies agree — signal is too weak for any bucket. Wait for a stronger setup.","No suitable bucket for ICICIBANK. Score 51/100, 1/4 strategies agree — signal is too weak for any bucket. Wait for a stronger setup."
2026-07-11 23:53:43,SBIN,SBIN.NS,Intraday,REJECT,43,55,1,NONE ⚪,1,SIDEWAYS ↔️,"Score 55/100 and 1/4 strategies agree — signal is not strong enough for overnight hold, but may work as an intraday trade.",Portfolio risk gate: 🛑 Blocked: Intraday bucket drawdown: -20.4% (limit: -10.0%). Bucket paused — no new entries until losses recover. Existing positions continue unaffected.,❌ **SBIN** REJECTED for Intraday | Score: 43/100 | Votes: 1/4 Reasons: Portfolio risk gate: 🛑 Blocked: Intraday bucket drawdown: -20.4% (limit: -10.0%). Bucket paused — no new entries until losses recover. Existing positions continue unaffected.
2026-07-11 23:54:30,BHARTIARTL,BHARTIARTL.NS,Intraday,REJECT,72,62,2,LOW 🟡,1,SIDEWAYS ↔️,"Score 62/100 and 1/4 strategies agree — signal is not strong enough for overnight hold, but may work as an intraday trade.",Portfolio risk gate: 🛑 Blocked: Intraday bucket drawdown: -20.4% (limit: -10.0%). Bucket paused — no new entries until losses recover. Existing positions continue unaffected.,❌ **BHARTIARTL** REJECTED for Intraday | Score: 72/100 | Votes: 1/4 Reasons: Portfolio risk gate: 🛑 Blocked: Intraday bucket drawdown: -20.4% (limit: -10.0%). Bucket paused — no new entries until losses recover. Existing positions continue unaffected.
2026-07-12 00:09:13,HDFCBANK,HDFCBANK.NS,Intraday,REJECT,59,55,0,NONE ⚪,1,SIDEWAYS ↔️,"Score 55/100 and 1/4 strategies agree — signal is not strong enough for overnight hold, but may work as an intraday trade.",Portfolio risk gate: 🛑 Blocked: Intraday bucket drawdown: -20.4% (limit: -10.0%). Bucket paused — no new entries until losses recover. Existing positions continue unaffected.,❌ **HDFCBANK** REJECTED for Intraday | Score: 59/100 | Votes: 1/4 Reasons: Portfolio risk gate: 🛑 Blocked: Intraday bucket drawdown: -20.4% (limit: -10.0%). Bucket paused — no new entries until losses recover. Existing positions continue unaffected.
2026-07-12 00:09:17,ICICIBANK,ICICIBANK.NS,—,REJECT,0,51,0,NONE ⚪,1,SIDEWAYS ↔️,"Score 51/100, 1/4 strategies agree — signal is too weak for any bucket. Wait for a stronger setup.","Score 51/100, 1/4 strategies agree — signal is too weak for any bucket. Wait for a stronger setup.","No suitable bucket for ICICIBANK. Score 51/100, 1/4 strategies agree — signal is too weak for any bucket. Wait for a stronger setup."
2026-07-12 00:10:05,SBIN,SBIN.NS,Intraday,REJECT,43,55,1,NONE ⚪,1,SIDEWAYS ↔️,"Score 55/100 and 1/4 strategies agree — signal is not strong enough for overnight hold, but may work as an intraday trade.",Portfolio risk gate: 🛑 Blocked: Intraday bucket drawdown: -20.4% (limit: -10.0%). Bucket paused — no new entries until losses recover. Existing positions continue unaffected.,❌ **SBIN** REJECTED for Intraday | Score: 43/100 | Votes: 1/4 Reasons: Portfolio risk gate: 🛑 Blocked: Intraday bucket drawdown: -20.4% (limit: -10.0%). Bucket paused — no new entries until losses recover. Existing positions continue unaffected.
2026-07-12 00:10:52,BHARTIARTL,BHARTIARTL.NS,Intraday,REJECT,72,62,2,LOW 🟡,1,SIDEWAYS ↔️,"Score 62/100 and 1/4 strategies agree — signal is not strong enough for overnight hold, but may work as an intraday trade.",Portfolio risk gate: 🛑 Blocked: Intraday bucket drawdown: -20.4% (limit: -10.0%). Bucket paused — no new entries until losses recover. Existing positions continue unaffected.,❌ **BHARTIARTL** REJECTED for Intraday | Score: 72/100 | Votes: 1/4 Reasons: Portfolio risk gate: 🛑 Blocked: Intraday bucket drawdown: -20.4% (limit: -10.0%). Bucket paused — no new entries until losses recover. Existing positions continue unaffected.
2026-07-12 00:51:38,HDFCBANK,HDFCBANK.NS,Intraday,REJECT,59,55,0,NONE ⚪,1,SIDEWAYS ↔️,"Score 55/100 and 1/4 strategies agree — signal is not strong enough for overnight hold, but may work as an intraday trade.",Portfolio risk gate: 🛑 Blocked: Intraday bucket drawdown: -20.4% (limit: -10.0%). Bucket paused — no new entries until losses recover. Existing positions continue unaffected.,❌ **HDFCBANK** REJECTED for Intraday | Score: 59/100 | Votes: 1/4 Reasons: Portfolio risk gate: 🛑 Blocked: Intraday bucket drawdown: -20.4% (limit: -10.0%). Bucket paused — no new entries until losses recover. Existing positions continue unaffected.
2026-07-12 00:51:42,ICICIBANK,ICICIBANK.NS,—,REJECT,0,51,0,NONE ⚪,1,SIDEWAYS ↔️,"Score 51/100, 1/4 strategies agree — signal is too weak for any bucket. Wait for a stronger setup.","Score 51/100, 1/4 strategies agree — signal is too weak for any bucket. Wait for a stronger setup.","No suitable bucket for ICICIBANK. Score 51/100, 1/4 strategies agree — signal is too weak for any bucket. Wait for a stronger setup."
2026-07-12 00:52:29,SBIN,SBIN.NS,Intraday,REJECT,43,55,1,NONE ⚪,1,SIDEWAYS ↔️,"Score 55/100 and 1/4 strategies agree — signal is not strong enough for overnight hold, but may work as an intraday trade.",Portfolio risk gate: 🛑 Blocked: Intraday bucket drawdown: -20.4% (limit: -10.0%). Bucket paused — no new entries until losses recover. Existing positions continue unaffected.,❌ **SBIN** REJECTED for Intraday | Score: 43/100 | Votes: 1/4 Reasons: Portfolio risk gate: 🛑 Blocked: Intraday bucket drawdown: -20.4% (limit: -10.0%). Bucket paused — no new entries until losses recover. Existing positions continue unaffected.
2026-07-12 00:53:16,BHARTIARTL,BHARTIARTL.NS,Intraday,REJECT,72,62,2,LOW 🟡,1,SIDEWAYS ↔️,"Score 62/100 and 1/4 strategies agree — signal is not strong enough for overnight hold, but may work as an intraday trade.",Portfolio risk gate: 🛑 Blocked: Intraday bucket drawdown: -20.4% (limit: -10.0%). Bucket paused — no new entries until losses recover. Existing positions continue unaffected.,❌ **BHARTIARTL** REJECTED for Intraday | Score: 72/100 | Votes: 1/4 Reasons: Portfolio risk gate: 🛑 Blocked: Intraday bucket drawdown: -20.4% (limit: -10.0%). Bucket paused — no new entries until losses recover. Existing positions continue unaffected.
2026-07-13 00:07:32,HDFCBANK,HDFCBANK.NS,Intraday,REJECT,59,55,0,NONE ⚪,1,SIDEWAYS ↔️,"Score 55/100 and 1/4 strategies agree — signal is not strong enough for overnight hold, but may work as an intraday trade.",Portfolio risk gate: 🛑 Blocked: Intraday bucket drawdown: -20.4% (limit: -10.0%). Bucket paused — no new entries until losses recover. Existing positions continue unaffected.,❌ **HDFCBANK** REJECTED for Intraday | Score: 59/100 | Votes: 1/4 Reasons: Portfolio risk gate: 🛑 Blocked: Intraday bucket drawdown: -20.4% (limit: -10.0%). Bucket paused — no new entries until losses recover. Existing positions continue unaffected.
2026-07-13 00:07:34,ICICIBANK,ICICIBANK.NS,—,REJECT,0,51,0,NONE ⚪,1,SIDEWAYS ↔️,"Score 51/100, 1/4 strategies agree — signal is too weak for any bucket. Wait for a stronger setup.","Score 51/100, 1/4 strategies agree — signal is too weak for any bucket. Wait for a stronger setup.","No suitable bucket for ICICIBANK. Score 51/100, 1/4 strategies agree — signal is too weak for any bucket. Wait for a stronger setup."
2026-07-13 00:07:38,SBIN,SBIN.NS,Intraday,REJECT,43,55,1,NONE ⚪,1,SIDEWAYS ↔️,"Score 55/100 and 1/4 strategies agree — signal is not strong enough for overnight hold, but may work as an intraday trade.",Portfolio risk gate: 🛑 Blocked: Intraday bucket drawdown: -20.4% (limit: -10.0%). Bucket paused — no new entries until losses recover. Existing positions continue unaffected.,❌ **SBIN** REJECTED for Intraday | Score: 43/100 | Votes: 1/4 Reasons: Portfolio risk gate: 🛑 Blocked: Intraday bucket drawdown: -20.4% (limit: -10.0%). Bucket paused — no new entries until losses recover. Existing positions continue unaffected.
2026-07-13 00:07:42,BHARTIARTL,BHARTIARTL.NS,Intraday,REJECT,72,62,2,LOW 🟡,1,SIDEWAYS ↔️,"Score 62/100 and 1/4 strategies agree — signal is not strong enough for overnight hold, but may work as an intraday trade.",Portfolio risk gate: 🛑 Blocked: Intraday bucket drawdown: -20.4% (limit: -10.0%). Bucket paused — no new entries until losses recover. Existing positions continue unaffected.,❌ **BHARTIARTL** REJECTED for Intraday | Score: 72/100 | Votes: 1/4 Reasons: Portfolio risk gate: 🛑 Blocked: Intraday bucket drawdown: -20.4% (limit: -10.0%). Bucket paused — no new entries until losses recover. Existing positions continue unaffected.
2026-07-13 00:07:48,BAJFINANCE,BAJFINANCE.NS,Intraday,REJECT,59,57,0,NONE ⚪,1,SIDEWAYS ↔️,"Score 57/100 and 1/4 strategies agree — signal is not strong enough for overnight hold, but may work as an intraday trade.",Portfolio risk gate: 🛑 Blocked: Intraday bucket drawdown: -20.4% (limit: -10.0%). Bucket paused — no new entries until losses recover. Existing positions continue unaffected.,❌ **BAJFINANCE** REJECTED for Intraday | Score: 59/100 | Votes: 1/4 Reasons: Portfolio risk gate: 🛑 Blocked: Intraday bucket drawdown: -20.4% (limit: -10.0%). Bucket paused — no new entries until losses recover. Existing positions continue unaffected.
2026-07-13 00:08:02,TITAN,TITAN.NS,Intraday,REJECT,55,58,1,NONE ⚪,1,SIDEWAYS ↔️,"Score 58/100 and 1/4 strategies agree — signal is not strong enough for overnight hold, but may work as an intraday trade.",Portfolio risk gate: 🛑 Blocked: Intraday bucket drawdown: -20.4% (limit: -10.0%). Bucket paused — no new entries until losses recover. Existing positions continue unaffected.,❌ **TITAN** REJECTED for Intraday | Score: 55/100 | Votes: 1/4 Reasons: Portfolio risk gate: 🛑 Blocked: Intraday bucket drawdown: -20.4% (limit: -10.0%). Bucket paused — no new entries until losses recover. Existing positions continue unaffected.
2026-07-13 00:08:09,ULTRACEMCO,ULTRACEMCO.NS,Intraday,REJECT,57,58,1,NONE ⚪,1,SIDEWAYS ↔️,"Score 58/100 and 1/4 strategies agree — signal is not strong enough for overnight hold, but may work as an intraday trade.",Portfolio risk gate: 🛑 Blocked: Intraday bucket drawdown: -20.4% (limit: -10.0%). Bucket paused — no new entries until losses recover. Existing positions continue unaffected.,❌ **ULTRACEMCO** REJECTED for Intraday | Score: 57/100 | Votes: 1/4 Reasons: Portfolio risk gate: 🛑 Blocked: Intraday bucket drawdown: -20.4% (limit: -10.0%). Bucket paused — no new entries until losses recover. Existing positions continue unaffected.
2026-07-13 00:08:13,NESTLEIND,NESTLEIND.NS,Intraday,REJECT,49,56,1,NONE ⚪,1,SIDEWAYS ↔️,"Score 56/100 and 1/4 strategies agree — signal is not strong enough for overnight hold, but may work as an intraday trade.",Portfolio risk gate: 🛑 Blocked: Intraday bucket drawdown: -20.4% (limit: -10.0%). Bucket paused — no new entries until losses recover. Existing positions continue unaffected.,❌ **NESTLEIND** REJECTED for Intraday | Score: 49/100 | Votes: 1/4 Reasons: Portfolio risk gate: 🛑 Blocked: Intraday bucket drawdown: -20.4% (limit: -10.0%). Bucket paused — no new entries until losses recover. Existing positions continue unaffected.
2026-07-13 00:08:17,ADANIENT,ADANIENT.NS,Intraday,REJECT,55,60,2,LOW 🟡,1,SIDEWAYS ↔️,"Score 60/100 and 1/4 strategies agree — signal is not strong enough for overnight hold, but may work as an intraday trade.",Portfolio risk gate: 🛑 Blocked: Intraday bucket drawdown: -20.4% (limit: -10.0%). Bucket paused — no new entries until losses recover. Existing positions continue unaffected.,❌ **ADANIENT** REJECTED for Intraday | Score: 55/100 | Votes: 1/4 Reasons: Portfolio risk gate: 🛑 Blocked: Intraday bucket drawdown: -20.4% (limit: -10.0%). Bucket paused — no new entries until losses recover. Existing positions continue unaffected.
2026-07-13 00:08:20,ADANIPORTS,ADANIPORTS.NS,—,REJECT,0,52,0,NONE ⚪,1,SIDEWAYS ↔️,"Score 52/100, 1/4 strategies agree — signal is too weak for any bucket. Wait for a stronger setup.","Score 52/100, 1/4 strategies agree — signal is too weak for any bucket. Wait for a stronger setup.","No suitable bucket for ADANIPORTS. Score 52/100, 1/4 strategies agree — signal is too weak for any bucket. Wait for a stronger setup."
2026-07-13 00:08:26,ONGC,ONGC.NS,—,REJECT,0,50,0,NONE ⚪,1,SIDEWAYS ↔️,"Score 50/100, 1/4 strategies agree — signal is too weak for any bucket. Wait for a stronger setup.","Score 50/100, 1/4 strategies agree — signal is too weak for any bucket. Wait for a stronger setup.","No suitable bucket for ONGC. Score 50/100, 1/4 strategies agree — signal is too weak for any bucket. Wait for a stronger setup."
2026-07-13 00:08:30,TMCV,TMCV.NS,—,REJECT,0,52,0,NONE ⚪,1,SIDEWAYS ↔️,"Score 52/100, 1/4 strategies agree — signal is too weak for any bucket. Wait for a stronger setup.","Score 52/100, 1/4 strategies agree — signal is too weak for any bucket. Wait for a stronger setup.","No suitable bucket for TMCV. Score 52/100, 1/4 strategies agree — signal is too weak for any bucket. Wait for a stronger setup."
2026-07-13 00:08:37,HCLTECH,HCLTECH.NS,Intraday,REJECT,71,58,0,NONE ⚪,1,SIDEWAYS ↔️,"Score 58/100 and 1/4 strategies agree — signal is not strong enough for overnight hold, but may work as an intraday trade.",Portfolio risk gate: 🛑 Blocked: Intraday bucket drawdown: -20.4% (limit: -10.0%). Bucket paused — no new entries until losses recover. Existing positions continue unaffected.,❌ **HCLTECH** REJECTED for Intraday | Score: 71/100 | Votes: 1/4 Reasons: Portfolio risk gate: 🛑 Blocked: Intraday bucket drawdown: -20.4% (limit: -10.0%). Bucket paused — no new entries until losses recover. Existing positions continue unaffected.
2026-07-13 00:08:41,JSWSTEEL,JSWSTEEL.NS,Intraday,REJECT,63,57,1,NONE ⚪,2,SIDEWAYS ↔️,"Score 57/100 and 2/4 strategies agree — signal is not strong enough for overnight hold, but may work as an intraday trade.",Portfolio risk gate: 🛑 Blocked: Intraday bucket drawdown: -20.4% (limit: -10.0%). Bucket paused — no new entries until losses recover. Existing positions continue unaffected.,❌ **JSWSTEEL** REJECTED for Intraday | Score: 63/100 | Votes: 2/4 Reasons: Portfolio risk gate: 🛑 Blocked: Intraday bucket drawdown: -20.4% (limit: -10.0%). Bucket paused — no new entries until losses recover. Existing positions continue unaffected.
2026-07-13 00:08:50,M&M,M&M.NS,Intraday,REJECT,47,56,1,NONE ⚪,1,SIDEWAYS ↔️,"Score 56/100 and 1/4 strategies agree — signal is not strong enough for overnight hold, but may work as an intraday trade.",Portfolio risk gate: 🛑 Blocked: Intraday bucket drawdown: -20.4% (limit: -10.0%). Bucket paused — no new entries until losses recover. Existing positions continue unaffected.,❌ **M&M** REJECTED for Intraday | Score: 47/100 | Votes: 1/4 Reasons: Portfolio risk gate: 🛑 Blocked: Intraday bucket drawdown: -20.4% (limit: -10.0%). Bucket paused — no new entries until losses recover. Existing positions continue unaffected.
2026-07-13 00:08:54,Jindal Stainless,JSL.NS,Intraday,REJECT,66,58,1,NONE ⚪,2,SIDEWAYS ↔️,"Score 58/100 and 2/4 strategies agree — signal is not strong enough for overnight hold, but may work as an intraday trade.",Portfolio risk gate: 🛑 Blocked: Intraday bucket drawdown: -20.4% (limit: -10.0%). Bucket paused — no new entries until losses recover. Existing positions continue unaffected.,❌ **Jindal Stainless** REJECTED for Intraday | Score: 66/100 | Votes: 2/4 Reasons: Portfolio risk gate: 🛑 Blocked: Intraday bucket drawdown: -20.4% (limit: -10.0%). Bucket paused — no new entries until losses recover. Existing positions continue unaffected.
2026-07-13 00:09:11,TVS Motors,TVSMOTOR.NS,Intraday,REJECT,45,55,1,NONE ⚪,1,SIDEWAYS ↔️,"Score 55/100 and 1/4 strategies agree — signal is not strong enough for overnight hold, but may work as an intraday trade.",Portfolio risk gate: 🛑 Blocked: Intraday bucket drawdown: -20.4% (limit: -10.0%). Bucket paused — no new entries until losses recover. Existing positions continue unaffected.,❌ **TVS Motors** REJECTED for Intraday | Score: 45/100 | Votes: 1/4 Reasons: Portfolio risk gate: 🛑 Blocked: Intraday bucket drawdown: -20.4% (limit: -10.0%). Bucket paused — no new entries until losses recover. Existing positions continue unaffected.
2026-07-13 00:09:24,HAL,HAL.NS,Swing,REJECT,72,67,4,HIGH 🟢🟢,2,SIDEWAYS ↔️,"Score 67/100, 2/4 strategies agree, BUY signal — suited for a swing trade (days to weeks).",Portfolio risk gate: 🛑 Blocked: Swing bucket drawdown: -16.9% (limit: -10.0%). Bucket paused — no new entries until losses recover. Existing positions continue unaffected.,❌ **HAL** REJECTED for Swing | Score: 72/100 | Votes: 2/4 Reasons: Portfolio risk gate: 🛑 Blocked: Swing bucket drawdown: -16.9% (limit: -10.0%). Bucket paused — no new entries until losses recover. Existing positions continue unaffected.
2026-07-13 00:09:31,Oil India,OIL.NS,—,REJECT,0,50,0,NONE ⚪,1,SIDEWAYS ↔️,"Score 50/100, 1/4 strategies agree — signal is too weak for any bucket. Wait for a stronger setup.","Score 50/100, 1/4 strategies agree — signal is too weak for any bucket. Wait for a stronger setup.","No suitable bucket for Oil India. Score 50/100, 1/4 strategies agree — signal is too weak for any bucket. Wait for a stronger setup."
2026-07-13 00:09:39,SBILIFE,SBILIFE.NS,Intraday,REJECT,64,57,0,NONE ⚪,1,SIDEWAYS ↔️,"Score 57/100 and 1/4 strategies agree — signal is not strong enough for overnight hold, but may work as an intraday trade.",Portfolio risk gate: 🛑 Blocked: Intraday bucket drawdown: -20.4% (limit: -10.0%). Bucket paused — no new entries until losses recover. Existing positions continue unaffected.,❌ **SBILIFE** REJECTED for Intraday | Score: 64/100 | Votes: 1/4 Reasons: Portfolio risk gate: 🛑 Blocked: Intraday bucket drawdown: -20.4% (limit: -10.0%). Bucket paused — no new entries until losses recover. Existing positions continue unaffected.
2026-07-13 00:09:43,ICICIPRULI,ICICIPRULI.NS,Intraday,REJECT,73,61,2,LOW 🟡,1,SIDEWAYS ↔️,"Score 61/100 and 1/4 strategies agree — signal is not strong enough for overnight hold, but may work as an intraday trade.",Portfolio risk gate: 🛑 Blocked: Intraday bucket drawdown: -20.4% (limit: -10.0%). Bucket paused — no new entries until losses recover. Existing positions continue unaffected.,❌ **ICICIPRULI** REJECTED for Intraday | Score: 73/100 | Votes: 1/4 Reasons: Portfolio risk gate: 🛑 Blocked: Intraday bucket drawdown: -20.4% (limit: -10.0%). Bucket paused — no new entries until losses recover. Existing positions continue unaffected.
2026-07-13 00:09:47,DIVISLAB,DIVISLAB.NS,Intraday,REJECT,54,56,1,NONE ⚪,1,SIDEWAYS ↔️,"Score 56/100 and 1/4 strategies agree — signal is not strong enough for overnight hold, but may work as an intraday trade.",Portfolio risk gate: 🛑 Blocked: Intraday bucket drawdown: -20.4% (limit: -10.0%). Bucket paused — no new entries until losses recover. Existing positions continue unaffected.,❌ **DIVISLAB** REJECTED for Intraday | Score: 54/100 | Votes: 1/4 Reasons: Portfolio risk gate: 🛑 Blocked: Intraday bucket drawdown: -20.4% (limit: -10.0%). Bucket paused — no new entries until losses recover. Existing positions continue unaffected.
2026-07-13 00:09:50,PIDILITIND,PIDILITIND.NS,—,REJECT,0,53,0,NONE ⚪,1,SIDEWAYS ↔️,"Score 53/100, 1/4 strategies agree — signal is too weak for any bucket. Wait for a stronger setup.","Score 53/100, 1/4 strategies agree — signal is too weak for any bucket. Wait for a stronger setup.","No suitable bucket for PIDILITIND. Score 53/100, 1/4 strategies agree — signal is too weak for any bucket. Wait for a stronger setup."
2026-07-13 00:09:52,CIPLA,CIPLA.NS,—,REJECT,0,51,0,NONE ⚪,1,SIDEWAYS ↔️,"Score 51/100, 1/4 strategies agree — signal is too weak for any bucket. Wait for a stronger setup.","Score 51/100, 1/4 strategies agree — signal is too weak for any bucket. Wait for a stronger setup.","No suitable bucket for CIPLA. Score 51/100, 1/4 strategies agree — signal is too weak for any bucket. Wait for a stronger setup."
2026-07-13 00:09:58,BAJAJ-AUTO,BAJAJ-AUTO.NS,Intraday,REJECT,61,55,0,NONE ⚪,1,SIDEWAYS ↔️,"Score 55/100 and 1/4 strategies agree — signal is not strong enough for overnight hold, but may work as an intraday trade.",Portfolio risk gate: 🛑 Blocked: Intraday bucket drawdown: -20.4% (limit: -10.0%). Bucket paused — no new entries until losses recover. Existing positions continue unaffected.,❌ **BAJAJ-AUTO** REJECTED for Intraday | Score: 61/100 | Votes: 1/4 Reasons: Portfolio risk gate: 🛑 Blocked: Intraday bucket drawdown: -20.4% (limit: -10.0%). Bucket paused — no new entries until losses recover. Existing positions continue unaffected.
2026-07-13 00:10:01,HEROMOTOCO,HEROMOTOCO.NS,—,REJECT,0,53,0,NONE ⚪,1,SIDEWAYS ↔️,"Score 53/100, 1/4 strategies agree — signal is too weak for any bucket. Wait for a stronger setup.","Score 53/100, 1/4 strategies agree — signal is too weak for any bucket. Wait for a stronger setup.","No suitable bucket for HEROMOTOCO. Score 53/100, 1/4 strategies agree — signal is too weak for any bucket. Wait for a stronger setup."
2026-07-13 00:10:06,TATACONSUM,TATACONSUM.NS,—,REJECT,0,51,0,NONE ⚪,1,SIDEWAYS ↔️,"Score 51/100, 1/4 strategies agree — signal is too weak for any bucket. Wait for a stronger setup.","Score 51/100, 1/4 strategies agree — signal is too weak for any bucket. Wait for a stronger setup.","No suitable bucket for TATACONSUM. Score 51/100, 1/4 strategies agree — signal is too weak for any bucket. Wait for a stronger setup."
2026-07-13 00:10:08,BRITANNIA,BRITANNIA.NS,—,REJECT,0,54,0,NONE ⚪,1,SIDEWAYS ↔️,"Score 54/100, 1/4 strategies agree — signal is too weak for any bucket. Wait for a stronger setup.","Score 54/100, 1/4 strategies agree — signal is too weak for any bucket. Wait for a stronger setup.","No suitable bucket for BRITANNIA. Score 54/100, 1/4 strategies agree — signal is too weak for any bucket. Wait for a stronger setup."
2026-07-13 00:10:14,TECHM,TECHM.NS,Intraday,REJECT,60,57,1,NONE ⚪,1,SIDEWAYS ↔️,"Score 57/100 and 1/4 strategies agree — signal is not strong enough for overnight hold, but may work as an intraday trade.",Portfolio risk gate: 🛑 Blocked: Intraday bucket drawdown: -20.4% (limit: -10.0%). Bucket paused — no new entries until losses recover. Existing positions continue unaffected.,❌ **TECHM** REJECTED for Intraday | Score: 60/100 | Votes: 1/4 Reasons: Portfolio risk gate: 🛑 Blocked: Intraday bucket drawdown: -20.4% (limit: -10.0%). Bucket paused — no new entries until losses recover. Existing positions continue unaffected.
2026-07-13 00:10:25,CHOLAFIN,CHOLAFIN.NS,—,REJECT,0,53,0,NONE ⚪,1,SIDEWAYS ↔️,"Score 53/100, 1/4 strategies agree — signal is too weak for any bucket. Wait for a stronger setup.","Score 53/100, 1/4 strategies agree — signal is too weak for any bucket. Wait for a stronger setup.","No suitable bucket for CHOLAFIN. Score 53/100, 1/4 strategies agree — signal is too weak for any bucket. Wait for a stronger setup."
2026-07-13 00:10:35,IDFCFIRSTB,IDFCFIRSTB.NS,—,REJECT,0,54,0,NONE ⚪,1,SIDEWAYS ↔️,"Score 54/100, 1/4 strategies agree — signal is too weak for any bucket. Wait for a stronger setup.","Score 54/100, 1/4 strategies agree — signal is too weak for any bucket. Wait for a stronger setup.","No suitable bucket for IDFCFIRSTB. Score 54/100, 1/4 strategies agree — signal is too weak for any bucket. Wait for a stronger setup."
2026-07-13 00:10:40,FEDERALBNK,FEDERALBNK.NS,Intraday,REJECT,52,58,1,NONE ⚪,1,SIDEWAYS ↔️,"Score 58/100 and 1/4 strategies agree — signal is not strong enough for overnight hold, but may work as an intraday trade.",Portfolio risk gate: 🛑 Blocked: Intraday bucket drawdown: -20.4% (limit: -10.0%). Bucket paused — no new entries until losses recover. Existing positions continue unaffected.,❌ **FEDERALBNK** REJECTED for Intraday | Score: 52/100 | Votes: 1/4 Reasons: Portfolio risk gate: 🛑 Blocked: Intraday bucket drawdown: -20.4% (limit: -10.0%). Bucket paused — no new entries until losses recover. Existing positions continue unaffected.
2026-07-13 00:10:44,BANDHANBNK,BANDHANBNK.NS,Intraday,REJECT,54,59,3,MEDIUM 🟢,1,SIDEWAYS ↔️,"Score 59/100 and 1/4 strategies agree — signal is not strong enough for overnight hold, but may work as an intraday trade.",Portfolio risk gate: 🛑 Blocked: Intraday bucket drawdown: -20.4% (limit: -10.0%). Bucket paused — no new entries until losses recover. Existing positions continue unaffected.,❌ **BANDHANBNK** REJECTED for Intraday | Score: 54/100 | Votes: 1/4 Reasons: Portfolio risk gate: 🛑 Blocked: Intraday bucket drawdown: -20.4% (limit: -10.0%). Bucket paused — no new entries until losses recover. Existing positions continue unaffected.
2026-07-13 00:10:50,GRASIM,GRASIM.NS,Swing,REJECT,65,61,2,LOW 🟡,2,SIDEWAYS ↔️,"Score 61/100, 2/4 strategies agree, BUY signal — suited for a swing trade (days to weeks).",Portfolio risk gate: 🛑 Blocked: Swing bucket drawdown: -16.9% (limit: -10.0%). Bucket paused — no new entries until losses recover. Existing positions continue unaffected.,❌ **GRASIM** REJECTED for Swing | Score: 65/100 | Votes: 2/4 Reasons: Portfolio risk gate: 🛑 Blocked: Swing bucket drawdown: -16.9% (limit: -10.0%). Bucket paused — no new entries until losses recover. Existing positions continue unaffected.
2026-07-13 00:11:00,TORNTPOWER,TORNTPOWER.NS,Intraday,REJECT,66,56,0,NONE ⚪,1,SIDEWAYS ↔️,"Score 56/100 and 1/4 strategies agree — signal is not strong enough for overnight hold, but may work as an intraday trade.",Portfolio risk gate: 🛑 Blocked: Intraday bucket drawdown: -20.4% (limit: -10.0%). Bucket paused — no new entries until losses recover. Existing positions continue unaffected.,❌ **TORNTPOWER** REJECTED for Intraday | Score: 66/100 | Votes: 1/4 Reasons: Portfolio risk gate: 🛑 Blocked: Intraday bucket drawdown: -20.4% (limit: -10.0%). Bucket paused — no new entries until losses recover. Existing positions continue unaffected.
2026-07-13 00:11:07,MPHASIS,MPHASIS.NS,Intraday,REJECT,74,60,1,NONE ⚪,1,SIDEWAYS ↔️,"Score 60/100 and 1/4 strategies agree — signal is not strong enough for overnight hold, but may work as an intraday trade.",Portfolio risk gate: 🛑 Blocked: Intraday bucket drawdown: -20.4% (limit: -10.0%). Bucket paused — no new entries until losses recover. Existing positions continue unaffected.,❌ **MPHASIS** REJECTED for Intraday | Score: 74/100 | Votes: 1/4 Reasons: Portfolio risk gate: 🛑 Blocked: Intraday bucket drawdown: -20.4% (limit: -10.0%). Bucket paused — no new entries until losses recover. Existing positions continue unaffected.
2026-07-13 00:11:11,INDIGO,INDIGO.NS,—,REJECT,0,54,0,NONE ⚪,1,SIDEWAYS ↔️,"Score 54/100, 1/4 strategies agree — signal is too weak for any bucket. Wait for a stronger setup.","Score 54/100, 1/4 strategies agree — signal is too weak for any bucket. Wait for a stronger setup.","No suitable bucket for INDIGO. Score 54/100, 1/4 strategies agree — signal is too weak for any bucket. Wait for a stronger setup."
2026-07-13 00:11:13,ADANIGREEN,ADANIGREEN.NS,—,REJECT,0,54,0,NONE ⚪,1,SIDEWAYS ↔️,"Score 54/100, 1/4 strategies agree — signal is too weak for any bucket. Wait for a stronger setup.","Score 54/100, 1/4 strategies agree — signal is too weak for any bucket. Wait for a stronger setup.","No suitable bucket for ADANIGREEN. Score 54/100, 1/4 strategies agree — signal is too weak for any bucket. Wait for a stronger setup."
2026-07-13 00:11:22,HAVELLS,HAVELLS.NS,Intraday,REJECT,62,59,1,NONE ⚪,1,SIDEWAYS ↔️,"Score 59/100 and 1/4 strategies agree — signal is not strong enough for overnight hold, but may work as an intraday trade.",Portfolio risk gate: 🛑 Blocked: Intraday bucket drawdown: -20.4% (limit: -10.0%). Bucket paused — no new entries until losses recover. Existing positions continue unaffected.,❌ **HAVELLS** REJECTED for Intraday | Score: 62/100 | Votes: 1/4 Reasons: Portfolio risk gate: 🛑 Blocked: Intraday bucket drawdown: -20.4% (limit: -10.0%). Bucket paused — no new entries until losses recover. Existing positions continue unaffected.
2026-07-13 00:11:48,Gujarat Pipavav Port,GPPL.NS,Intraday,REJECT,56,58,2,LOW 🟡,2,SIDEWAYS ↔️,"Score 58/100 and 2/4 strategies agree — signal is not strong enough for overnight hold, but may work as an intraday trade.",Portfolio risk gate: 🛑 Blocked: Intraday bucket drawdown: -20.4% (limit: -10.0%). Bucket paused — no new entries until losses recover. Existing positions continue unaffected.,❌ **Gujarat Pipavav Port** REJECTED for Intraday | Score: 56/100 | Votes: 2/4 Reasons: Portfolio risk gate: 🛑 Blocked: Intraday bucket drawdown: -20.4% (limit: -10.0%). Bucket paused — no new entries until losses recover. Existing positions continue unaffected.
2026-07-13 00:11:52,Amara Raja Energy,ARE&M.NS,Intraday,REJECT,83,65,2,LOW 🟡,1,SIDEWAYS ↔️,"Score 65/100 and 1/4 strategies agree — signal is not strong enough for overnight hold, but may work as an intraday trade.",Portfolio risk gate: 🛑 Blocked: Intraday bucket drawdown: -20.4% (limit: -10.0%). Bucket paused — no new entries until losses recover. Existing positions continue unaffected.,❌ **Amara Raja Energy** REJECTED for Intraday | Score: 83/100 | Votes: 1/4 Reasons: Portfolio risk gate: 🛑 Blocked: Intraday bucket drawdown: -20.4% (limit: -10.0%). Bucket paused — no new entries until losses recover. Existing positions continue unaffected.
2026-07-13 00:11:57,Bank of India,BANKINDIA.NS,Intraday,REJECT,54,58,3,MEDIUM 🟢,1,SIDEWAYS ↔️,"Score 58/100 and 1/4 strategies agree — signal is not strong enough for overnight hold, but may work as an intraday trade.",Portfolio risk gate: 🛑 Blocked: Intraday bucket drawdown: -20.4% (limit: -10.0%). Bucket paused — no new entries until losses recover. Existing positions continue unaffected.,❌ **Bank of India** REJECTED for Intraday | Score: 54/100 | Votes: 1/4 Reasons: Portfolio risk gate: 🛑 Blocked: Intraday bucket drawdown: -20.4% (limit: -10.0%). Bucket paused — no new entries until losses recover. Existing positions continue unaffected.
2026-07-13 00:12:07,PERSISTENT,PERSISTENT.NS,Intraday,REJECT,68,56,2,LOW 🟡,1,SIDEWAYS ↔️,"Score 56/100 and 1/4 strategies agree — signal is not strong enough for overnight hold, but may work as an intraday trade.",Portfolio risk gate: 🛑 Blocked: Intraday bucket drawdown: -20.4% (limit: -10.0%). Bucket paused — no new entries until losses recover. Existing positions continue unaffected.,❌ **PERSISTENT** REJECTED for Intraday | Score: 68/100 | Votes: 1/4 Reasons: Portfolio risk gate: 🛑 Blocked: Intraday bucket drawdown: -20.4% (limit: -10.0%). Bucket paused — no new entries until losses recover. Existing positions continue unaffected.
2026-07-13 00:12:16,BPCL,BPCL.NS,—,REJECT,0,54,0,NONE ⚪,1,SIDEWAYS ↔️,"Score 54/100, 1/4 strategies agree — signal is too weak for any bucket. Wait for a stronger setup.","Score 54/100, 1/4 strategies agree — signal is too weak for any bucket. Wait for a stronger setup.","No suitable bucket for BPCL. Score 54/100, 1/4 strategies agree — signal is too weak for any bucket. Wait for a stronger setup."
2026-07-13 00:12:26,Delhivery,DELHIVERY.NS,Intraday,REJECT,83,63,1,NONE ⚪,1,SIDEWAYS ↔️,"Score 63/100 and 1/4 strategies agree — signal is not strong enough for overnight hold, but may work as an intraday trade.",Portfolio risk gate: 🛑 Blocked: Intraday bucket drawdown: -20.4% (limit: -10.0%). Bucket paused — no new entries until losses recover. Existing positions continue unaffected.,❌ **Delhivery** REJECTED for Intraday | Score: 83/100 | Votes: 1/4 Reasons: Portfolio risk gate: 🛑 Blocked: Intraday bucket drawdown: -20.4% (limit: -10.0%). Bucket paused — no new entries until losses recover. Existing positions continue unaffected.
2026-07-13 00:12:31,DEEPAKNTR,DEEPAKNTR.NS,—,REJECT,0,51,0,NONE ⚪,1,SIDEWAYS ↔️,"Score 51/100, 1/4 strategies agree — signal is too weak for any bucket. Wait for a stronger setup.","Score 51/100, 1/4 strategies agree — signal is too weak for any bucket. Wait for a stronger setup.","No suitable bucket for DEEPAKNTR. Score 51/100, 1/4 strategies agree — signal is too weak for any bucket. Wait for a stronger setup."
2026-07-13 00:12:35,DALBHARAT,DALBHARAT.NS,Intraday,REJECT,60,59,1,NONE ⚪,1,SIDEWAYS ↔️,"Score 59/100 and 1/4 strategies agree — signal is not strong enough for overnight hold, but may work as an intraday trade.",Portfolio risk gate: 🛑 Blocked: Intraday bucket drawdown: -20.4% (limit: -10.0%). Bucket paused — no new entries until losses recover. Existing positions continue unaffected.,❌ **DALBHARAT** REJECTED for Intraday | Score: 60/100 | Votes: 1/4 Reasons: Portfolio risk gate: 🛑 Blocked: Intraday bucket drawdown: -20.4% (limit: -10.0%). Bucket paused — no new entries until losses recover. Existing positions continue unaffected.
2026-07-13 00:12:45,BOSCHLTD,BOSCHLTD.NS,Intraday,REJECT,45,55,1,NONE ⚪,1,SIDEWAYS ↔️,"Score 55/100 and 1/4 strategies agree — signal is not strong enough for overnight hold, but may work as an intraday trade.",Portfolio risk gate: 🛑 Blocked: Intraday bucket drawdown: -20.4% (limit: -10.0%). Bucket paused — no new entries until losses recover. Existing positions continue unaffected.,❌ **BOSCHLTD** REJECTED for Intraday | Score: 45/100 | Votes: 1/4 Reasons: Portfolio risk gate: 🛑 Blocked: Intraday bucket drawdown: -20.4% (limit: -10.0%). Bucket paused — no new entries until losses recover. Existing positions continue unaffected.
2026-07-13 00:12:47,BIOCON,BIOCON.NS,—,REJECT,0,53,0,NONE ⚪,1,SIDEWAYS ↔️,"Score 53/100, 1/4 strategies agree — signal is too weak for any bucket. Wait for a stronger setup.","Score 53/100, 1/4 strategies agree — signal is too weak for any bucket. Wait for a stronger setup.","No suitable bucket for BIOCON. Score 53/100, 1/4 strategies agree — signal is too weak for any bucket. Wait for a stronger setup."
2026-07-13 00:12:52,BAJAJHLDNG,BAJAJHLDNG.NS,Intraday,REJECT,40,55,1,NONE ⚪,1,SIDEWAYS ↔️,"Score 55/100 and 1/4 strategies agree — signal is not strong enough for overnight hold, but may work as an intraday trade.",Portfolio risk gate: 🛑 Blocked: Intraday bucket drawdown: -20.4% (limit: -10.0%). Bucket paused — no new entries until losses recover. Existing positions continue unaffected.,❌ **BAJAJHLDNG** REJECTED for Intraday | Score: 40/100 | Votes: 1/4 Reasons: Portfolio risk gate: 🛑 Blocked: Intraday bucket drawdown: -20.4% (limit: -10.0%). Bucket paused — no new entries until losses recover. Existing positions continue unaffected.
2026-07-13 00:12:59,NHPC,NHPC.NS,Intraday,REJECT,54,55,0,NONE ⚪,1,SIDEWAYS ↔️,"Score 55/100 and 1/4 strategies agree — signal is not strong enough for overnight hold, but may work as an intraday trade.",Portfolio risk gate: 🛑 Blocked: Intraday bucket drawdown: -20.4% (limit: -10.0%). Bucket paused — no new entries until losses recover. Existing positions continue unaffected.,❌ **NHPC** REJECTED for Intraday | Score: 54/100 | Votes: 1/4 Reasons: Portfolio risk gate: 🛑 Blocked: Intraday bucket drawdown: -20.4% (limit: -10.0%). Bucket paused — no new entries until losses recover. Existing positions continue unaffected.
2026-07-13 00:13:07,DABUR,DABUR.NS,Intraday,REJECT,64,58,0,NONE ⚪,1,SIDEWAYS ↔️,"Score 58/100 and 1/4 strategies agree — signal is not strong enough for overnight hold, but may work as an intraday trade.",Portfolio risk gate: 🛑 Blocked: Intraday bucket drawdown: -20.4% (limit: -10.0%). Bucket paused — no new entries until losses recover. Existing positions continue unaffected.,❌ **DABUR** REJECTED for Intraday | Score: 64/100 | Votes: 1/4 Reasons: Portfolio risk gate: 🛑 Blocked: Intraday bucket drawdown: -20.4% (limit: -10.0%). Bucket paused — no new entries until losses recover. Existing positions continue unaffected.
2026-07-13 00:13:13,MARICO,MARICO.NS,Intraday,REJECT,56,58,1,NONE ⚪,1,SIDEWAYS ↔️,"Score 58/100 and 1/4 strategies agree — signal is not strong enough for overnight hold, but may work as an intraday trade.",Portfolio risk gate: 🛑 Blocked: Intraday bucket drawdown: -20.4% (limit: -10.0%). Bucket paused — no new entries until losses recover. Existing positions continue unaffected.,❌ **MARICO** REJECTED for Intraday | Score: 56/100 | Votes: 1/4 Reasons: Portfolio risk gate: 🛑 Blocked: Intraday bucket drawdown: -20.4% (limit: -10.0%). Bucket paused — no new entries until losses recover. Existing positions continue unaffected.
2026-07-13 00:13:17,AUROPHARMA,AUROPHARMA.NS,Intraday,REJECT,52,56,0,NONE ⚪,1,SIDEWAYS ↔️,"Score 56/100 and 1/4 strategies agree — signal is not strong enough for overnight hold, but may work as an intraday trade.",Portfolio risk gate: 🛑 Blocked: Intraday bucket drawdown: -20.4% (limit: -10.0%). Bucket paused — no new entries until losses recover. Existing positions continue unaffected.,❌ **AUROPHARMA** REJECTED for Intraday | Score: 52/100 | Votes: 1/4 Reasons: Portfolio risk gate: 🛑 Blocked: Intraday bucket drawdown: -20.4% (limit: -10.0%). Bucket paused — no new entries until losses recover. Existing positions continue unaffected.
2026-07-13 00:13:19,TATACHEM,TATACHEM.NS,—,REJECT,0,54,0,NONE ⚪,2,SIDEWAYS ↔️,"Score 54/100, 2/4 strategies agree — signal is too weak for any bucket. Wait for a stronger setup.","Score 54/100, 2/4 strategies agree — signal is too weak for any bucket. Wait for a stronger setup.","No suitable bucket for TATACHEM. Score 54/100, 2/4 strategies agree — signal is too weak for any bucket. Wait for a stronger setup."
2026-07-13 00:13:28,ACC,ACC.NS,Intraday,REJECT,64,57,0,NONE ⚪,1,SIDEWAYS ↔️,"Score 57/100 and 1/4 strategies agree — signal is not strong enough for overnight hold, but may work as an intraday trade.",Portfolio risk gate: 🛑 Blocked: Intraday bucket drawdown: -20.4% (limit: -10.0%). Bucket paused — no new entries until losses recover. Existing positions continue unaffected.,❌ **ACC** REJECTED for Intraday | Score: 64/100 | Votes: 1/4 Reasons: Portfolio risk gate: 🛑 Blocked: Intraday bucket drawdown: -20.4% (limit: -10.0%). Bucket paused — no new entries until losses recover. Existing positions continue unaffected.
2026-07-13 00:13:33,AMBUJACEM,AMBUJACEM.NS,Intraday,REJECT,61,55,0,NONE ⚪,1,SIDEWAYS ↔️,"Score 55/100 and 1/4 strategies agree — signal is not strong enough for overnight hold, but may work as an intraday trade.",Portfolio risk gate: 🛑 Blocked: Intraday bucket drawdown: -20.4% (limit: -10.0%). Bucket paused — no new entries until losses recover. Existing positions continue unaffected.,❌ **AMBUJACEM** REJECTED for Intraday | Score: 61/100 | Votes: 1/4 Reasons: Portfolio risk gate: 🛑 Blocked: Intraday bucket drawdown: -20.4% (limit: -10.0%). Bucket paused — no new entries until losses recover. Existing positions continue unaffected.
2026-07-13 00:13:45,AARTIIND,AARTIIND.NS,Intraday,REJECT,64,59,0,NONE ⚪,1,SIDEWAYS ↔️,"Score 59/100 and 1/4 strategies agree — signal is not strong enough for overnight hold, but may work as an intraday trade.",Portfolio risk gate: 🛑 Blocked: Intraday bucket drawdown: -20.4% (limit: -10.0%). Bucket paused — no new entries until losses recover. Existing positions continue unaffected.,❌ **AARTIIND** REJECTED for Intraday | Score: 64/100 | Votes: 1/4 Reasons: Portfolio risk gate: 🛑 Blocked: Intraday bucket drawdown: -20.4% (limit: -10.0%). Bucket paused — no new entries until losses recover. Existing positions continue unaffected.
2026-07-13 00:13:52,AFFLE INDIA,AFFLE.NS,Intraday,REJECT,66,58,1,NONE ⚪,2,SIDEWAYS ↔️,"Score 58/100 and 2/4 strategies agree — signal is not strong enough for overnight hold, but may work as an intraday trade.",Portfolio risk gate: 🛑 Blocked: Intraday bucket drawdown: -20.4% (limit: -10.0%). Bucket paused — no new entries until losses recover. Existing positions continue unaffected.,❌ **AFFLE INDIA** REJECTED for Intraday | Score: 66/100 | Votes: 2/4 Reasons: Portfolio risk gate: 🛑 Blocked: Intraday bucket drawdown: -20.4% (limit: -10.0%). Bucket paused — no new entries until losses recover. Existing positions continue unaffected.
2026-07-13 00:13:56,ESCORTS,ESCORTS.NS,—,REJECT,0,54,0,NONE ⚪,1,SIDEWAYS ↔️,"Score 54/100, 1/4 strategies agree — signal is too weak for any bucket. Wait for a stronger setup.","Score 54/100, 1/4 strategies agree — signal is too weak for any bucket. Wait for a stronger setup.","No suitable bucket for ESCORTS. Score 54/100, 1/4 strategies agree — signal is too weak for any bucket. Wait for a stronger setup."
2026-07-13 00:14:00,GLENMARK,GLENMARK.NS,Intraday,REJECT,72,58,1,NONE ⚪,1,SIDEWAYS ↔️,"Score 58/100 and 1/4 strategies agree — signal is not strong enough for overnight hold, but may work as an intraday trade.",Portfolio risk gate: 🛑 Blocked: Intraday bucket drawdown: -20.4% (limit: -10.0%). Bucket paused — no new entries until losses recover. Existing positions continue unaffected.,❌ **GLENMARK** REJECTED for Intraday | Score: 72/100 | Votes: 1/4 Reasons: Portfolio risk gate: 🛑 Blocked: Intraday bucket drawdown: -20.4% (limit: -10.0%). Bucket paused — no new entries until losses recover. Existing positions continue unaffected.
2026-07-13 00:14:05,JUBLFOOD,JUBLFOOD.NS,Intraday,REJECT,61,56,0,NONE ⚪,1,SIDEWAYS ↔️,"Score 56/100 and 1/4 strategies agree — signal is not strong enough for overnight hold, but may work as an intraday trade.",Portfolio risk gate: 🛑 Blocked: Intraday bucket drawdown: -20.4% (limit: -10.0%). Bucket paused — no new entries until losses recover. Existing positions continue unaffected.,❌ **JUBLFOOD** REJECTED for Intraday | Score: 61/100 | Votes: 1/4 Reasons: Portfolio risk gate: 🛑 Blocked: Intraday bucket drawdown: -20.4% (limit: -10.0%). Bucket paused — no new entries until losses recover. Existing positions continue unaffected.
2026-07-13 00:14:14,LICI,LICI.NS,Intraday,REJECT,71,63,1,NONE ⚪,1,SIDEWAYS ↔️,"Score 63/100 and 1/4 strategies agree — signal is not strong enough for overnight hold, but may work as an intraday trade.",Portfolio risk gate: 🛑 Blocked: Intraday bucket drawdown: -20.4% (limit: -10.0%). Bucket paused — no new entries until losses recover. Existing positions continue unaffected.,❌ **LICI** REJECTED for Intraday | Score: 71/100 | Votes: 1/4 Reasons: Portfolio risk gate: 🛑 Blocked: Intraday bucket drawdown: -20.4% (limit: -10.0%). Bucket paused — no new entries until losses recover. Existing positions continue unaffected.
2026-07-13 00:14:24,SBICARD,SBICARD.NS,—,REJECT,0,50,0,NONE ⚪,1,SIDEWAYS ↔️,"Score 50/100, 1/4 strategies agree — signal is too weak for any bucket. Wait for a stronger setup.","Score 50/100, 1/4 strategies agree — signal is too weak for any bucket. Wait for a stronger setup.","No suitable bucket for SBICARD. Score 50/100, 1/4 strategies agree — signal is too weak for any bucket. Wait for a stronger setup."
2026-07-13 00:14:32,RAMCOCEM,RAMCOCEM.NS,Intraday,REJECT,59,59,1,NONE ⚪,1,SIDEWAYS ↔️,"Score 59/100 and 1/4 strategies agree — signal is not strong enough for overnight hold, but may work as an intraday trade.",Portfolio risk gate: 🛑 Blocked: Intraday bucket drawdown: -20.4% (limit: -10.0%). Bucket paused — no new entries until losses recover. Existing positions continue unaffected.,❌ **RAMCOCEM** REJECTED for Intraday | Score: 59/100 | Votes: 1/4 Reasons: Portfolio risk gate: 🛑 Blocked: Intraday bucket drawdown: -20.4% (limit: -10.0%). Bucket paused — no new entries until losses recover. Existing positions continue unaffected.
2026-07-13 00:14:35,SRF,SRF.NS,—,REJECT,0,50,0,NONE ⚪,1,SIDEWAYS ↔️,"Score 50/100, 1/4 strategies agree — signal is too weak for any bucket. Wait for a stronger setup.","Score 50/100, 1/4 strategies agree — signal is too weak for any bucket. Wait for a stronger setup.","No suitable bucket for SRF. Score 50/100, 1/4 strategies agree — signal is too weak for any bucket. Wait for a stronger setup."
2026-07-13 00:14:39,SHREECEM,SHREECEM.NS,Intraday,REJECT,59,59,1,NONE ⚪,1,SIDEWAYS ↔️,"Score 59/100 and 1/4 strategies agree — signal is not strong enough for overnight hold, but may work as an intraday trade.",Portfolio risk gate: 🛑 Blocked: Intraday bucket drawdown: -20.4% (limit: -10.0%). Bucket paused — no new entries until losses recover. Existing positions continue unaffected.,❌ **SHREECEM** REJECTED for Intraday | Score: 59/100 | Votes: 1/4 Reasons: Portfolio risk gate: 🛑 Blocked: Intraday bucket drawdown: -20.4% (limit: -10.0%). Bucket paused — no new entries until losses recover. Existing positions continue unaffected.
2026-07-13 00:14:54,UNO MINDA,UNOMINDA.NS,Intraday,REJECT,69,62,1,NONE ⚪,1,SIDEWAYS ↔️,"Score 62/100 and 1/4 strategies agree — signal is not strong enough for overnight hold, but may work as an intraday trade.",Portfolio risk gate: 🛑 Blocked: Intraday bucket drawdown: -20.4% (limit: -10.0%). Bucket paused — no new entries until losses recover. Existing positions continue unaffected.,❌ **UNO MINDA** REJECTED for Intraday | Score: 69/100 | Votes: 1/4 Reasons: Portfolio risk gate: 🛑 Blocked: Intraday bucket drawdown: -20.4% (limit: -10.0%). Bucket paused — no new entries until losses recover. Existing positions continue unaffected.
2026-07-13 00:15:02,MFSL,MFSL.NS,—,REJECT,0,51,0,NONE ⚪,1,SIDEWAYS ↔️,"Score 51/100, 1/4 strategies agree — signal is too weak for any bucket. Wait for a stronger setup.","Score 51/100, 1/4 strategies agree — signal is too weak for any bucket. Wait for a stronger setup.","No suitable bucket for MFSL. Score 51/100, 1/4 strategies agree — signal is too weak for any bucket. Wait for a stronger setup."
2026-07-13 00:15:10,UNITDSPR,UNITDSPR.NS,Intraday,REJECT,52,56,1,NONE ⚪,1,SIDEWAYS ↔️,"Score 56/100 and 1/4 strategies agree — signal is not strong enough for overnight hold, but may work as an intraday trade.",Portfolio risk gate: 🛑 Blocked: Intraday bucket drawdown: -20.4% (limit: -10.0%). Bucket paused — no new entries until losses recover. Existing positions continue unaffected.,❌ **UNITDSPR** REJECTED for Intraday | Score: 52/100 | Votes: 1/4 Reasons: Portfolio risk gate: 🛑 Blocked: Intraday bucket drawdown: -20.4% (limit: -10.0%). Bucket paused — no new entries until losses recover. Existing positions continue unaffected.
2026-07-13 00:15:20,COFORGE,COFORGE.NS,Intraday,REJECT,49,57,1,NONE ⚪,1,SIDEWAYS ↔️,"Score 57/100 and 1/4 strategies agree — signal is not strong enough for overnight hold, but may work as an intraday trade.",Portfolio risk gate: 🛑 Blocked: Intraday bucket drawdown: -20.4% (limit: -10.0%). Bucket paused — no new entries until losses recover. Existing positions continue unaffected.,❌ **COFORGE** REJECTED for Intraday | Score: 49/100 | Votes: 1/4 Reasons: Portfolio risk gate: 🛑 Blocked: Intraday bucket drawdown: -20.4% (limit: -10.0%). Bucket paused — no new entries until losses recover. Existing positions continue unaffected.
2026-07-13 00:15:23,GMR AIRPORTS,GMRAIRPORT.NS,—,REJECT,0,53,0,NONE ⚪,1,SIDEWAYS ↔️,"Score 53/100, 1/4 strategies agree — signal is too weak for any bucket. Wait for a stronger setup.","Score 53/100, 1/4 strategies agree — signal is too weak for any bucket. Wait for a stronger setup.","No suitable bucket for GMR AIRPORTS. Score 53/100, 1/4 strategies agree — signal is too weak for any bucket. Wait for a stronger setup."
2026-07-13 00:15:27,INTELLECT DESIGN,INTELLECT.NS,Intraday,REJECT,52,56,2,LOW 🟡,1,SIDEWAYS ↔️,"Score 56/100 and 1/4 strategies agree — signal is not strong enough for overnight hold, but may work as an intraday trade.",Portfolio risk gate: 🛑 Blocked: Intraday bucket drawdown: -20.4% (limit: -10.0%). Bucket paused — no new entries until losses recover. Existing positions continue unaffected.,❌ **INTELLECT DESIGN** REJECTED for Intraday | Score: 52/100 | Votes: 1/4 Reasons: Portfolio risk gate: 🛑 Blocked: Intraday bucket drawdown: -20.4% (limit: -10.0%). Bucket paused — no new entries until losses recover. Existing positions continue unaffected.
2026-07-13 00:15:32,SONATA SOFTWARE,SONATSOFTW.NS,Intraday,REJECT,50,58,2,LOW 🟡,2,SIDEWAYS ↔️,"Score 58/100 and 2/4 strategies agree — signal is not strong enough for overnight hold, but may work as an intraday trade.",Portfolio risk gate: 🛑 Blocked: Intraday bucket drawdown: -20.4% (limit: -10.0%). Bucket paused — no new entries until losses recover. Existing positions continue unaffected.,❌ **SONATA SOFTWARE** REJECTED for Intraday | Score: 50/100 | Votes: 2/4 Reasons: Portfolio risk gate: 🛑 Blocked: Intraday bucket drawdown: -20.4% (limit: -10.0%). Bucket paused — no new entries until losses recover. Existing positions continue unaffected.
2026-07-13 00:15:36,MASTEK,MASTEK.NS,Swing,REJECT,74,63,3,MEDIUM 🟢,2,SIDEWAYS ↔️,"Score 63/100, 2/4 strategies agree, BUY signal — suited for a swing trade (days to weeks).",Portfolio risk gate: 🛑 Blocked: Swing bucket drawdown: -16.9% (limit: -10.0%). Bucket paused — no new entries until losses recover. Existing positions continue unaffected.,❌ **MASTEK** REJECTED for Swing | Score: 74/100 | Votes: 2/4 Reasons: Portfolio risk gate: 🛑 Blocked: Swing bucket drawdown: -16.9% (limit: -10.0%). Bucket paused — no new entries until losses recover. Existing positions continue unaffected.
2026-07-13 00:15:40,TANLA PLATFORMS,TANLA.NS,Intraday,REJECT,76,64,3,MEDIUM 🟢,1,SIDEWAYS ↔️,"Score 64/100 and 1/4 strategies agree — signal is not strong enough for overnight hold, but may work as an intraday trade.",Portfolio risk gate: 🛑 Blocked: Intraday bucket drawdown: -20.4% (limit: -10.0%). Bucket paused — no new entries until losses recover. Existing positions continue unaffected.,❌ **TANLA PLATFORMS** REJECTED for Intraday | Score: 76/100 | Votes: 1/4 Reasons: Portfolio risk gate: 🛑 Blocked: Intraday bucket drawdown: -20.4% (limit: -10.0%). Bucket paused — no new entries until losses recover. Existing positions continue unaffected.
2026-07-13 00:15:47,NEWGEN SOFTWARE,NEWGEN.NS,Swing,REJECT,74,67,4,HIGH 🟢🟢,3,SIDEWAYS ↔️,"Score 67/100, 3/4 strategies agree, BUY signal — suited for a swing trade (days to weeks).",Portfolio risk gate: 🛑 Blocked: Swing bucket drawdown: -16.9% (limit: -10.0%). Bucket paused — no new entries until losses recover. Existing positions continue unaffected.,❌ **NEWGEN SOFTWARE** REJECTED for Swing | Score: 74/100 | Votes: 3/4 Reasons: Portfolio risk gate: 🛑 Blocked: Swing bucket drawdown: -16.9% (limit: -10.0%). Bucket paused — no new entries until losses recover. Existing positions continue unaffected.
2026-07-13 00:15:51,LATENTVIEW,LATENTVIEW.NS,—,REJECT,0,52,0,NONE ⚪,1,SIDEWAYS ↔️,"Score 52/100, 1/4 strategies agree — signal is too weak for any bucket. Wait for a stronger setup.","Score 52/100, 1/4 strategies agree — signal is too weak for any bucket. Wait for a stronger setup.","No suitable bucket for LATENTVIEW. Score 52/100, 1/4 strategies agree — signal is too weak for any bucket. Wait for a stronger setup."
2026-07-13 00:15:55,JUST DIAL,JUSTDIAL.NS,Intraday,REJECT,81,67,3,MEDIUM 🟢,1,SIDEWAYS ↔️,"Score 67/100 and 1/4 strategies agree — signal is not strong enough for overnight hold, but may work as an intraday trade.",Portfolio risk gate: 🛑 Blocked: Intraday bucket drawdown: -20.4% (limit: -10.0%). Bucket paused — no new entries until losses recover. Existing positions continue unaffected.,❌ **JUST DIAL** REJECTED for Intraday | Score: 81/100 | Votes: 1/4 Reasons: Portfolio risk gate: 🛑 Blocked: Intraday bucket drawdown: -20.4% (limit: -10.0%). Bucket paused — no new entries until losses recover. Existing positions continue unaffected.
2026-07-13 00:16:00,ROUTE MOBILE,ROUTE.NS,Intraday,REJECT,54,59,1,NONE ⚪,1,SIDEWAYS ↔️,"Score 59/100 and 1/4 strategies agree — signal is not strong enough for overnight hold, but may work as an intraday trade.",Portfolio risk gate: 🛑 Blocked: Intraday bucket drawdown: -20.4% (limit: -10.0%). Bucket paused — no new entries until losses recover. Existing positions continue unaffected.,❌ **ROUTE MOBILE** REJECTED for Intraday | Score: 54/100 | Votes: 1/4 Reasons: Portfolio risk gate: 🛑 Blocked: Intraday bucket drawdown: -20.4% (limit: -10.0%). Bucket paused — no new entries until losses recover. Existing positions continue unaffected.
2026-07-13 00:16:03,NAZARA TECH,NAZARA.NS,—,REJECT,0,54,0,NONE ⚪,1,SIDEWAYS ↔️,"Score 54/100, 1/4 strategies agree — signal is too weak for any bucket. Wait for a stronger setup.","Score 54/100, 1/4 strategies agree — signal is too weak for any bucket. Wait for a stronger setup.","No suitable bucket for NAZARA TECH. Score 54/100, 1/4 strategies agree — signal is too weak for any bucket. Wait for a stronger setup."
2026-07-13 00:16:05,CARTRADE TECH,CARTRADE.NS,—,REJECT,0,54,0,NONE ⚪,1,SIDEWAYS ↔️,"Score 54/100, 1/4 strategies agree — signal is too weak for any bucket. Wait for a stronger setup.","Score 54/100, 1/4 strategies agree — signal is too weak for any bucket. Wait for a stronger setup.","No suitable bucket for CARTRADE TECH. Score 54/100, 1/4 strategies agree — signal is too weak for any bucket. Wait for a stronger setup."
2026-07-13 00:16:09,ZENSAR TECHNOLOGIES,ZENSARTECH.NS,Swing,REJECT,74,64,3,MEDIUM 🟢,2,SIDEWAYS ↔️,"Score 64/100, 2/4 strategies agree, BUY signal — suited for a swing trade (days to weeks).",Portfolio risk gate: 🛑 Blocked: Swing bucket drawdown: -16.9% (limit: -10.0%). Bucket paused — no new entries until losses recover. Existing positions continue unaffected.,❌ **ZENSAR TECHNOLOGIES** REJECTED for Swing | Score: 74/100 | Votes: 2/4 Reasons: Portfolio risk gate: 🛑 Blocked: Swing bucket drawdown: -16.9% (limit: -10.0%). Bucket paused — no new entries until losses recover. Existing positions continue unaffected.
2026-07-13 00:16:19,KARUR VYSYA BANK,KARURVYSYA.NS,Intraday,REJECT,71,63,1,NONE ⚪,1,SIDEWAYS ↔️,"Score 63/100 and 1/4 strategies agree — signal is not strong enough for overnight hold, but may work as an intraday trade.",Portfolio risk gate: 🛑 Blocked: Intraday bucket drawdown: -20.4% (limit: -10.0%). Bucket paused — no new entries until losses recover. Existing positions continue unaffected.,❌ **KARUR VYSYA BANK** REJECTED for Intraday | Score: 71/100 | Votes: 1/4 Reasons: Portfolio risk gate: 🛑 Blocked: Intraday bucket drawdown: -20.4% (limit: -10.0%). Bucket paused — no new entries until losses recover. Existing positions continue unaffected.
2026-07-13 00:16:24,RBL BANK,RBLBANK.NS,Intraday,REJECT,62,61,3,MEDIUM 🟢,1,SIDEWAYS ↔️,"Score 61/100 and 1/4 strategies agree — signal is not strong enough for overnight hold, but may work as an intraday trade.",Portfolio risk gate: 🛑 Blocked: Intraday bucket drawdown: -20.4% (limit: -10.0%). Bucket paused — no new entries until losses recover. Existing positions continue unaffected.,❌ **RBL BANK** REJECTED for Intraday | Score: 62/100 | Votes: 1/4 Reasons: Portfolio risk gate: 🛑 Blocked: Intraday bucket drawdown: -20.4% (limit: -10.0%). Bucket paused — no new entries until losses recover. Existing positions continue unaffected.
2026-07-13 00:16:26,DCB BANK,DCBBANK.NS,—,REJECT,0,54,0,NONE ⚪,1,SIDEWAYS ↔️,"Score 54/100, 1/4 strategies agree — signal is too weak for any bucket. Wait for a stronger setup.","Score 54/100, 1/4 strategies agree — signal is too weak for any bucket. Wait for a stronger setup.","No suitable bucket for DCB BANK. Score 54/100, 1/4 strategies agree — signal is too weak for any bucket. Wait for a stronger setup."
2026-07-13 00:16:31,CSB BANK,CSBBANK.NS,Intraday,REJECT,61,57,1,NONE ⚪,1,SIDEWAYS ↔️,"Score 57/100 and 1/4 strategies agree — signal is not strong enough for overnight hold, but may work as an intraday trade.",Portfolio risk gate: 🛑 Blocked: Intraday bucket drawdown: -20.4% (limit: -10.0%). Bucket paused — no new entries until losses recover. Existing positions continue unaffected.,❌ **CSB BANK** REJECTED for Intraday | Score: 61/100 | Votes: 1/4 Reasons: Portfolio risk gate: 🛑 Blocked: Intraday bucket drawdown: -20.4% (limit: -10.0%). Bucket paused — no new entries until losses recover. Existing positions continue unaffected.
2026-07-13 00:16:37,INDIAN OVERSEAS BANK,IOB.NS,Intraday,REJECT,49,55,1,NONE ⚪,1,SIDEWAYS ↔️,"Score 55/100 and 1/4 strategies agree — signal is not strong enough for overnight hold, but may work as an intraday trade.",Portfolio risk gate: 🛑 Blocked: Intraday bucket drawdown: -20.4% (limit: -10.0%). Bucket paused — no new entries until losses recover. Existing positions continue unaffected.,❌ **INDIAN OVERSEAS BANK** REJECTED for Intraday | Score: 49/100 | Votes: 1/4 Reasons: Portfolio risk gate: 🛑 Blocked: Intraday bucket drawdown: -20.4% (limit: -10.0%). Bucket paused — no new entries until losses recover. Existing positions continue unaffected.
